2026-03-25 08:25:46,762 INFO o.a.j.u.JMeterUtils: Setting Locale to en_EN
2026-03-25 08:25:46,794 INFO o.a.j.JMeter: Loading user properties from: C:\Program Files\apache-jmeter-5.6.3\bin\user.properties
2026-03-25 08:25:46,796 INFO o.a.j.JMeter: Loading system properties from: C:\Program Files\apache-jmeter-5.6.3\bin\system.properties
2026-03-25 08:25:46,803 INFO o.a.j.JMeter: Copyright (c) 1998-2024 The Apache Software Foundation
2026-03-25 08:25:46,803 INFO o.a.j.JMeter: Version 5.6.3
2026-03-25 08:25:46,803 INFO o.a.j.JMeter: java.version=21.0.10
2026-03-25 08:25:46,803 INFO o.a.j.JMeter: java.vm.name=Java HotSpot(TM) 64-Bit Server VM
2026-03-25 08:25:46,804 INFO o.a.j.JMeter: os.name=Windows 11
2026-03-25 08:25:46,804 INFO o.a.j.JMeter: os.arch=amd64
2026-03-25 08:25:46,804 INFO o.a.j.JMeter: os.version=10.0
2026-03-25 08:25:46,804 INFO o.a.j.JMeter: file.encoding=UTF-8
2026-03-25 08:25:46,804 INFO o.a.j.JMeter: java.awt.headless=null
2026-03-25 08:25:46,804 INFO o.a.j.JMeter: Max memory     =1073741824
2026-03-25 08:25:46,804 INFO o.a.j.JMeter: Available Processors =12
2026-03-25 08:25:46,817 INFO o.a.j.JMeter: Default Locale=English (EN)
2026-03-25 08:25:46,817 INFO o.a.j.JMeter: JMeter  Locale=English (EN)
2026-03-25 08:25:46,817 INFO o.a.j.JMeter: JMeterHome=C:\Program Files\apache-jmeter-5.6.3
2026-03-25 08:25:46,817 INFO o.a.j.JMeter: user.dir  =C:\Users\charl\projects\spring-petclinic-microservices
2026-03-25 08:25:46,818 INFO o.a.j.JMeter: PWD       =C:\Users\charl\projects\spring-petclinic-microservices
2026-03-25 08:25:46,819 INFO o.a.j.JMeter: IP: 10.0.0.245 Name: Adomako FullName: Adomako
2026-03-25 08:25:46,843 INFO o.a.j.JMeter: Loaded icon properties from org/apache/jmeter/images/icon.properties
2026-03-25 08:25:47,360 INFO o.a.j.JMeterGuiLauncher: Setting LAF to: com.github.weisj.darklaf.DarkLaf:com.github.weisj.darklaf.theme.DarculaTheme
2026-03-25 08:26:36,781 INFO o.a.j.s.FileServer: Default base='C:\Users\charl\projects\spring-petclinic-microservices'
2026-03-25 08:26:36,781 INFO o.a.j.g.a.Load: Loading file: C:\Users\charl\projects\spring-petclinic-microservices\jmeter\petclinic_full_scenario.jmx
2026-03-25 08:26:36,781 INFO o.a.j.s.FileServer: Set new base='C:\Users\charl\projects\spring-petclinic-microservices\jmeter'
2026-03-25 08:26:37,075 INFO o.a.j.s.SaveService: Testplan (JMX) version: 2.2. Testlog (JTL) version: 2.2
2026-03-25 08:26:37,124 INFO o.a.j.s.SaveService: Using SaveService properties version 5.0
2026-03-25 08:26:37,126 INFO o.a.j.s.SaveService: Using SaveService properties file encoding UTF-8
2026-03-25 08:26:37,128 INFO o.a.j.s.SaveService: Loading file: C:\Users\charl\projects\spring-petclinic-microservices\jmeter\petclinic_full_scenario.jmx
2026-03-25 08:26:37,157 INFO o.a.j.p.h.c.CookieManager: Settings: Delete null: true Check: true Allow variable: true Save: false Prefix: COOKIE_
2026-03-25 08:26:37,163 INFO o.a.j.p.h.s.HTTPSamplerBase: Parser for text/html is org.apache.jmeter.protocol.http.parser.LagartoBasedHtmlParser
2026-03-25 08:26:37,163 INFO o.a.j.p.h.s.HTTPSamplerBase: Parser for application/xhtml+xml is org.apache.jmeter.protocol.http.parser.LagartoBasedHtmlParser
2026-03-25 08:26:37,163 INFO o.a.j.p.h.s.HTTPSamplerBase: Parser for application/xml is org.apache.jmeter.protocol.http.parser.LagartoBasedHtmlParser
2026-03-25 08:26:37,163 INFO o.a.j.p.h.s.HTTPSamplerBase: Parser for text/xml is org.apache.jmeter.protocol.http.parser.LagartoBasedHtmlParser
2026-03-25 08:26:37,164 INFO o.a.j.p.h.s.HTTPSamplerBase: Parser for text/vnd.wap.wml is org.apache.jmeter.protocol.http.parser.RegexpHTMLParser
2026-03-25 08:26:37,164 INFO o.a.j.p.h.s.HTTPSamplerBase: Parser for text/css is org.apache.jmeter.protocol.http.parser.CssParser
2026-03-25 08:26:37,658 INFO o.a.j.s.FileServer: Set new base='C:\Users\charl\projects\spring-petclinic-microservices\jmeter'
2026-03-25 08:29:08,453 WARN o.a.j.r.ResultCollector: C:\Users\charl\projects\spring-petclinic-microservices\results\experiment-2\Exp2_JMeter_Chaos.jtl is empty
2026-03-25 08:47:08,736 ERROR o.a.j.g.a.Save: Could not backup file! Backup directory does not exist, is not a directory or could not be created ! <C:\Program Files\apache-jmeter-5.6.3\backups>
2026-03-25 09:03:05,816 INFO o.a.j.e.StandardJMeterEngine: Running the test!
2026-03-25 09:03:05,820 INFO o.a.j.s.SampleEvent: List of sample_variables: []
2026-03-25 09:03:05,821 INFO o.a.j.s.SampleEvent: List of sample_variables: []
2026-03-25 09:03:05,826 INFO o.a.j.e.u.CompoundVariable: Note: Function class names must contain the string: '.functions.'
2026-03-25 09:03:05,826 INFO o.a.j.e.u.CompoundVariable: Note: Function class names must not contain the string: '.gui.'
2026-03-25 09:03:05,979 INFO o.a.j.g.u.JMeterMenuBar: setRunning(true, *local*)
2026-03-25 09:03:06,121 INFO o.a.j.e.StandardJMeterEngine: Starting ThreadGroup: 1 : MainUserLoad
2026-03-25 09:03:06,122 INFO o.a.j.e.StandardJMeterEngine: Starting 1000 threads for group MainUserLoad.
2026-03-25 09:03:06,122 INFO o.a.j.e.StandardJMeterEngine: Thread will continue on error
2026-03-25 09:03:06,122 INFO o.a.j.t.ThreadGroup: Starting thread group... number=1 threads=1000 ramp-up=30 delayedStart=false
2026-03-25 09:03:06,135 INFO o.a.j.t.JMeterThread: Thread started: MainUserLoad 1-1
2026-03-25 09:03:06,157 INFO o.a.j.t.JMeterThread: Thread started: MainUserLoad 1-2
2026-03-25 09:03:06,182 INFO o.a.j.p.h.s.HTTPHCAbstractImpl: Local host = Adomako
2026-03-25 09:03:06,187 INFO o.a.j.t.JMeterThread: Thread started: MainUserLoad 1-3
2026-03-25 09:03:06,199 INFO o.a.j.p.h.s.HTTPHC4Impl: HTTP request retry count = 0
2026-03-25 09:03:06,202 INFO o.a.j.s.SampleResult: Note: Sample TimeStamps are START times
2026-03-25 09:03:06,202 INFO o.a.j.s.SampleResult: sampleresult.default.encoding is set to UTF-8
2026-03-25 09:03:06,203 INFO o.a.j.s.SampleResult: sampleresult.useNanoTime=true
2026-03-25 09:03:06,203 INFO o.a.j.s.SampleResult: sampleresult.nanoThreadSleep=5000
2026-03-25 09:03:06,217 INFO o.a.j.t.JMeterThread: Thread started: MainUserLoad 1-4
2026-03-25 09:03:06,246 INFO o.a.j.t.JMeterThread: Thread started: MainUserLoad 1-5
2026-03-25 09:03:06,276 INFO o.a.j.t.JMeterThread: Thread started: MainUserLoad 1-6
2026-03-25 09:03:06,308 INFO o.a.j.t.JMeterThread: Thread started: MainUserLoad 1-7
2026-03-25 09:03:06,341 INFO o.a.j.t.JMeterThread: Thread started: MainUserLoad 1-8
2026-03-25 09:03:06,368 INFO o.a.j.t.JMeterThread: Thread started: MainUserLoad 1-9
2026-03-25 09:03:06,397 INFO o.a.j.t.JMeterThread: Thread started: MainUserLoad 1-10
2026-03-25 09:03:06,428 INFO o.a.j.t.JMeterThread: Thread started: MainUserLoad 1-11
2026-03-25 09:03:06,456 INFO o.a.j.t.JMeterThread: Thread started: MainUserLoad 1-12
2026-03-25 09:03:06,487 INFO o.a.j.t.JMeterThread: Thread started: MainUserLoad 1-13
2026-03-25 09:03:06,516 INFO o.a.j.t.ThreadGroup: Started thread group number 1
2026-03-25 09:03:06,517 INFO o.a.j.e.StandardJMeterEngine: All thread groups have been started
2026-03-25 09:03:06,518 INFO o.a.j.t.JMeterThread: Thread started: MainUserLoad 1-14
2026-03-25 09:03:06,546 INFO o.a.j.t.JMeterThread: Thread started: MainUserLoad 1-15
2026-03-25 09:03:06,576 INFO o.a.j.t.JMeterThread: Thread started: MainUserLoad 1-16
2026-03-25 09:03:06,606 INFO o.a.j.t.JMeterThread: Thread started: MainUserLoad 1-17
2026-03-25 09:03:06,635 INFO o.a.j.t.JMeterThread: Thread started: MainUserLoad 1-18
2026-03-25 09:03:06,666 INFO o.a.j.t.JMeterThread: Thread started: MainUserLoad 1-19
2026-03-25 09:03:06,694 INFO o.a.j.t.JMeterThread: Thread started: MainUserLoad 1-20
2026-03-25 09:03:06,726 INFO o.a.j.t.JMeterThread: Thread started: MainUserLoad 1-21
2026-03-25 09:03:06,757 INFO o.a.j.t.JMeterThread: Thread started: MainUserLoad 1-22
2026-03-25 09:03:06,785 INFO o.a.j.t.JMeterThread: Thread started: MainUserLoad 1-23
2026-03-25 09:03:06,816 INFO o.a.j.t.JMeterThread: Thread started: MainUserLoad 1-24
2026-03-25 09:03:06,846 INFO o.a.j.t.JMeterThread: Thread started: MainUserLoad 1-25
2026-03-25 09:03:06,877 INFO o.a.j.t.JMeterThread: Thread started: MainUserLoad 1-26
2026-03-25 09:03:06,906 INFO o.a.j.t.JMeterThread: Thread started: MainUserLoad 1-27
2026-03-25 09:03:06,936 INFO o.a.j.t.JMeterThread: Thread started: MainUserLoad 1-28
2026-03-25 09:03:06,967 INFO o.a.j.t.JMeterThread: Thread started: MainUserLoad 1-29
2026-03-25 09:03:06,997 INFO o.a.j.t.JMeterThread: Thread started: MainUserLoad 1-30
2026-03-25 09:03:07,025 INFO o.a.j.t.JMeterThread: Thread started: MainUserLoad 1-31
2026-03-25 09:03:07,055 INFO o.a.j.t.JMeterThread: Thread started: MainUserLoad 1-32
2026-03-25 09:03:07,086 INFO o.a.j.t.JMeterThread: Thread started: MainUserLoad 1-33
2026-03-25 09:03:07,115 INFO o.a.j.t.JMeterThread: Thread started: MainUserLoad 1-34
2026-03-25 09:03:07,146 INFO o.a.j.t.JMeterThread: Thread started: MainUserLoad 1-35
2026-03-25 09:03:07,176 INFO o.a.j.t.JMeterThread: Thread started: MainUserLoad 1-36
2026-03-25 09:03:07,206 INFO o.a.j.t.JMeterThread: Thread started: MainUserLoad 1-37
2026-03-25 09:03:07,236 INFO o.a.j.t.JMeterThread: Thread started: MainUserLoad 1-38
2026-03-25 09:03:07,266 INFO o.a.j.t.JMeterThread: Thread started: MainUserLoad 1-39
2026-03-25 09:03:07,296 INFO o.a.j.t.JMeterThread: Thread started: MainUserLoad 1-40
2026-03-25 09:03:07,324 INFO o.a.j.t.JMeterThread: Thread started: MainUserLoad 1-41
2026-03-25 09:03:07,356 INFO o.a.j.t.JMeterThread: Thread started: MainUserLoad 1-42
2026-03-25 09:03:07,385 INFO o.a.j.t.JMeterThread: Thread started: MainUserLoad 1-43
2026-03-25 09:03:07,415 INFO o.a.j.t.JMeterThread: Thread started: MainUserLoad 1-44
2026-03-25 09:03:07,445 INFO o.a.j.t.JMeterThread: Thread started: MainUserLoad 1-45
2026-03-25 09:03:07,474 INFO o.a.j.t.JMeterThread: Thread started: MainUserLoad 1-46
2026-03-25 09:03:07,504 INFO o.a.j.t.JMeterThread: Thread started: MainUserLoad 1-47
2026-03-25 09:03:07,536 INFO o.a.j.t.JMeterThread: Thread started: MainUserLoad 1-48
2026-03-25 09:03:07,565 INFO o.a.j.t.JMeterThread: Thread started: MainUserLoad 1-49
2026-03-25 09:03:07,594 INFO o.a.j.t.JMeterThread: Thread started: MainUserLoad 1-50
2026-03-25 09:03:07,626 INFO o.a.j.t.JMeterThread: Thread started: MainUserLoad 1-51
2026-03-25 09:03:07,655 INFO o.a.j.t.JMeterThread: Thread started: MainUserLoad 1-52
2026-03-25 09:03:07,685 INFO o.a.j.t.JMeterThread: Thread started: MainUserLoad 1-53
2026-03-25 09:03:07,714 INFO o.a.j.t.JMeterThread: Thread started: MainUserLoad 1-54
2026-03-25 09:03:07,745 INFO o.a.j.t.JMeterThread: Thread started: MainUserLoad 1-55
2026-03-25 09:03:07,773 INFO o.a.j.t.JMeterThread: Thread started: MainUserLoad 1-56
2026-03-25 09:03:07,805 INFO o.a.j.t.JMeterThread: Thread started: MainUserLoad 1-57
2026-03-25 09:03:07,835 INFO o.a.j.t.JMeterThread: Thread started: MainUserLoad 1-58
2026-03-25 09:03:07,865 INFO o.a.j.t.JMeterThread: Thread started: MainUserLoad 1-59
2026-03-25 09:03:07,894 INFO o.a.j.t.JMeterThread: Thread started: MainUserLoad 1-60
2026-03-25 09:03:07,923 INFO o.a.j.t.JMeterThread: Thread started: MainUserLoad 1-61
2026-03-25 09:03:07,953 INFO o.a.j.t.JMeterThread: Thread started: MainUserLoad 1-62
2026-03-25 09:03:07,984 INFO o.a.j.t.JMeterThread: Thread started: MainUserLoad 1-63
2026-03-25 09:03:08,014 INFO o.a.j.t.JMeterThread: Thread started: MainUserLoad 1-64
2026-03-25 09:03:08,043 INFO o.a.j.t.JMeterThread: Thread started: MainUserLoad 1-65
2026-03-25 09:03:08,075 INFO o.a.j.t.JMeterThread: Thread started: MainUserLoad 1-66
2026-03-25 09:03:08,105 INFO o.a.j.t.JMeterThread: Thread started: MainUserLoad 1-67
2026-03-25 09:03:08,133 INFO o.a.j.t.JMeterThread: Thread started: MainUserLoad 1-68
2026-03-25 09:03:08,165 INFO o.a.j.t.JMeterThread: Thread started: MainUserLoad 1-69
2026-03-25 09:03:08,196 INFO o.a.j.t.JMeterThread: Thread started: MainUserLoad 1-70
2026-03-25 09:03:08,225 INFO o.a.j.t.JMeterThread: Thread started: MainUserLoad 1-71
2026-03-25 09:03:08,255 INFO o.a.j.t.JMeterThread: Thread started: MainUserLoad 1-72
2026-03-25 09:03:08,284 INFO o.a.j.t.JMeterThread: Thread started: MainUserLoad 1-73
2026-03-25 09:03:08,318 INFO o.a.j.t.JMeterThread: Thread started: MainUserLoad 1-74
2026-03-25 09:03:08,344 INFO o.a.j.t.JMeterThread: Thread started: MainUserLoad 1-75
2026-03-25 09:03:08,374 INFO o.a.j.t.JMeterThread: Thread started: MainUserLoad 1-76
2026-03-25 09:03:08,404 INFO o.a.j.t.JMeterThread: Thread started: MainUserLoad 1-77
2026-03-25 09:03:08,434 INFO o.a.j.t.JMeterThread: Thread started: MainUserLoad 1-78
2026-03-25 09:03:08,466 INFO o.a.j.t.JMeterThread: Thread started: MainUserLoad 1-79
2026-03-25 09:03:08,495 INFO o.a.j.t.JMeterThread: Thread started: MainUserLoad 1-80
2026-03-25 09:03:08,525 INFO o.a.j.t.JMeterThread: Thread started: MainUserLoad 1-81
2026-03-25 09:03:08,553 INFO o.a.j.t.JMeterThread: Thread started: MainUserLoad 1-82
2026-03-25 09:03:08,586 INFO o.a.j.t.JMeterThread: Thread started: MainUserLoad 1-83
2026-03-25 09:03:08,616 INFO o.a.j.t.JMeterThread: Thread started: MainUserLoad 1-84
2026-03-25 09:03:08,644 INFO o.a.j.t.JMeterThread: Thread started: MainUserLoad 1-85
2026-03-25 09:03:08,674 INFO o.a.j.t.JMeterThread: Thread started: MainUserLoad 1-86
2026-03-25 09:03:08,704 INFO o.a.j.t.JMeterThread: Thread started: MainUserLoad 1-87
2026-03-25 09:03:08,734 INFO o.a.j.t.JMeterThread: Thread started: MainUserLoad 1-88
2026-03-25 09:03:08,764 INFO o.a.j.t.JMeterThread: Thread started: MainUserLoad 1-89
2026-03-25 09:03:08,794 INFO o.a.j.t.JMeterThread: Thread started: MainUserLoad 1-90
2026-03-25 09:03:08,824 INFO o.a.j.t.JMeterThread: Thread started: MainUserLoad 1-91
2026-03-25 09:03:08,854 INFO o.a.j.t.JMeterThread: Thread started: MainUserLoad 1-92
2026-03-25 09:03:08,883 INFO o.a.j.t.JMeterThread: Thread started: MainUserLoad 1-93
2026-03-25 09:03:08,915 INFO o.a.j.t.JMeterThread: Thread started: MainUserLoad 1-94
2026-03-25 09:03:08,945 INFO o.a.j.t.JMeterThread: Thread started: MainUserLoad 1-95
2026-03-25 09:03:08,975 INFO o.a.j.t.JMeterThread: Thread started: MainUserLoad 1-96
2026-03-25 09:03:09,005 INFO o.a.j.t.JMeterThread: Thread started: MainUserLoad 1-97
2026-03-25 09:03:09,036 INFO o.a.j.t.JMeterThread: Thread started: MainUserLoad 1-98
2026-03-25 09:03:09,064 INFO o.a.j.t.JMeterThread: Thread started: MainUserLoad 1-99
2026-03-25 09:03:09,094 INFO o.a.j.t.JMeterThread: Thread started: MainUserLoad 1-100
2026-03-25 09:03:09,124 INFO o.a.j.t.JMeterThread: Thread started: MainUserLoad 1-101
2026-03-25 09:03:09,154 INFO o.a.j.t.JMeterThread: Thread started: MainUserLoad 1-102
2026-03-25 09:03:09,184 INFO o.a.j.t.JMeterThread: Thread started: MainUserLoad 1-103
2026-03-25 09:03:09,214 INFO o.a.j.t.JMeterThread: Thread started: MainUserLoad 1-104
2026-03-25 09:03:09,246 INFO o.a.j.t.JMeterThread: Thread started: MainUserLoad 1-105
2026-03-25 09:03:09,275 INFO o.a.j.t.JMeterThread: Thread started: MainUserLoad 1-106
2026-03-25 09:03:09,305 INFO o.a.j.t.JMeterThread: Thread started: MainUserLoad 1-107
2026-03-25 09:03:09,335 INFO o.a.j.t.JMeterThread: Thread started: MainUserLoad 1-108
2026-03-25 09:03:09,364 INFO o.a.j.t.JMeterThread: Thread started: MainUserLoad 1-109
2026-03-25 09:03:09,394 INFO o.a.j.t.JMeterThread: Thread started: MainUserLoad 1-110
2026-03-25 09:03:09,425 INFO o.a.j.t.JMeterThread: Thread started: MainUserLoad 1-111
2026-03-25 09:03:09,454 INFO o.a.j.t.JMeterThread: Thread started: MainUserLoad 1-112
2026-03-25 09:03:09,483 INFO o.a.j.t.JMeterThread: Thread started: MainUserLoad 1-113
2026-03-25 09:03:09,515 INFO o.a.j.t.JMeterThread: Thread started: MainUserLoad 1-114
2026-03-25 09:03:09,544 INFO o.a.j.t.JMeterThread: Thread started: MainUserLoad 1-115
2026-03-25 09:03:09,573 INFO o.a.j.t.JMeterThread: Thread started: MainUserLoad 1-116
2026-03-25 09:03:09,604 INFO o.a.j.t.JMeterThread: Thread started: MainUserLoad 1-117
2026-03-25 09:03:09,634 INFO o.a.j.t.JMeterThread: Thread started: MainUserLoad 1-118
2026-03-25 09:03:09,666 INFO o.a.j.t.JMeterThread: Thread started: MainUserLoad 1-119
2026-03-25 09:03:09,694 INFO o.a.j.t.JMeterThread: Thread started: MainUserLoad 1-120
2026-03-25 09:03:09,724 INFO o.a.j.t.JMeterThread: Thread started: MainUserLoad 1-121
2026-03-25 09:03:09,756 INFO o.a.j.t.JMeterThread: Thread started: MainUserLoad 1-122
2026-03-25 09:03:09,784 INFO o.a.j.t.JMeterThread: Thread started: MainUserLoad 1-123
2026-03-25 09:03:09,814 INFO o.a.j.t.JMeterThread: Thread started: MainUserLoad 1-124
2026-03-25 09:03:09,844 INFO o.a.j.t.JMeterThread: Thread started: MainUserLoad 1-125
2026-03-25 09:03:09,873 INFO o.a.j.t.JMeterThread: Thread started: MainUserLoad 1-126
2026-03-25 09:03:09,904 INFO o.a.j.t.JMeterThread: Thread started: MainUserLoad 1-127
2026-03-25 09:03:09,934 INFO o.a.j.t.JMeterThread: Thread started: MainUserLoad 1-128
2026-03-25 09:03:09,963 INFO o.a.j.t.JMeterThread: Thread started: MainUserLoad 1-129
2026-03-25 09:03:09,995 INFO o.a.j.t.JMeterThread: Thread started: MainUserLoad 1-130
2026-03-25 09:03:10,024 INFO o.a.j.t.JMeterThread: Thread started: MainUserLoad 1-131
2026-03-25 09:03:10,055 INFO o.a.j.t.JMeterThread: Thread started: MainUserLoad 1-132
2026-03-25 09:03:10,084 INFO o.a.j.t.JMeterThread: Thread started: MainUserLoad 1-133
2026-03-25 09:03:10,115 INFO o.a.j.t.JMeterThread: Thread started: MainUserLoad 1-134
2026-03-25 09:03:10,144 INFO o.a.j.t.JMeterThread: Thread started: MainUserLoad 1-135
2026-03-25 09:03:10,174 INFO o.a.j.t.JMeterThread: Thread started: MainUserLoad 1-136
2026-03-25 09:03:10,204 INFO o.a.j.t.JMeterThread: Thread started: MainUserLoad 1-137
2026-03-25 09:03:10,233 INFO o.a.j.t.JMeterThread: Thread started: MainUserLoad 1-138
2026-03-25 09:03:10,264 INFO o.a.j.t.JMeterThread: Thread started: MainUserLoad 1-139
2026-03-25 09:03:10,294 INFO o.a.j.t.JMeterThread: Thread started: MainUserLoad 1-140
2026-03-25 09:03:10,323 INFO o.a.j.t.JMeterThread: Thread started: MainUserLoad 1-141
2026-03-25 09:03:10,355 INFO o.a.j.t.JMeterThread: Thread started: MainUserLoad 1-142
2026-03-25 09:03:10,385 INFO o.a.j.t.JMeterThread: Thread started: MainUserLoad 1-143
2026-03-25 09:03:10,415 INFO o.a.j.t.JMeterThread: Thread started: MainUserLoad 1-144
2026-03-25 09:03:10,444 INFO o.a.j.t.JMeterThread: Thread started: MainUserLoad 1-145
2026-03-25 09:03:10,474 INFO o.a.j.t.JMeterThread: Thread started: MainUserLoad 1-146
2026-03-25 09:03:10,504 INFO o.a.j.t.JMeterThread: Thread started: MainUserLoad 1-147
2026-03-25 09:03:10,535 INFO o.a.j.t.JMeterThread: Thread started: MainUserLoad 1-148
2026-03-25 09:03:10,563 INFO o.a.j.t.JMeterThread: Thread started: MainUserLoad 1-149
2026-03-25 09:03:10,594 INFO o.a.j.t.JMeterThread: Thread started: MainUserLoad 1-150
2026-03-25 09:03:10,623 INFO o.a.j.t.JMeterThread: Thread started: MainUserLoad 1-151
2026-03-25 09:03:10,654 INFO o.a.j.t.JMeterThread: Thread started: MainUserLoad 1-152
2026-03-25 09:03:10,685 INFO o.a.j.t.JMeterThread: Thread started: MainUserLoad 1-153
2026-03-25 09:03:10,715 INFO o.a.j.t.JMeterThread: Thread started: MainUserLoad 1-154
2026-03-25 09:03:10,745 INFO o.a.j.t.JMeterThread: Thread started: MainUserLoad 1-155
2026-03-25 09:03:10,775 INFO o.a.j.t.JMeterThread: Thread started: MainUserLoad 1-156
2026-03-25 09:03:10,805 INFO o.a.j.t.JMeterThread: Thread started: MainUserLoad 1-157
2026-03-25 09:03:10,834 INFO o.a.j.t.JMeterThread: Thread started: MainUserLoad 1-158
2026-03-25 09:03:10,865 INFO o.a.j.t.JMeterThread: Thread started: MainUserLoad 1-159
2026-03-25 09:03:10,895 INFO o.a.j.t.JMeterThread: Thread started: MainUserLoad 1-160
2026-03-25 09:03:10,923 INFO o.a.j.t.JMeterThread: Thread started: MainUserLoad 1-161
2026-03-25 09:03:10,954 INFO o.a.j.t.JMeterThread: Thread started: MainUserLoad 1-162
2026-03-25 09:03:10,983 INFO o.a.j.t.JMeterThread: Thread started: MainUserLoad 1-163
2026-03-25 09:03:11,014 INFO o.a.j.t.JMeterThread: Thread started: MainUserLoad 1-164
2026-03-25 09:03:11,044 INFO o.a.j.t.JMeterThread: Thread started: MainUserLoad 1-165
2026-03-25 09:03:11,075 INFO o.a.j.t.JMeterThread: Thread started: MainUserLoad 1-166
2026-03-25 09:03:11,104 INFO o.a.j.t.JMeterThread: Thread started: MainUserLoad 1-167
2026-03-25 09:03:11,134 INFO o.a.j.t.JMeterThread: Thread started: MainUserLoad 1-168
2026-03-25 09:03:11,193 INFO o.a.j.t.JMeterThread: Thread started: MainUserLoad 1-169
2026-03-25 09:03:11,210 INFO o.a.j.t.JMeterThread: Thread started: MainUserLoad 1-170
2026-03-25 09:03:11,225 INFO o.a.j.t.JMeterThread: Thread started: MainUserLoad 1-171
2026-03-25 09:03:11,256 INFO o.a.j.t.JMeterThread: Thread started: MainUserLoad 1-172
2026-03-25 09:03:11,284 INFO o.a.j.t.JMeterThread: Thread started: MainUserLoad 1-173
2026-03-25 09:03:11,314 INFO o.a.j.t.JMeterThread: Thread started: MainUserLoad 1-174
2026-03-25 09:03:11,345 INFO o.a.j.t.JMeterThread: Thread started: MainUserLoad 1-175
2026-03-25 09:03:11,375 INFO o.a.j.t.JMeterThread: Thread started: MainUserLoad 1-176
2026-03-25 09:03:11,404 INFO o.a.j.t.JMeterThread: Thread started: MainUserLoad 1-177
2026-03-25 09:03:11,434 INFO o.a.j.t.JMeterThread: Thread started: MainUserLoad 1-178
2026-03-25 09:03:11,465 INFO o.a.j.t.JMeterThread: Thread started: MainUserLoad 1-179
2026-03-25 09:03:11,495 INFO o.a.j.t.JMeterThread: Thread started: MainUserLoad 1-180
2026-03-25 09:03:11,524 INFO o.a.j.t.JMeterThread: Thread started: MainUserLoad 1-181
2026-03-25 09:03:11,555 INFO o.a.j.t.JMeterThread: Thread started: MainUserLoad 1-182
2026-03-25 09:03:11,585 INFO o.a.j.t.JMeterThread: Thread started: MainUserLoad 1-183
2026-03-25 09:03:11,614 INFO o.a.j.t.JMeterThread: Thread started: MainUserLoad 1-184
2026-03-25 09:03:11,645 INFO o.a.j.t.JMeterThread: Thread started: MainUserLoad 1-185
2026-03-25 09:03:11,676 INFO o.a.j.t.JMeterThread: Thread started: MainUserLoad 1-186
2026-03-25 09:03:11,703 INFO o.a.j.t.JMeterThread: Thread started: MainUserLoad 1-187
2026-03-25 09:03:11,734 INFO o.a.j.t.JMeterThread: Thread started: MainUserLoad 1-188
2026-03-25 09:03:11,765 INFO o.a.j.t.JMeterThread: Thread started: MainUserLoad 1-189
2026-03-25 09:03:11,795 INFO o.a.j.t.JMeterThread: Thread started: MainUserLoad 1-190
2026-03-25 09:03:11,824 INFO o.a.j.t.JMeterThread: Thread started: MainUserLoad 1-191
2026-03-25 09:03:11,855 INFO o.a.j.t.JMeterThread: Thread started: MainUserLoad 1-192
2026-03-25 09:03:11,886 INFO o.a.j.t.JMeterThread: Thread started: MainUserLoad 1-193
2026-03-25 09:03:11,914 INFO o.a.j.t.JMeterThread: Thread started: MainUserLoad 1-194
2026-03-25 09:03:11,948 INFO o.a.j.t.JMeterThread: Thread started: MainUserLoad 1-195
2026-03-25 09:03:11,975 INFO o.a.j.t.JMeterThread: Thread started: MainUserLoad 1-196
2026-03-25 09:03:12,004 INFO o.a.j.t.JMeterThread: Thread started: MainUserLoad 1-197
2026-03-25 09:03:12,035 INFO o.a.j.t.JMeterThread: Thread started: MainUserLoad 1-198
2026-03-25 09:03:12,065 INFO o.a.j.t.JMeterThread: Thread started: MainUserLoad 1-199
2026-03-25 09:03:12,093 INFO o.a.j.t.JMeterThread: Thread started: MainUserLoad 1-200
2026-03-25 09:03:12,125 INFO o.a.j.t.JMeterThread: Thread started: MainUserLoad 1-201
2026-03-25 09:03:12,154 INFO o.a.j.t.JMeterThread: Thread started: MainUserLoad 1-202
2026-03-25 09:03:12,184 INFO o.a.j.t.JMeterThread: Thread started: MainUserLoad 1-203
2026-03-25 09:03:12,214 INFO o.a.j.t.JMeterThread: Thread started: MainUserLoad 1-204
2026-03-25 09:03:12,244 INFO o.a.j.t.JMeterThread: Thread started: MainUserLoad 1-205
2026-03-25 09:03:12,274 INFO o.a.j.t.JMeterThread: Thread started: MainUserLoad 1-206
2026-03-25 09:03:12,305 INFO o.a.j.t.JMeterThread: Thread started: MainUserLoad 1-207
2026-03-25 09:03:12,335 INFO o.a.j.t.JMeterThread: Thread started: MainUserLoad 1-208
2026-03-25 09:03:12,365 INFO o.a.j.t.JMeterThread: Thread started: MainUserLoad 1-209
2026-03-25 09:03:12,395 INFO o.a.j.t.JMeterThread: Thread started: MainUserLoad 1-210
2026-03-25 09:03:12,426 INFO o.a.j.t.JMeterThread: Thread started: MainUserLoad 1-211
2026-03-25 09:03:12,454 INFO o.a.j.t.JMeterThread: Thread started: MainUserLoad 1-212
2026-03-25 09:03:12,485 INFO o.a.j.t.JMeterThread: Thread started: MainUserLoad 1-213
2026-03-25 09:03:12,515 INFO o.a.j.t.JMeterThread: Thread started: MainUserLoad 1-214
2026-03-25 09:03:12,544 INFO o.a.j.t.JMeterThread: Thread started: MainUserLoad 1-215
2026-03-25 09:03:12,574 INFO o.a.j.t.JMeterThread: Thread started: MainUserLoad 1-216
2026-03-25 09:03:12,604 INFO o.a.j.t.JMeterThread: Thread started: MainUserLoad 1-217
2026-03-25 09:03:12,635 INFO o.a.j.t.JMeterThread: Thread started: MainUserLoad 1-218
2026-03-25 09:03:12,666 INFO o.a.j.t.JMeterThread: Thread started: MainUserLoad 1-219
2026-03-25 09:03:12,695 INFO o.a.j.t.JMeterThread: Thread started: MainUserLoad 1-220
2026-03-25 09:03:12,725 INFO o.a.j.t.JMeterThread: Thread started: MainUserLoad 1-221
2026-03-25 09:03:12,756 INFO o.a.j.t.JMeterThread: Thread started: MainUserLoad 1-222
2026-03-25 09:03:12,785 INFO o.a.j.t.JMeterThread: Thread started: MainUserLoad 1-223
2026-03-25 09:03:12,815 INFO o.a.j.t.JMeterThread: Thread started: MainUserLoad 1-224
2026-03-25 09:03:12,843 INFO o.a.j.t.JMeterThread: Thread started: MainUserLoad 1-225
2026-03-25 09:03:12,875 INFO o.a.j.t.JMeterThread: Thread started: MainUserLoad 1-226
2026-03-25 09:03:12,905 INFO o.a.j.t.JMeterThread: Thread started: MainUserLoad 1-227
2026-03-25 09:03:12,935 INFO o.a.j.t.JMeterThread: Thread started: MainUserLoad 1-228
2026-03-25 09:03:12,965 INFO o.a.j.t.JMeterThread: Thread started: MainUserLoad 1-229
2026-03-25 09:03:12,994 INFO o.a.j.t.JMeterThread: Thread started: MainUserLoad 1-230
2026-03-25 09:03:13,025 INFO o.a.j.t.JMeterThread: Thread started: MainUserLoad 1-231
2026-03-25 09:03:13,055 INFO o.a.j.t.JMeterThread: Thread started: MainUserLoad 1-232
2026-03-25 09:03:13,084 INFO o.a.j.t.JMeterThread: Thread started: MainUserLoad 1-233
2026-03-25 09:03:13,114 INFO o.a.j.t.JMeterThread: Thread started: MainUserLoad 1-234
2026-03-25 09:03:13,144 INFO o.a.j.t.JMeterThread: Thread started: MainUserLoad 1-235
2026-03-25 09:03:13,174 INFO o.a.j.t.JMeterThread: Thread started: MainUserLoad 1-236
2026-03-25 09:03:13,204 INFO o.a.j.t.JMeterThread: Thread started: MainUserLoad 1-237
2026-03-25 09:03:13,234 INFO o.a.j.t.JMeterThread: Thread started: MainUserLoad 1-238
2026-03-25 09:03:13,264 INFO o.a.j.t.JMeterThread: Thread started: MainUserLoad 1-239
2026-03-25 09:03:13,294 INFO o.a.j.t.JMeterThread: Thread started: MainUserLoad 1-240
2026-03-25 09:03:13,324 INFO o.a.j.t.JMeterThread: Thread started: MainUserLoad 1-241
2026-03-25 09:03:13,354 INFO o.a.j.t.JMeterThread: Thread started: MainUserLoad 1-242
2026-03-25 09:03:13,385 INFO o.a.j.t.JMeterThread: Thread started: MainUserLoad 1-243
2026-03-25 09:03:13,416 INFO o.a.j.t.JMeterThread: Thread started: MainUserLoad 1-244
2026-03-25 09:03:13,446 INFO o.a.j.t.JMeterThread: Thread started: MainUserLoad 1-245
2026-03-25 09:03:13,475 INFO o.a.j.t.JMeterThread: Thread started: MainUserLoad 1-246
2026-03-25 09:03:13,505 INFO o.a.j.t.JMeterThread: Thread started: MainUserLoad 1-247
2026-03-25 09:03:13,534 INFO o.a.j.t.JMeterThread: Thread started: MainUserLoad 1-248
2026-03-25 09:03:13,565 INFO o.a.j.t.JMeterThread: Thread started: MainUserLoad 1-249
2026-03-25 09:03:13,594 INFO o.a.j.t.JMeterThread: Thread started: MainUserLoad 1-250
2026-03-25 09:03:13,624 INFO o.a.j.t.JMeterThread: Thread started: MainUserLoad 1-251
2026-03-25 09:03:13,653 INFO o.a.j.t.JMeterThread: Thread started: MainUserLoad 1-252
2026-03-25 09:03:13,685 INFO o.a.j.t.JMeterThread: Thread started: MainUserLoad 1-253
2026-03-25 09:03:13,715 INFO o.a.j.t.JMeterThread: Thread started: MainUserLoad 1-254
2026-03-25 09:03:13,745 INFO o.a.j.t.JMeterThread: Thread started: MainUserLoad 1-255
2026-03-25 09:03:13,776 INFO o.a.j.t.JMeterThread: Thread started: MainUserLoad 1-256
2026-03-25 09:03:13,805 INFO o.a.j.t.JMeterThread: Thread started: MainUserLoad 1-257
2026-03-25 09:03:13,835 INFO o.a.j.t.JMeterThread: Thread started: MainUserLoad 1-258
2026-03-25 09:03:13,868 INFO o.a.j.t.JMeterThread: Thread started: MainUserLoad 1-259
2026-03-25 09:03:13,896 INFO o.a.j.t.JMeterThread: Thread started: MainUserLoad 1-260
2026-03-25 09:03:13,924 INFO o.a.j.t.JMeterThread: Thread started: MainUserLoad 1-261
2026-03-25 09:03:13,955 INFO o.a.j.t.JMeterThread: Thread started: MainUserLoad 1-262
2026-03-25 09:03:13,984 INFO o.a.j.t.JMeterThread: Thread started: MainUserLoad 1-263
2026-03-25 09:03:14,014 INFO o.a.j.t.JMeterThread: Thread started: MainUserLoad 1-264
2026-03-25 09:03:14,044 INFO o.a.j.t.JMeterThread: Thread started: MainUserLoad 1-265
2026-03-25 09:03:14,074 INFO o.a.j.t.JMeterThread: Thread started: MainUserLoad 1-266
2026-03-25 09:03:14,104 INFO o.a.j.t.JMeterThread: Thread started: MainUserLoad 1-267
2026-03-25 09:03:14,135 INFO o.a.j.t.JMeterThread: Thread started: MainUserLoad 1-268
2026-03-25 09:03:14,164 INFO o.a.j.t.JMeterThread: Thread started: MainUserLoad 1-269
2026-03-25 09:03:14,195 INFO o.a.j.t.JMeterThread: Thread started: MainUserLoad 1-270
2026-03-25 09:03:14,224 INFO o.a.j.t.JMeterThread: Thread started: MainUserLoad 1-271
2026-03-25 09:03:14,253 INFO o.a.j.t.JMeterThread: Thread started: MainUserLoad 1-272
2026-03-25 09:03:14,285 INFO o.a.j.t.JMeterThread: Thread started: MainUserLoad 1-273
2026-03-25 09:03:14,315 INFO o.a.j.t.JMeterThread: Thread started: MainUserLoad 1-274
2026-03-25 09:03:14,344 INFO o.a.j.t.JMeterThread: Thread started: MainUserLoad 1-275
2026-03-25 09:03:14,375 INFO o.a.j.t.JMeterThread: Thread started: MainUserLoad 1-276
2026-03-25 09:03:14,404 INFO o.a.j.t.JMeterThread: Thread started: MainUserLoad 1-277
2026-03-25 09:03:14,435 INFO o.a.j.t.JMeterThread: Thread started: MainUserLoad 1-278
2026-03-25 09:03:14,464 INFO o.a.j.t.JMeterThread: Thread started: MainUserLoad 1-279
2026-03-25 09:03:14,498 INFO o.a.j.t.JMeterThread: Thread started: MainUserLoad 1-280
2026-03-25 09:03:14,525 INFO o.a.j.t.JMeterThread: Thread started: MainUserLoad 1-281
2026-03-25 09:03:14,554 INFO o.a.j.t.JMeterThread: Thread started: MainUserLoad 1-282
2026-03-25 09:03:14,584 INFO o.a.j.t.JMeterThread: Thread started: MainUserLoad 1-283
2026-03-25 09:03:14,615 INFO o.a.j.t.JMeterThread: Thread started: MainUserLoad 1-284
2026-03-25 09:03:14,645 INFO o.a.j.t.JMeterThread: Thread started: MainUserLoad 1-285
2026-03-25 09:03:14,674 INFO o.a.j.t.JMeterThread: Thread started: MainUserLoad 1-286
2026-03-25 09:03:14,705 INFO o.a.j.t.JMeterThread: Thread started: MainUserLoad 1-287
2026-03-25 09:03:14,735 INFO o.a.j.t.JMeterThread: Thread started: MainUserLoad 1-288
2026-03-25 09:03:14,765 INFO o.a.j.t.JMeterThread: Thread started: MainUserLoad 1-289
2026-03-25 09:03:14,795 INFO o.a.j.t.JMeterThread: Thread started: MainUserLoad 1-290
2026-03-25 09:03:14,825 INFO o.a.j.t.JMeterThread: Thread started: MainUserLoad 1-291
2026-03-25 09:03:14,855 INFO o.a.j.t.JMeterThread: Thread started: MainUserLoad 1-292
2026-03-25 09:03:14,888 INFO o.a.j.t.JMeterThread: Thread started: MainUserLoad 1-293
2026-03-25 09:03:14,916 INFO o.a.j.t.JMeterThread: Thread started: MainUserLoad 1-294
2026-03-25 09:03:14,947 INFO o.a.j.t.JMeterThread: Thread started: MainUserLoad 1-295
2026-03-25 09:03:14,974 INFO o.a.j.t.JMeterThread: Thread started: MainUserLoad 1-296
2026-03-25 09:03:15,005 INFO o.a.j.t.JMeterThread: Thread started: MainUserLoad 1-297
2026-03-25 09:03:15,035 INFO o.a.j.t.JMeterThread: Thread started: MainUserLoad 1-298
2026-03-25 09:03:15,063 INFO o.a.j.t.JMeterThread: Thread started: MainUserLoad 1-299
2026-03-25 09:03:15,093 INFO o.a.j.t.JMeterThread: Thread started: MainUserLoad 1-300
2026-03-25 09:03:15,124 INFO o.a.j.t.JMeterThread: Thread started: MainUserLoad 1-301
2026-03-25 09:03:15,157 INFO o.a.j.t.JMeterThread: Thread started: MainUserLoad 1-302
2026-03-25 09:03:15,184 INFO o.a.j.t.JMeterThread: Thread started: MainUserLoad 1-303
2026-03-25 09:03:15,214 INFO o.a.j.t.JMeterThread: Thread started: MainUserLoad 1-304
2026-03-25 09:03:15,243 INFO o.a.j.t.JMeterThread: Thread started: MainUserLoad 1-305
2026-03-25 09:03:15,274 INFO o.a.j.t.JMeterThread: Thread started: MainUserLoad 1-306
2026-03-25 09:03:15,304 INFO o.a.j.t.JMeterThread: Thread started: MainUserLoad 1-307
2026-03-25 09:03:15,335 INFO o.a.j.t.JMeterThread: Thread started: MainUserLoad 1-308
2026-03-25 09:03:15,366 INFO o.a.j.t.JMeterThread: Thread started: MainUserLoad 1-309
2026-03-25 09:03:15,395 INFO o.a.j.t.JMeterThread: Thread started: MainUserLoad 1-310
2026-03-25 09:03:15,425 INFO o.a.j.t.JMeterThread: Thread started: MainUserLoad 1-311
2026-03-25 09:03:15,454 INFO o.a.j.t.JMeterThread: Thread started: MainUserLoad 1-312
2026-03-25 09:03:15,483 INFO o.a.j.t.JMeterThread: Thread started: MainUserLoad 1-313
2026-03-25 09:03:15,515 INFO o.a.j.t.JMeterThread: Thread started: MainUserLoad 1-314
2026-03-25 09:03:15,544 INFO o.a.j.t.JMeterThread: Thread started: MainUserLoad 1-315
2026-03-25 09:03:15,577 INFO o.a.j.t.JMeterThread: Thread started: MainUserLoad 1-316
2026-03-25 09:03:15,604 INFO o.a.j.t.JMeterThread: Thread started: MainUserLoad 1-317
2026-03-25 09:03:15,635 INFO o.a.j.t.JMeterThread: Thread started: MainUserLoad 1-318
2026-03-25 09:03:15,664 INFO o.a.j.t.JMeterThread: Thread started: MainUserLoad 1-319
2026-03-25 09:03:15,694 INFO o.a.j.t.JMeterThread: Thread started: MainUserLoad 1-320
2026-03-25 09:03:15,724 INFO o.a.j.t.JMeterThread: Thread started: MainUserLoad 1-321
2026-03-25 09:03:15,754 INFO o.a.j.t.JMeterThread: Thread started: MainUserLoad 1-322
2026-03-25 09:03:15,786 INFO o.a.j.t.JMeterThread: Thread started: MainUserLoad 1-323
2026-03-25 09:03:15,814 INFO o.a.j.t.JMeterThread: Thread started: MainUserLoad 1-324
2026-03-25 09:03:15,849 INFO o.a.j.t.JMeterThread: Thread started: MainUserLoad 1-325
2026-03-25 09:03:15,875 INFO o.a.j.t.JMeterThread: Thread started: MainUserLoad 1-326
2026-03-25 09:03:15,906 INFO o.a.j.t.JMeterThread: Thread started: MainUserLoad 1-327
2026-03-25 09:03:15,937 INFO o.a.j.t.JMeterThread: Thread started: MainUserLoad 1-328
2026-03-25 09:03:15,966 INFO o.a.j.t.JMeterThread: Thread started: MainUserLoad 1-329
2026-03-25 09:03:15,995 INFO o.a.j.t.JMeterThread: Thread started: MainUserLoad 1-330
2026-03-25 09:03:16,024 INFO o.a.j.t.JMeterThread: Thread started: MainUserLoad 1-331
2026-03-25 09:03:16,054 INFO o.a.j.t.JMeterThread: Thread started: MainUserLoad 1-332
2026-03-25 09:03:16,085 INFO o.a.j.t.JMeterThread: Thread started: MainUserLoad 1-333
2026-03-25 09:03:16,115 INFO o.a.j.t.JMeterThread: Thread started: MainUserLoad 1-334
2026-03-25 09:03:16,145 INFO o.a.j.t.JMeterThread: Thread started: MainUserLoad 1-335
2026-03-25 09:03:16,174 INFO o.a.j.t.JMeterThread: Thread started: MainUserLoad 1-336
2026-03-25 09:03:16,205 INFO o.a.j.t.JMeterThread: Thread started: MainUserLoad 1-337
2026-03-25 09:03:16,235 INFO o.a.j.t.JMeterThread: Thread started: MainUserLoad 1-338
2026-03-25 09:03:16,265 INFO o.a.j.t.JMeterThread: Thread started: MainUserLoad 1-339
2026-03-25 09:03:16,296 INFO o.a.j.t.JMeterThread: Thread started: MainUserLoad 1-340
2026-03-25 09:03:16,329 INFO o.a.j.t.JMeterThread: Thread started: MainUserLoad 1-341
2026-03-25 09:03:16,357 INFO o.a.j.t.JMeterThread: Thread started: MainUserLoad 1-342
2026-03-25 09:03:16,387 INFO o.a.j.t.JMeterThread: Thread started: MainUserLoad 1-343
2026-03-25 09:03:16,418 INFO o.a.j.t.JMeterThread: Thread started: MainUserLoad 1-344
2026-03-25 09:03:16,447 INFO o.a.j.t.JMeterThread: Thread started: MainUserLoad 1-345
2026-03-25 09:03:16,478 INFO o.a.j.t.JMeterThread: Thread started: MainUserLoad 1-346
2026-03-25 09:03:16,508 INFO o.a.j.t.JMeterThread: Thread started: MainUserLoad 1-347
2026-03-25 09:03:16,540 INFO o.a.j.t.JMeterThread: Thread started: MainUserLoad 1-348
2026-03-25 09:03:16,568 INFO o.a.j.t.JMeterThread: Thread started: MainUserLoad 1-349
2026-03-25 09:03:16,599 INFO o.a.j.t.JMeterThread: Thread started: MainUserLoad 1-350
2026-03-25 09:03:16,629 INFO o.a.j.t.JMeterThread: Thread started: MainUserLoad 1-351
2026-03-25 09:03:16,659 INFO o.a.j.t.JMeterThread: Thread started: MainUserLoad 1-352
2026-03-25 09:03:16,689 INFO o.a.j.t.JMeterThread: Thread started: MainUserLoad 1-353
2026-03-25 09:03:16,719 INFO o.a.j.t.JMeterThread: Thread started: MainUserLoad 1-354
2026-03-25 09:03:16,748 INFO o.a.j.t.JMeterThread: Thread started: MainUserLoad 1-355
2026-03-25 09:03:16,778 INFO o.a.j.t.JMeterThread: Thread started: MainUserLoad 1-356
2026-03-25 09:03:16,809 INFO o.a.j.t.JMeterThread: Thread started: MainUserLoad 1-357
2026-03-25 09:03:16,839 INFO o.a.j.t.JMeterThread: Thread started: MainUserLoad 1-358
2026-03-25 09:03:16,868 INFO o.a.j.t.JMeterThread: Thread started: MainUserLoad 1-359
2026-03-25 09:03:16,899 INFO o.a.j.t.JMeterThread: Thread started: MainUserLoad 1-360
2026-03-25 09:03:16,928 INFO o.a.j.t.JMeterThread: Thread started: MainUserLoad 1-361
2026-03-25 09:03:16,958 INFO o.a.j.t.JMeterThread: Thread started: MainUserLoad 1-362
2026-03-25 09:03:16,990 INFO o.a.j.t.JMeterThread: Thread started: MainUserLoad 1-363
2026-03-25 09:03:17,022 INFO o.a.j.t.JMeterThread: Thread started: MainUserLoad 1-364
2026-03-25 09:03:17,047 INFO o.a.j.t.JMeterThread: Thread started: MainUserLoad 1-365
2026-03-25 09:03:17,076 INFO o.a.j.t.JMeterThread: Thread started: MainUserLoad 1-366
2026-03-25 09:03:17,106 INFO o.a.j.t.JMeterThread: Thread started: MainUserLoad 1-367
2026-03-25 09:03:17,136 INFO o.a.j.t.JMeterThread: Thread started: MainUserLoad 1-368
2026-03-25 09:03:17,165 INFO o.a.j.t.JMeterThread: Thread started: MainUserLoad 1-369
2026-03-25 09:03:17,195 INFO o.a.j.t.JMeterThread: Thread started: MainUserLoad 1-370
2026-03-25 09:03:17,226 INFO o.a.j.t.JMeterThread: Thread started: MainUserLoad 1-371
2026-03-25 09:03:17,256 INFO o.a.j.t.JMeterThread: Thread started: MainUserLoad 1-372
2026-03-25 09:03:17,286 INFO o.a.j.t.JMeterThread: Thread started: MainUserLoad 1-373
2026-03-25 09:03:17,315 INFO o.a.j.t.JMeterThread: Thread started: MainUserLoad 1-374
2026-03-25 09:03:17,344 INFO o.a.j.t.JMeterThread: Thread started: MainUserLoad 1-375
2026-03-25 09:03:17,374 INFO o.a.j.t.JMeterThread: Thread started: MainUserLoad 1-376
2026-03-25 09:03:17,404 INFO o.a.j.t.JMeterThread: Thread started: MainUserLoad 1-377
2026-03-25 09:03:17,435 INFO o.a.j.t.JMeterThread: Thread started: MainUserLoad 1-378
2026-03-25 09:03:17,465 INFO o.a.j.t.JMeterThread: Thread started: MainUserLoad 1-379
2026-03-25 09:03:17,494 INFO o.a.j.t.JMeterThread: Thread started: MainUserLoad 1-380
2026-03-25 09:03:17,524 INFO o.a.j.t.JMeterThread: Thread started: MainUserLoad 1-381
2026-03-25 09:03:17,554 INFO o.a.j.t.JMeterThread: Thread started: MainUserLoad 1-382
2026-03-25 09:03:17,586 INFO o.a.j.t.JMeterThread: Thread started: MainUserLoad 1-383
2026-03-25 09:03:17,615 INFO o.a.j.t.JMeterThread: Thread started: MainUserLoad 1-384
2026-03-25 09:03:17,643 INFO o.a.j.t.JMeterThread: Thread started: MainUserLoad 1-385
2026-03-25 09:03:17,674 INFO o.a.j.t.JMeterThread: Thread started: MainUserLoad 1-386
2026-03-25 09:03:17,705 INFO o.a.j.t.JMeterThread: Thread started: MainUserLoad 1-387
2026-03-25 09:03:17,736 INFO o.a.j.t.JMeterThread: Thread started: MainUserLoad 1-388
2026-03-25 09:03:17,765 INFO o.a.j.t.JMeterThread: Thread started: MainUserLoad 1-389
2026-03-25 09:03:17,795 INFO o.a.j.t.JMeterThread: Thread started: MainUserLoad 1-390
2026-03-25 09:03:17,825 INFO o.a.j.t.JMeterThread: Thread started: MainUserLoad 1-391
2026-03-25 09:03:17,854 INFO o.a.j.t.JMeterThread: Thread started: MainUserLoad 1-392
2026-03-25 09:03:17,884 INFO o.a.j.t.JMeterThread: Thread started: MainUserLoad 1-393
2026-03-25 09:03:17,915 INFO o.a.j.t.JMeterThread: Thread started: MainUserLoad 1-394
2026-03-25 09:03:17,943 INFO o.a.j.t.JMeterThread: Thread started: MainUserLoad 1-395
2026-03-25 09:03:17,974 INFO o.a.j.t.JMeterThread: Thread started: MainUserLoad 1-396
2026-03-25 09:03:18,005 INFO o.a.j.t.JMeterThread: Thread started: MainUserLoad 1-397
2026-03-25 09:03:18,036 INFO o.a.j.t.JMeterThread: Thread started: MainUserLoad 1-398
2026-03-25 09:03:18,073 INFO o.a.j.t.JMeterThread: Thread started: MainUserLoad 1-399
2026-03-25 09:03:18,096 INFO o.a.j.t.JMeterThread: Thread started: MainUserLoad 1-400
2026-03-25 09:03:18,125 INFO o.a.j.t.JMeterThread: Thread started: MainUserLoad 1-401
2026-03-25 09:03:18,154 INFO o.a.j.t.JMeterThread: Thread started: MainUserLoad 1-402
2026-03-25 09:03:18,194 INFO o.a.j.t.JMeterThread: Thread started: MainUserLoad 1-403
2026-03-25 09:03:18,223 INFO o.a.j.t.JMeterThread: Thread started: MainUserLoad 1-404
2026-03-25 09:03:18,253 INFO o.a.j.t.JMeterThread: Thread started: MainUserLoad 1-405
2026-03-25 09:03:18,283 INFO o.a.j.t.JMeterThread: Thread started: MainUserLoad 1-406
2026-03-25 09:03:18,314 INFO o.a.j.t.JMeterThread: Thread started: MainUserLoad 1-407
2026-03-25 09:03:18,335 INFO o.a.j.t.JMeterThread: Thread started: MainUserLoad 1-408
2026-03-25 09:03:18,367 INFO o.a.j.t.JMeterThread: Thread started: MainUserLoad 1-409
2026-03-25 09:03:18,394 INFO o.a.j.t.JMeterThread: Thread started: MainUserLoad 1-410
2026-03-25 09:03:18,425 INFO o.a.j.t.JMeterThread: Thread started: MainUserLoad 1-411
2026-03-25 09:03:18,454 INFO o.a.j.t.JMeterThread: Thread started: MainUserLoad 1-412
2026-03-25 09:03:18,485 INFO o.a.j.t.JMeterThread: Thread started: MainUserLoad 1-413
2026-03-25 09:03:18,515 INFO o.a.j.t.JMeterThread: Thread started: MainUserLoad 1-414
2026-03-25 09:03:18,545 INFO o.a.j.t.JMeterThread: Thread started: MainUserLoad 1-415
2026-03-25 09:03:18,574 INFO o.a.j.t.JMeterThread: Thread started: MainUserLoad 1-416
2026-03-25 09:03:18,605 INFO o.a.j.t.JMeterThread: Thread started: MainUserLoad 1-417
2026-03-25 09:03:18,634 INFO o.a.j.t.JMeterThread: Thread started: MainUserLoad 1-418
2026-03-25 09:03:18,663 INFO o.a.j.t.JMeterThread: Thread started: MainUserLoad 1-419
2026-03-25 09:03:18,694 INFO o.a.j.t.JMeterThread: Thread started: MainUserLoad 1-420
2026-03-25 09:03:18,725 INFO o.a.j.t.JMeterThread: Thread started: MainUserLoad 1-421
2026-03-25 09:03:18,755 INFO o.a.j.t.JMeterThread: Thread started: MainUserLoad 1-422
2026-03-25 09:03:18,784 INFO o.a.j.t.JMeterThread: Thread started: MainUserLoad 1-423
2026-03-25 09:03:18,814 INFO o.a.j.t.JMeterThread: Thread started: MainUserLoad 1-424
2026-03-25 09:03:18,844 INFO o.a.j.t.JMeterThread: Thread started: MainUserLoad 1-425
2026-03-25 09:03:18,874 INFO o.a.j.t.JMeterThread: Thread started: MainUserLoad 1-426
2026-03-25 09:03:18,904 INFO o.a.j.t.JMeterThread: Thread started: MainUserLoad 1-427
2026-03-25 09:03:18,936 INFO o.a.j.t.JMeterThread: Thread started: MainUserLoad 1-428
2026-03-25 09:03:18,966 INFO o.a.j.t.JMeterThread: Thread started: MainUserLoad 1-429
2026-03-25 09:03:18,994 INFO o.a.j.t.JMeterThread: Thread started: MainUserLoad 1-430
2026-03-25 09:03:19,024 INFO o.a.j.t.JMeterThread: Thread started: MainUserLoad 1-431
2026-03-25 09:03:19,054 INFO o.a.j.t.JMeterThread: Thread started: MainUserLoad 1-432
2026-03-25 09:03:19,087 INFO o.a.j.t.JMeterThread: Thread started: MainUserLoad 1-433
2026-03-25 09:03:19,115 INFO o.a.j.t.JMeterThread: Thread started: MainUserLoad 1-434
2026-03-25 09:03:19,158 INFO o.a.j.t.JMeterThread: Thread started: MainUserLoad 1-435
2026-03-25 09:03:19,189 INFO o.a.j.t.JMeterThread: Thread started: MainUserLoad 1-436
2026-03-25 09:03:19,215 INFO o.a.j.t.JMeterThread: Thread started: MainUserLoad 1-437
2026-03-25 09:03:19,234 INFO o.a.j.t.JMeterThread: Thread started: MainUserLoad 1-438
2026-03-25 09:03:19,269 INFO o.a.j.t.JMeterThread: Thread started: MainUserLoad 1-439
2026-03-25 09:03:19,294 INFO o.a.j.t.JMeterThread: Thread started: MainUserLoad 1-440
2026-03-25 09:03:19,325 INFO o.a.j.t.JMeterThread: Thread started: MainUserLoad 1-441
2026-03-25 09:03:19,354 INFO o.a.j.t.JMeterThread: Thread started: MainUserLoad 1-442
2026-03-25 09:03:19,383 INFO o.a.j.t.JMeterThread: Thread started: MainUserLoad 1-443
2026-03-25 09:03:19,414 INFO o.a.j.t.JMeterThread: Thread started: MainUserLoad 1-444
2026-03-25 09:03:19,444 INFO o.a.j.t.JMeterThread: Thread started: MainUserLoad 1-445
2026-03-25 09:03:19,473 INFO o.a.j.t.JMeterThread: Thread started: MainUserLoad 1-446
2026-03-25 09:03:19,504 INFO o.a.j.t.JMeterThread: Thread started: MainUserLoad 1-447
2026-03-25 09:03:19,535 INFO o.a.j.t.JMeterThread: Thread started: MainUserLoad 1-448
2026-03-25 09:03:19,564 INFO o.a.j.t.JMeterThread: Thread started: MainUserLoad 1-449
2026-03-25 09:03:19,594 INFO o.a.j.t.JMeterThread: Thread started: MainUserLoad 1-450
2026-03-25 09:03:19,624 INFO o.a.j.t.JMeterThread: Thread started: MainUserLoad 1-451
2026-03-25 09:03:19,654 INFO o.a.j.t.JMeterThread: Thread started: MainUserLoad 1-452
2026-03-25 09:03:19,685 INFO o.a.j.t.JMeterThread: Thread started: MainUserLoad 1-453
2026-03-25 09:03:19,714 INFO o.a.j.t.JMeterThread: Thread started: MainUserLoad 1-454
2026-03-25 09:03:19,743 INFO o.a.j.t.JMeterThread: Thread started: MainUserLoad 1-455
2026-03-25 09:03:19,776 INFO o.a.j.t.JMeterThread: Thread started: MainUserLoad 1-456
2026-03-25 09:03:19,804 INFO o.a.j.t.JMeterThread: Thread started: MainUserLoad 1-457
2026-03-25 09:03:19,835 INFO o.a.j.t.JMeterThread: Thread started: MainUserLoad 1-458
2026-03-25 09:03:19,863 INFO o.a.j.t.JMeterThread: Thread started: MainUserLoad 1-459
2026-03-25 09:03:19,893 INFO o.a.j.t.JMeterThread: Thread started: MainUserLoad 1-460
2026-03-25 09:03:19,925 INFO o.a.j.t.JMeterThread: Thread started: MainUserLoad 1-461
2026-03-25 09:03:19,954 INFO o.a.j.t.JMeterThread: Thread started: MainUserLoad 1-462
2026-03-25 09:03:19,985 INFO o.a.j.t.JMeterThread: Thread started: MainUserLoad 1-463
2026-03-25 09:03:20,014 INFO o.a.j.t.JMeterThread: Thread started: MainUserLoad 1-464
2026-03-25 09:03:20,044 INFO o.a.j.t.JMeterThread: Thread started: MainUserLoad 1-465
2026-03-25 09:03:20,074 INFO o.a.j.t.JMeterThread: Thread started: MainUserLoad 1-466
2026-03-25 09:03:20,105 INFO o.a.j.t.JMeterThread: Thread started: MainUserLoad 1-467
2026-03-25 09:03:20,134 INFO o.a.j.t.JMeterThread: Thread started: MainUserLoad 1-468
2026-03-25 09:03:20,164 INFO o.a.j.t.JMeterThread: Thread started: MainUserLoad 1-469
2026-03-25 09:03:20,194 INFO o.a.j.t.JMeterThread: Thread started: MainUserLoad 1-470
2026-03-25 09:03:20,224 INFO o.a.j.t.JMeterThread: Thread started: MainUserLoad 1-471
2026-03-25 09:03:20,254 INFO o.a.j.t.JMeterThread: Thread started: MainUserLoad 1-472
2026-03-25 09:03:20,284 INFO o.a.j.t.JMeterThread: Thread started: MainUserLoad 1-473
2026-03-25 09:03:20,314 INFO o.a.j.t.JMeterThread: Thread started: MainUserLoad 1-474
2026-03-25 09:03:20,343 INFO o.a.j.t.JMeterThread: Thread started: MainUserLoad 1-475
2026-03-25 09:03:20,375 INFO o.a.j.t.JMeterThread: Thread started: MainUserLoad 1-476
2026-03-25 09:03:20,405 INFO o.a.j.t.JMeterThread: Thread started: MainUserLoad 1-477
2026-03-25 09:03:20,435 INFO o.a.j.t.JMeterThread: Thread started: MainUserLoad 1-478
2026-03-25 09:03:20,463 INFO o.a.j.t.JMeterThread: Thread started: MainUserLoad 1-479
2026-03-25 09:03:20,494 INFO o.a.j.t.JMeterThread: Thread started: MainUserLoad 1-480
2026-03-25 09:03:20,524 INFO o.a.j.t.JMeterThread: Thread started: MainUserLoad 1-481
2026-03-25 09:03:20,553 INFO o.a.j.t.JMeterThread: Thread started: MainUserLoad 1-482
2026-03-25 09:03:20,584 INFO o.a.j.t.JMeterThread: Thread started: MainUserLoad 1-483
2026-03-25 09:03:20,614 INFO o.a.j.t.JMeterThread: Thread started: MainUserLoad 1-484
2026-03-25 09:03:20,643 INFO o.a.j.t.JMeterThread: Thread started: MainUserLoad 1-485
2026-03-25 09:03:20,673 INFO o.a.j.t.JMeterThread: Thread started: MainUserLoad 1-486
2026-03-25 09:03:20,703 INFO o.a.j.t.JMeterThread: Thread started: MainUserLoad 1-487
2026-03-25 09:03:20,734 INFO o.a.j.t.JMeterThread: Thread started: MainUserLoad 1-488
2026-03-25 09:03:20,764 INFO o.a.j.t.JMeterThread: Thread started: MainUserLoad 1-489
2026-03-25 09:03:20,794 INFO o.a.j.t.JMeterThread: Thread started: MainUserLoad 1-490
2026-03-25 09:03:20,824 INFO o.a.j.t.JMeterThread: Thread started: MainUserLoad 1-491
2026-03-25 09:03:20,854 INFO o.a.j.t.JMeterThread: Thread started: MainUserLoad 1-492
2026-03-25 09:03:20,884 INFO o.a.j.t.JMeterThread: Thread started: MainUserLoad 1-493
2026-03-25 09:03:20,915 INFO o.a.j.t.JMeterThread: Thread started: MainUserLoad 1-494
2026-03-25 09:03:20,944 INFO o.a.j.t.JMeterThread: Thread started: MainUserLoad 1-495
2026-03-25 09:03:20,973 INFO o.a.j.t.JMeterThread: Thread started: MainUserLoad 1-496
2026-03-25 09:03:21,005 INFO o.a.j.t.JMeterThread: Thread started: MainUserLoad 1-497
2026-03-25 09:03:21,034 INFO o.a.j.t.JMeterThread: Thread started: MainUserLoad 1-498
2026-03-25 09:03:21,064 INFO o.a.j.t.JMeterThread: Thread started: MainUserLoad 1-499
2026-03-25 09:03:21,094 INFO o.a.j.t.JMeterThread: Thread started: MainUserLoad 1-500
2026-03-25 09:03:21,125 INFO o.a.j.t.JMeterThread: Thread started: MainUserLoad 1-501
2026-03-25 09:03:21,154 INFO o.a.j.t.JMeterThread: Thread started: MainUserLoad 1-502
2026-03-25 09:03:21,185 INFO o.a.j.t.JMeterThread: Thread started: MainUserLoad 1-503
2026-03-25 09:03:21,214 INFO o.a.j.t.JMeterThread: Thread started: MainUserLoad 1-504
2026-03-25 09:03:21,244 INFO o.a.j.t.JMeterThread: Thread started: MainUserLoad 1-505
2026-03-25 09:03:21,274 INFO o.a.j.t.JMeterThread: Thread started: MainUserLoad 1-506
2026-03-25 09:03:21,303 INFO o.a.j.t.JMeterThread: Thread started: MainUserLoad 1-507
2026-03-25 09:03:21,334 INFO o.a.j.t.JMeterThread: Thread started: MainUserLoad 1-508
2026-03-25 09:03:21,364 INFO o.a.j.t.JMeterThread: Thread started: MainUserLoad 1-509
2026-03-25 09:03:21,395 INFO o.a.j.t.JMeterThread: Thread started: MainUserLoad 1-510
2026-03-25 09:03:21,423 INFO o.a.j.t.JMeterThread: Thread started: MainUserLoad 1-511
2026-03-25 09:03:21,454 INFO o.a.j.t.JMeterThread: Thread started: MainUserLoad 1-512
2026-03-25 09:03:21,485 INFO o.a.j.t.JMeterThread: Thread started: MainUserLoad 1-513
2026-03-25 09:03:21,514 INFO o.a.j.t.JMeterThread: Thread started: MainUserLoad 1-514
2026-03-25 09:03:21,546 INFO o.a.j.t.JMeterThread: Thread started: MainUserLoad 1-515
2026-03-25 09:03:21,573 INFO o.a.j.t.JMeterThread: Thread started: MainUserLoad 1-516
2026-03-25 09:03:21,604 INFO o.a.j.t.JMeterThread: Thread started: MainUserLoad 1-517
2026-03-25 09:03:21,634 INFO o.a.j.t.JMeterThread: Thread started: MainUserLoad 1-518
2026-03-25 09:03:21,664 INFO o.a.j.t.JMeterThread: Thread started: MainUserLoad 1-519
2026-03-25 09:03:21,695 INFO o.a.j.t.JMeterThread: Thread started: MainUserLoad 1-520
2026-03-25 09:03:21,725 INFO o.a.j.t.JMeterThread: Thread started: MainUserLoad 1-521
2026-03-25 09:03:21,754 INFO o.a.j.t.JMeterThread: Thread started: MainUserLoad 1-522
2026-03-25 09:03:21,785 INFO o.a.j.t.JMeterThread: Thread started: MainUserLoad 1-523
2026-03-25 09:03:21,814 INFO o.a.j.t.JMeterThread: Thread started: MainUserLoad 1-524
2026-03-25 09:03:21,844 INFO o.a.j.t.JMeterThread: Thread started: MainUserLoad 1-525
2026-03-25 09:03:21,875 INFO o.a.j.t.JMeterThread: Thread started: MainUserLoad 1-526
2026-03-25 09:03:21,904 INFO o.a.j.t.JMeterThread: Thread started: MainUserLoad 1-527
2026-03-25 09:03:21,934 INFO o.a.j.t.JMeterThread: Thread started: MainUserLoad 1-528
2026-03-25 09:03:21,967 INFO o.a.j.t.JMeterThread: Thread started: MainUserLoad 1-529
2026-03-25 09:03:22,006 INFO o.a.j.t.JMeterThread: Thread started: MainUserLoad 1-530
2026-03-25 09:03:22,027 INFO o.a.j.t.JMeterThread: Thread started: MainUserLoad 1-531
2026-03-25 09:03:22,056 INFO o.a.j.t.JMeterThread: Thread started: MainUserLoad 1-532
2026-03-25 09:03:22,084 INFO o.a.j.t.JMeterThread: Thread started: MainUserLoad 1-533
2026-03-25 09:03:22,114 INFO o.a.j.t.JMeterThread: Thread started: MainUserLoad 1-534
2026-03-25 09:03:22,144 INFO o.a.j.t.JMeterThread: Thread started: MainUserLoad 1-535
2026-03-25 09:03:22,174 INFO o.a.j.t.JMeterThread: Thread started: MainUserLoad 1-536
2026-03-25 09:03:22,206 INFO o.a.j.t.JMeterThread: Thread started: MainUserLoad 1-537
2026-03-25 09:03:22,236 INFO o.a.j.t.JMeterThread: Thread started: MainUserLoad 1-538
2026-03-25 09:03:22,265 INFO o.a.j.t.JMeterThread: Thread started: MainUserLoad 1-539
2026-03-25 09:03:22,295 INFO o.a.j.t.JMeterThread: Thread started: MainUserLoad 1-540
2026-03-25 09:03:22,325 INFO o.a.j.t.JMeterThread: Thread started: MainUserLoad 1-541
2026-03-25 09:03:22,354 INFO o.a.j.t.JMeterThread: Thread started: MainUserLoad 1-542
2026-03-25 09:03:22,385 INFO o.a.j.t.JMeterThread: Thread started: MainUserLoad 1-543
2026-03-25 09:03:22,417 INFO o.a.j.t.JMeterThread: Thread started: MainUserLoad 1-544
2026-03-25 09:03:22,445 INFO o.a.j.t.JMeterThread: Thread started: MainUserLoad 1-545
2026-03-25 09:03:22,474 INFO o.a.j.t.JMeterThread: Thread started: MainUserLoad 1-546
2026-03-25 09:03:22,505 INFO o.a.j.t.JMeterThread: Thread started: MainUserLoad 1-547
2026-03-25 09:03:22,536 INFO o.a.j.t.JMeterThread: Thread started: MainUserLoad 1-548
2026-03-25 09:03:22,564 INFO o.a.j.t.JMeterThread: Thread started: MainUserLoad 1-549
2026-03-25 09:03:22,595 INFO o.a.j.t.JMeterThread: Thread started: MainUserLoad 1-550
2026-03-25 09:03:22,627 INFO o.a.j.t.JMeterThread: Thread started: MainUserLoad 1-551
2026-03-25 09:03:22,655 INFO o.a.j.t.JMeterThread: Thread started: MainUserLoad 1-552
2026-03-25 09:03:22,695 INFO o.a.j.t.JMeterThread: Thread started: MainUserLoad 1-553
2026-03-25 09:03:22,720 INFO o.a.j.t.JMeterThread: Thread started: MainUserLoad 1-554
2026-03-25 09:03:22,749 INFO o.a.j.t.JMeterThread: Thread started: MainUserLoad 1-555
2026-03-25 09:03:22,775 INFO o.a.j.t.JMeterThread: Thread started: MainUserLoad 1-556
2026-03-25 09:03:22,805 INFO o.a.j.t.JMeterThread: Thread started: MainUserLoad 1-557
2026-03-25 09:03:22,837 INFO o.a.j.t.JMeterThread: Thread started: MainUserLoad 1-558
2026-03-25 09:03:22,865 INFO o.a.j.t.JMeterThread: Thread started: MainUserLoad 1-559
2026-03-25 09:03:22,894 INFO o.a.j.t.JMeterThread: Thread started: MainUserLoad 1-560
2026-03-25 09:03:22,925 INFO o.a.j.t.JMeterThread: Thread started: MainUserLoad 1-561
2026-03-25 09:03:22,955 INFO o.a.j.t.JMeterThread: Thread started: MainUserLoad 1-562
2026-03-25 09:03:22,986 INFO o.a.j.t.JMeterThread: Thread started: MainUserLoad 1-563
2026-03-25 09:03:23,016 INFO o.a.j.t.JMeterThread: Thread started: MainUserLoad 1-564
2026-03-25 09:03:23,044 INFO o.a.j.t.JMeterThread: Thread started: MainUserLoad 1-565
2026-03-25 09:03:23,074 INFO o.a.j.t.JMeterThread: Thread started: MainUserLoad 1-566
2026-03-25 09:03:23,104 INFO o.a.j.t.JMeterThread: Thread started: MainUserLoad 1-567
2026-03-25 09:03:23,135 INFO o.a.j.t.JMeterThread: Thread started: MainUserLoad 1-568
2026-03-25 09:03:23,165 INFO o.a.j.t.JMeterThread: Thread started: MainUserLoad 1-569
2026-03-25 09:03:23,194 INFO o.a.j.t.JMeterThread: Thread started: MainUserLoad 1-570
2026-03-25 09:03:23,225 INFO o.a.j.t.JMeterThread: Thread started: MainUserLoad 1-571
2026-03-25 09:03:23,253 INFO o.a.j.t.JMeterThread: Thread started: MainUserLoad 1-572
2026-03-25 09:03:23,283 INFO o.a.j.t.JMeterThread: Thread started: MainUserLoad 1-573
2026-03-25 09:03:23,313 INFO o.a.j.t.JMeterThread: Thread started: MainUserLoad 1-574
2026-03-25 09:03:23,343 INFO o.a.j.t.JMeterThread: Thread started: MainUserLoad 1-575
2026-03-25 09:03:23,374 INFO o.a.j.t.JMeterThread: Thread started: MainUserLoad 1-576
2026-03-25 09:03:23,404 INFO o.a.j.t.JMeterThread: Thread started: MainUserLoad 1-577
2026-03-25 09:03:23,433 INFO o.a.j.t.JMeterThread: Thread started: MainUserLoad 1-578
2026-03-25 09:03:23,465 INFO o.a.j.t.JMeterThread: Thread started: MainUserLoad 1-579
2026-03-25 09:03:23,494 INFO o.a.j.t.JMeterThread: Thread started: MainUserLoad 1-580
2026-03-25 09:03:23,524 INFO o.a.j.t.JMeterThread: Thread started: MainUserLoad 1-581
2026-03-25 09:03:23,553 INFO o.a.j.t.JMeterThread: Thread started: MainUserLoad 1-582
2026-03-25 09:03:23,583 INFO o.a.j.t.JMeterThread: Thread started: MainUserLoad 1-583
2026-03-25 09:03:23,613 INFO o.a.j.t.JMeterThread: Thread started: MainUserLoad 1-584
2026-03-25 09:03:23,645 INFO o.a.j.t.JMeterThread: Thread started: MainUserLoad 1-585
2026-03-25 09:03:23,675 INFO o.a.j.t.JMeterThread: Thread started: MainUserLoad 1-586
2026-03-25 09:03:23,703 INFO o.a.j.t.JMeterThread: Thread started: MainUserLoad 1-587
2026-03-25 09:03:23,734 INFO o.a.j.t.JMeterThread: Thread started: MainUserLoad 1-588
2026-03-25 09:03:23,764 INFO o.a.j.t.JMeterThread: Thread started: MainUserLoad 1-589
2026-03-25 09:03:23,798 INFO o.a.j.t.JMeterThread: Thread started: MainUserLoad 1-590
2026-03-25 09:03:23,823 INFO o.a.j.t.JMeterThread: Thread started: MainUserLoad 1-591
2026-03-25 09:03:23,854 INFO o.a.j.t.JMeterThread: Thread started: MainUserLoad 1-592
2026-03-25 09:03:23,885 INFO o.a.j.t.JMeterThread: Thread started: MainUserLoad 1-593
2026-03-25 09:03:23,917 INFO o.a.j.t.JMeterThread: Thread started: MainUserLoad 1-594
2026-03-25 09:03:23,944 INFO o.a.j.t.JMeterThread: Thread started: MainUserLoad 1-595
2026-03-25 09:03:23,974 INFO o.a.j.t.JMeterThread: Thread started: MainUserLoad 1-596
2026-03-25 09:03:24,004 INFO o.a.j.t.JMeterThread: Thread started: MainUserLoad 1-597
2026-03-25 09:03:24,034 INFO o.a.j.t.JMeterThread: Thread started: MainUserLoad 1-598
2026-03-25 09:03:24,064 INFO o.a.j.t.JMeterThread: Thread started: MainUserLoad 1-599
2026-03-25 09:03:24,094 INFO o.a.j.t.JMeterThread: Thread started: MainUserLoad 1-600
2026-03-25 09:03:24,124 INFO o.a.j.t.JMeterThread: Thread started: MainUserLoad 1-601
2026-03-25 09:03:24,154 INFO o.a.j.t.JMeterThread: Thread started: MainUserLoad 1-602
2026-03-25 09:03:24,184 INFO o.a.j.t.JMeterThread: Thread started: MainUserLoad 1-603
2026-03-25 09:03:24,214 INFO o.a.j.t.JMeterThread: Thread started: MainUserLoad 1-604
2026-03-25 09:03:24,243 INFO o.a.j.t.JMeterThread: Thread started: MainUserLoad 1-605
2026-03-25 09:03:24,274 INFO o.a.j.t.JMeterThread: Thread started: MainUserLoad 1-606
2026-03-25 09:03:24,305 INFO o.a.j.t.JMeterThread: Thread started: MainUserLoad 1-607
2026-03-25 09:03:24,333 INFO o.a.j.t.JMeterThread: Thread started: MainUserLoad 1-608
2026-03-25 09:03:24,364 INFO o.a.j.t.JMeterThread: Thread started: MainUserLoad 1-609
2026-03-25 09:03:24,395 INFO o.a.j.t.JMeterThread: Thread started: MainUserLoad 1-610
2026-03-25 09:03:24,433 INFO o.a.j.t.JMeterThread: Thread started: MainUserLoad 1-611
2026-03-25 09:03:24,453 INFO o.a.j.t.JMeterThread: Thread started: MainUserLoad 1-612
2026-03-25 09:03:24,484 INFO o.a.j.t.JMeterThread: Thread started: MainUserLoad 1-613
2026-03-25 09:03:24,515 INFO o.a.j.t.JMeterThread: Thread started: MainUserLoad 1-614
2026-03-25 09:03:24,545 INFO o.a.j.t.JMeterThread: Thread started: MainUserLoad 1-615
2026-03-25 09:03:24,575 INFO o.a.j.t.JMeterThread: Thread started: MainUserLoad 1-616
2026-03-25 09:03:24,605 INFO o.a.j.t.JMeterThread: Thread started: MainUserLoad 1-617
2026-03-25 09:03:24,637 INFO o.a.j.t.JMeterThread: Thread started: MainUserLoad 1-618
2026-03-25 09:03:24,667 INFO o.a.j.t.JMeterThread: Thread started: MainUserLoad 1-619
2026-03-25 09:03:24,695 INFO o.a.j.t.JMeterThread: Thread started: MainUserLoad 1-620
2026-03-25 09:03:24,725 INFO o.a.j.t.JMeterThread: Thread started: MainUserLoad 1-621
2026-03-25 09:03:24,755 INFO o.a.j.t.JMeterThread: Thread started: MainUserLoad 1-622
2026-03-25 09:03:24,785 INFO o.a.j.t.JMeterThread: Thread started: MainUserLoad 1-623
2026-03-25 09:03:24,815 INFO o.a.j.t.JMeterThread: Thread started: MainUserLoad 1-624
2026-03-25 09:03:24,844 INFO o.a.j.t.JMeterThread: Thread started: MainUserLoad 1-625
2026-03-25 09:03:24,873 INFO o.a.j.t.JMeterThread: Thread started: MainUserLoad 1-626
2026-03-25 09:03:24,904 INFO o.a.j.t.JMeterThread: Thread started: MainUserLoad 1-627
2026-03-25 09:03:24,935 INFO o.a.j.t.JMeterThread: Thread started: MainUserLoad 1-628
2026-03-25 09:03:24,965 INFO o.a.j.t.JMeterThread: Thread started: MainUserLoad 1-629
2026-03-25 09:03:24,994 INFO o.a.j.t.JMeterThread: Thread started: MainUserLoad 1-630
2026-03-25 09:03:25,024 INFO o.a.j.t.JMeterThread: Thread started: MainUserLoad 1-631
2026-03-25 09:03:25,054 INFO o.a.j.t.JMeterThread: Thread started: MainUserLoad 1-632
2026-03-25 09:03:25,084 INFO o.a.j.t.JMeterThread: Thread started: MainUserLoad 1-633
2026-03-25 09:03:25,114 INFO o.a.j.t.JMeterThread: Thread started: MainUserLoad 1-634
2026-03-25 09:03:25,144 INFO o.a.j.t.JMeterThread: Thread started: MainUserLoad 1-635
2026-03-25 09:03:25,174 INFO o.a.j.t.JMeterThread: Thread started: MainUserLoad 1-636
2026-03-25 09:03:25,203 INFO o.a.j.t.JMeterThread: Thread started: MainUserLoad 1-637
2026-03-25 09:03:25,233 INFO o.a.j.t.JMeterThread: Thread started: MainUserLoad 1-638
2026-03-25 09:03:25,264 INFO o.a.j.t.JMeterThread: Thread started: MainUserLoad 1-639
2026-03-25 09:03:25,295 INFO o.a.j.t.JMeterThread: Thread started: MainUserLoad 1-640
2026-03-25 09:03:25,324 INFO o.a.j.t.JMeterThread: Thread started: MainUserLoad 1-641
2026-03-25 09:03:25,354 INFO o.a.j.t.JMeterThread: Thread started: MainUserLoad 1-642
2026-03-25 09:03:25,385 INFO o.a.j.t.JMeterThread: Thread started: MainUserLoad 1-643
2026-03-25 09:03:25,414 INFO o.a.j.t.JMeterThread: Thread started: MainUserLoad 1-644
2026-03-25 09:03:25,444 INFO o.a.j.t.JMeterThread: Thread started: MainUserLoad 1-645
2026-03-25 09:03:25,473 INFO o.a.j.t.JMeterThread: Thread started: MainUserLoad 1-646
2026-03-25 09:03:25,504 INFO o.a.j.t.JMeterThread: Thread started: MainUserLoad 1-647
2026-03-25 09:03:25,534 INFO o.a.j.t.JMeterThread: Thread started: MainUserLoad 1-648
2026-03-25 09:03:25,563 INFO o.a.j.t.JMeterThread: Thread started: MainUserLoad 1-649
2026-03-25 09:03:25,595 INFO o.a.j.t.JMeterThread: Thread started: MainUserLoad 1-650
2026-03-25 09:03:25,625 INFO o.a.j.t.JMeterThread: Thread started: MainUserLoad 1-651
2026-03-25 09:03:25,654 INFO o.a.j.t.JMeterThread: Thread started: MainUserLoad 1-652
2026-03-25 09:03:25,684 INFO o.a.j.t.JMeterThread: Thread started: MainUserLoad 1-653
2026-03-25 09:03:25,731 INFO o.a.j.t.JMeterThread: Thread started: MainUserLoad 1-654
2026-03-25 09:03:25,743 INFO o.a.j.t.JMeterThread: Thread started: MainUserLoad 1-655
2026-03-25 09:03:25,774 INFO o.a.j.t.JMeterThread: Thread started: MainUserLoad 1-656
2026-03-25 09:03:25,805 INFO o.a.j.t.JMeterThread: Thread started: MainUserLoad 1-657
2026-03-25 09:03:25,835 INFO o.a.j.t.JMeterThread: Thread started: MainUserLoad 1-658
2026-03-25 09:03:25,864 INFO o.a.j.t.JMeterThread: Thread started: MainUserLoad 1-659
2026-03-25 09:03:25,893 INFO o.a.j.t.JMeterThread: Thread started: MainUserLoad 1-660
2026-03-25 09:03:25,923 INFO o.a.j.t.JMeterThread: Thread started: MainUserLoad 1-661
2026-03-25 09:03:25,954 INFO o.a.j.t.JMeterThread: Thread started: MainUserLoad 1-662
2026-03-25 09:03:25,983 INFO o.a.j.t.JMeterThread: Thread started: MainUserLoad 1-663
2026-03-25 09:03:26,015 INFO o.a.j.t.JMeterThread: Thread started: MainUserLoad 1-664
2026-03-25 09:03:26,047 INFO o.a.j.t.JMeterThread: Thread started: MainUserLoad 1-665
2026-03-25 09:03:26,076 INFO o.a.j.t.JMeterThread: Thread started: MainUserLoad 1-666
2026-03-25 09:03:26,103 INFO o.a.j.t.JMeterThread: Thread started: MainUserLoad 1-667
2026-03-25 09:03:26,134 INFO o.a.j.t.JMeterThread: Thread started: MainUserLoad 1-668
2026-03-25 09:03:26,164 INFO o.a.j.t.JMeterThread: Thread started: MainUserLoad 1-669
2026-03-25 09:03:26,195 INFO o.a.j.t.JMeterThread: Thread started: MainUserLoad 1-670
2026-03-25 09:03:26,225 INFO o.a.j.t.JMeterThread: Thread started: MainUserLoad 1-671
2026-03-25 09:03:26,254 INFO o.a.j.t.JMeterThread: Thread started: MainUserLoad 1-672
2026-03-25 09:03:26,283 INFO o.a.j.t.JMeterThread: Thread started: MainUserLoad 1-673
2026-03-25 09:03:26,314 INFO o.a.j.t.JMeterThread: Thread started: MainUserLoad 1-674
2026-03-25 09:03:26,344 INFO o.a.j.t.JMeterThread: Thread started: MainUserLoad 1-675
2026-03-25 09:03:26,374 INFO o.a.j.t.JMeterThread: Thread started: MainUserLoad 1-676
2026-03-25 09:03:26,404 INFO o.a.j.t.JMeterThread: Thread started: MainUserLoad 1-677
2026-03-25 09:03:26,433 INFO o.a.j.t.JMeterThread: Thread started: MainUserLoad 1-678
2026-03-25 09:03:26,464 INFO o.a.j.t.JMeterThread: Thread started: MainUserLoad 1-679
2026-03-25 09:03:26,494 INFO o.a.j.t.JMeterThread: Thread started: MainUserLoad 1-680
2026-03-25 09:03:26,523 INFO o.a.j.t.JMeterThread: Thread started: MainUserLoad 1-681
2026-03-25 09:03:26,555 INFO o.a.j.t.JMeterThread: Thread started: MainUserLoad 1-682
2026-03-25 09:03:26,585 INFO o.a.j.t.JMeterThread: Thread started: MainUserLoad 1-683
2026-03-25 09:03:26,614 INFO o.a.j.t.JMeterThread: Thread started: MainUserLoad 1-684
2026-03-25 09:03:26,644 INFO o.a.j.t.JMeterThread: Thread started: MainUserLoad 1-685
2026-03-25 09:03:26,674 INFO o.a.j.t.JMeterThread: Thread started: MainUserLoad 1-686
2026-03-25 09:03:26,703 INFO o.a.j.t.JMeterThread: Thread started: MainUserLoad 1-687
2026-03-25 09:03:26,735 INFO o.a.j.t.JMeterThread: Thread started: MainUserLoad 1-688
2026-03-25 09:03:26,766 INFO o.a.j.t.JMeterThread: Thread started: MainUserLoad 1-689
2026-03-25 09:03:26,795 INFO o.a.j.t.JMeterThread: Thread started: MainUserLoad 1-690
2026-03-25 09:03:26,827 INFO o.a.j.t.JMeterThread: Thread started: MainUserLoad 1-691
2026-03-25 09:03:26,857 INFO o.a.j.t.JMeterThread: Thread started: MainUserLoad 1-692
2026-03-25 09:03:26,886 INFO o.a.j.t.JMeterThread: Thread started: MainUserLoad 1-693
2026-03-25 09:03:26,915 INFO o.a.j.t.JMeterThread: Thread started: MainUserLoad 1-694
2026-03-25 09:03:26,947 INFO o.a.j.t.JMeterThread: Thread started: MainUserLoad 1-695
2026-03-25 09:03:26,975 INFO o.a.j.t.JMeterThread: Thread started: MainUserLoad 1-696
2026-03-25 09:03:27,006 INFO o.a.j.t.JMeterThread: Thread started: MainUserLoad 1-697
2026-03-25 09:03:27,039 INFO o.a.j.t.JMeterThread: Thread started: MainUserLoad 1-698
2026-03-25 09:03:27,068 INFO o.a.j.t.JMeterThread: Thread started: MainUserLoad 1-699
2026-03-25 09:03:27,097 INFO o.a.j.t.JMeterThread: Thread started: MainUserLoad 1-700
2026-03-25 09:03:27,125 INFO o.a.j.t.JMeterThread: Thread started: MainUserLoad 1-701
2026-03-25 09:03:27,157 INFO o.a.j.t.JMeterThread: Thread started: MainUserLoad 1-702
2026-03-25 09:03:27,185 INFO o.a.j.t.JMeterThread: Thread started: MainUserLoad 1-703
2026-03-25 09:03:27,216 INFO o.a.j.t.JMeterThread: Thread started: MainUserLoad 1-704
2026-03-25 09:03:27,246 INFO o.a.j.t.JMeterThread: Thread started: MainUserLoad 1-705
2026-03-25 09:03:27,277 INFO o.a.j.t.JMeterThread: Thread started: MainUserLoad 1-706
2026-03-25 09:03:27,305 INFO o.a.j.t.JMeterThread: Thread started: MainUserLoad 1-707
2026-03-25 09:03:27,337 INFO o.a.j.t.JMeterThread: Thread started: MainUserLoad 1-708
2026-03-25 09:03:27,372 INFO o.a.j.t.JMeterThread: Thread started: MainUserLoad 1-709
2026-03-25 09:03:27,400 INFO o.a.j.t.JMeterThread: Thread started: MainUserLoad 1-710
2026-03-25 09:03:27,433 INFO o.a.j.t.JMeterThread: Thread started: MainUserLoad 1-711
2026-03-25 09:03:27,464 INFO o.a.j.t.JMeterThread: Thread started: MainUserLoad 1-712
2026-03-25 09:03:27,491 INFO o.a.j.t.JMeterThread: Thread started: MainUserLoad 1-713
2026-03-25 09:03:27,522 INFO o.a.j.t.JMeterThread: Thread started: MainUserLoad 1-714
2026-03-25 09:03:27,549 INFO o.a.j.t.JMeterThread: Thread started: MainUserLoad 1-715
2026-03-25 09:03:27,579 INFO o.a.j.t.JMeterThread: Thread started: MainUserLoad 1-716
2026-03-25 09:03:27,608 INFO o.a.j.t.JMeterThread: Thread started: MainUserLoad 1-717
2026-03-25 09:03:27,640 INFO o.a.j.t.JMeterThread: Thread started: MainUserLoad 1-718
2026-03-25 09:03:27,669 INFO o.a.j.t.JMeterThread: Thread started: MainUserLoad 1-719
2026-03-25 09:03:27,699 INFO o.a.j.t.JMeterThread: Thread started: MainUserLoad 1-720
2026-03-25 09:03:27,738 INFO o.a.j.t.JMeterThread: Thread started: MainUserLoad 1-721
2026-03-25 09:03:27,758 INFO o.a.j.t.JMeterThread: Thread started: MainUserLoad 1-722
2026-03-25 09:03:27,788 INFO o.a.j.t.JMeterThread: Thread started: MainUserLoad 1-723
2026-03-25 09:03:27,818 INFO o.a.j.t.JMeterThread: Thread started: MainUserLoad 1-724
2026-03-25 09:03:27,848 INFO o.a.j.t.JMeterThread: Thread started: MainUserLoad 1-725
2026-03-25 09:03:27,878 INFO o.a.j.t.JMeterThread: Thread started: MainUserLoad 1-726
2026-03-25 09:03:27,909 INFO o.a.j.t.JMeterThread: Thread started: MainUserLoad 1-727
2026-03-25 09:03:27,936 INFO o.a.j.t.JMeterThread: Thread started: MainUserLoad 1-728
2026-03-25 09:03:27,968 INFO o.a.j.t.JMeterThread: Thread started: MainUserLoad 1-729
2026-03-25 09:03:27,995 INFO o.a.j.t.JMeterThread: Thread started: MainUserLoad 1-730
2026-03-25 09:03:28,027 INFO o.a.j.t.JMeterThread: Thread started: MainUserLoad 1-731
2026-03-25 09:03:28,069 INFO o.a.j.t.JMeterThread: Thread started: MainUserLoad 1-732
2026-03-25 09:03:28,083 INFO o.a.j.t.JMeterThread: Thread started: MainUserLoad 1-733
2026-03-25 09:03:28,119 INFO o.a.j.t.JMeterThread: Thread started: MainUserLoad 1-734
2026-03-25 09:03:28,147 INFO o.a.j.t.JMeterThread: Thread started: MainUserLoad 1-735
2026-03-25 09:03:28,180 INFO o.a.j.t.JMeterThread: Thread started: MainUserLoad 1-736
2026-03-25 09:03:28,211 INFO o.a.j.t.JMeterThread: Thread started: MainUserLoad 1-737
2026-03-25 09:03:28,241 INFO o.a.j.t.JMeterThread: Thread started: MainUserLoad 1-738
2026-03-25 09:03:28,264 INFO o.a.j.t.JMeterThread: Thread started: MainUserLoad 1-739
2026-03-25 09:03:28,304 INFO o.a.j.t.JMeterThread: Thread started: MainUserLoad 1-740
2026-03-25 09:03:28,336 INFO o.a.j.t.JMeterThread: Thread started: MainUserLoad 1-741
2026-03-25 09:03:28,367 INFO o.a.j.t.JMeterThread: Thread started: MainUserLoad 1-742
2026-03-25 09:03:28,385 INFO o.a.j.t.JMeterThread: Thread started: MainUserLoad 1-743
2026-03-25 09:03:28,427 INFO o.a.j.t.JMeterThread: Thread started: MainUserLoad 1-744
2026-03-25 09:03:28,457 INFO o.a.j.t.JMeterThread: Thread started: MainUserLoad 1-745
2026-03-25 09:03:28,487 INFO o.a.j.t.JMeterThread: Thread started: MainUserLoad 1-746
2026-03-25 09:03:28,516 INFO o.a.j.t.JMeterThread: Thread started: MainUserLoad 1-747
2026-03-25 09:03:28,568 INFO o.a.j.t.JMeterThread: Thread started: MainUserLoad 1-748
2026-03-25 09:03:28,580 INFO o.a.j.t.JMeterThread: Thread started: MainUserLoad 1-749
2026-03-25 09:03:28,610 INFO o.a.j.t.JMeterThread: Thread started: MainUserLoad 1-750
2026-03-25 09:03:28,642 INFO o.a.j.t.JMeterThread: Thread started: MainUserLoad 1-751
2026-03-25 09:03:28,673 INFO o.a.j.t.JMeterThread: Thread started: MainUserLoad 1-752
2026-03-25 09:03:28,705 INFO o.a.j.t.JMeterThread: Thread started: MainUserLoad 1-753
2026-03-25 09:03:28,735 INFO o.a.j.t.JMeterThread: Thread started: MainUserLoad 1-754
2026-03-25 09:03:28,768 INFO o.a.j.t.JMeterThread: Thread started: MainUserLoad 1-755
2026-03-25 09:03:28,799 INFO o.a.j.t.JMeterThread: Thread started: MainUserLoad 1-756
2026-03-25 09:03:28,828 INFO o.a.j.t.JMeterThread: Thread started: MainUserLoad 1-757
2026-03-25 09:03:28,860 INFO o.a.j.t.JMeterThread: Thread started: MainUserLoad 1-758
2026-03-25 09:03:28,888 INFO o.a.j.t.JMeterThread: Thread started: MainUserLoad 1-759
2026-03-25 09:03:28,948 INFO o.a.j.t.JMeterThread: Thread started: MainUserLoad 1-761
2026-03-25 09:03:28,951 INFO o.a.j.t.JMeterThread: Thread started: MainUserLoad 1-760
2026-03-25 09:03:28,978 INFO o.a.j.t.JMeterThread: Thread started: MainUserLoad 1-762
2026-03-25 09:03:29,007 INFO o.a.j.t.JMeterThread: Thread started: MainUserLoad 1-763
2026-03-25 09:03:29,036 INFO o.a.j.t.JMeterThread: Thread started: MainUserLoad 1-764
2026-03-25 09:03:29,066 INFO o.a.j.t.JMeterThread: Thread started: MainUserLoad 1-765
2026-03-25 09:03:29,098 INFO o.a.j.t.JMeterThread: Thread started: MainUserLoad 1-766
2026-03-25 09:03:29,128 INFO o.a.j.t.JMeterThread: Thread started: MainUserLoad 1-767
2026-03-25 09:03:29,157 INFO o.a.j.t.JMeterThread: Thread started: MainUserLoad 1-768
2026-03-25 09:03:29,188 INFO o.a.j.t.JMeterThread: Thread started: MainUserLoad 1-769
2026-03-25 09:03:29,217 INFO o.a.j.t.JMeterThread: Thread started: MainUserLoad 1-770
2026-03-25 09:03:29,248 INFO o.a.j.t.JMeterThread: Thread started: MainUserLoad 1-771
2026-03-25 09:03:29,276 INFO o.a.j.t.JMeterThread: Thread started: MainUserLoad 1-772
2026-03-25 09:03:29,305 INFO o.a.j.t.JMeterThread: Thread started: MainUserLoad 1-773
2026-03-25 09:03:29,335 INFO o.a.j.t.JMeterThread: Thread started: MainUserLoad 1-774
2026-03-25 09:03:29,398 INFO o.a.j.t.JMeterThread: Thread started: MainUserLoad 1-776
2026-03-25 09:03:29,408 INFO o.a.j.t.JMeterThread: Thread started: MainUserLoad 1-775
2026-03-25 09:03:29,426 INFO o.a.j.t.JMeterThread: Thread started: MainUserLoad 1-777
2026-03-25 09:03:29,455 INFO o.a.j.t.JMeterThread: Thread started: MainUserLoad 1-778
2026-03-25 09:03:29,486 INFO o.a.j.t.JMeterThread: Thread started: MainUserLoad 1-779
2026-03-25 09:03:29,547 INFO o.a.j.t.JMeterThread: Thread started: MainUserLoad 1-781
2026-03-25 09:03:29,558 INFO o.a.j.t.JMeterThread: Thread started: MainUserLoad 1-780
2026-03-25 09:03:29,580 INFO o.a.j.t.JMeterThread: Thread started: MainUserLoad 1-782
2026-03-25 09:03:29,607 INFO o.a.j.t.JMeterThread: Thread started: MainUserLoad 1-783
2026-03-25 09:03:29,637 INFO o.a.j.t.JMeterThread: Thread started: MainUserLoad 1-784
2026-03-25 09:03:29,648 INFO o.a.j.t.JMeterThread: Thread started: MainUserLoad 1-785
2026-03-25 09:03:29,696 INFO o.a.j.t.JMeterThread: Thread started: MainUserLoad 1-786
2026-03-25 09:03:29,726 INFO o.a.j.t.JMeterThread: Thread started: MainUserLoad 1-787
2026-03-25 09:03:29,756 INFO o.a.j.t.JMeterThread: Thread started: MainUserLoad 1-788
2026-03-25 09:03:29,784 INFO o.a.j.t.JMeterThread: Thread started: MainUserLoad 1-789
2026-03-25 09:03:29,814 INFO o.a.j.t.JMeterThread: Thread started: MainUserLoad 1-790
2026-03-25 09:03:29,844 INFO o.a.j.t.JMeterThread: Thread started: MainUserLoad 1-791
2026-03-25 09:03:29,874 INFO o.a.j.t.JMeterThread: Thread started: MainUserLoad 1-792
2026-03-25 09:03:29,905 INFO o.a.j.t.JMeterThread: Thread started: MainUserLoad 1-793
2026-03-25 09:03:29,934 INFO o.a.j.t.JMeterThread: Thread started: MainUserLoad 1-794
2026-03-25 09:03:29,965 INFO o.a.j.t.JMeterThread: Thread started: MainUserLoad 1-795
2026-03-25 09:03:29,998 INFO o.a.j.t.JMeterThread: Thread started: MainUserLoad 1-796
2026-03-25 09:03:30,025 INFO o.a.j.t.JMeterThread: Thread started: MainUserLoad 1-797
2026-03-25 09:03:30,055 INFO o.a.j.t.JMeterThread: Thread started: MainUserLoad 1-798
2026-03-25 09:03:30,084 INFO o.a.j.t.JMeterThread: Thread started: MainUserLoad 1-799
2026-03-25 09:03:30,116 INFO o.a.j.t.JMeterThread: Thread started: MainUserLoad 1-800
2026-03-25 09:03:30,145 INFO o.a.j.t.JMeterThread: Thread started: MainUserLoad 1-801
2026-03-25 09:03:30,174 INFO o.a.j.t.JMeterThread: Thread started: MainUserLoad 1-802
2026-03-25 09:03:30,205 INFO o.a.j.t.JMeterThread: Thread started: MainUserLoad 1-803
2026-03-25 09:03:30,235 INFO o.a.j.t.JMeterThread: Thread started: MainUserLoad 1-804
2026-03-25 09:03:30,265 INFO o.a.j.t.JMeterThread: Thread started: MainUserLoad 1-805
2026-03-25 09:03:30,296 INFO o.a.j.t.JMeterThread: Thread started: MainUserLoad 1-806
2026-03-25 09:03:30,327 INFO o.a.j.t.JMeterThread: Thread started: MainUserLoad 1-807
2026-03-25 09:03:30,360 INFO o.a.j.t.JMeterThread: Thread started: MainUserLoad 1-808
2026-03-25 09:03:30,383 INFO o.a.j.t.JMeterThread: Thread started: MainUserLoad 1-809
2026-03-25 09:03:30,414 INFO o.a.j.t.JMeterThread: Thread started: MainUserLoad 1-810
2026-03-25 09:03:30,445 INFO o.a.j.t.JMeterThread: Thread started: MainUserLoad 1-811
2026-03-25 09:03:30,473 INFO o.a.j.t.JMeterThread: Thread started: MainUserLoad 1-812
2026-03-25 09:03:30,534 INFO o.a.j.t.JMeterThread: Thread started: MainUserLoad 1-814
2026-03-25 09:03:30,553 INFO o.a.j.t.JMeterThread: Thread started: MainUserLoad 1-813
2026-03-25 09:03:30,563 INFO o.a.j.t.JMeterThread: Thread started: MainUserLoad 1-815
2026-03-25 09:03:30,594 INFO o.a.j.t.JMeterThread: Thread started: MainUserLoad 1-816
2026-03-25 09:03:30,622 INFO o.a.j.t.JMeterThread: Thread started: MainUserLoad 1-817
2026-03-25 09:03:30,654 INFO o.a.j.t.JMeterThread: Thread started: MainUserLoad 1-818
2026-03-25 09:03:30,683 INFO o.a.j.t.JMeterThread: Thread started: MainUserLoad 1-819
2026-03-25 09:03:30,713 INFO o.a.j.t.JMeterThread: Thread started: MainUserLoad 1-820
2026-03-25 09:03:30,744 INFO o.a.j.t.JMeterThread: Thread started: MainUserLoad 1-821
2026-03-25 09:03:30,805 INFO o.a.j.t.JMeterThread: Thread started: MainUserLoad 1-823
2026-03-25 09:03:30,831 INFO o.a.j.t.JMeterThread: Thread started: MainUserLoad 1-822
2026-03-25 09:03:30,837 INFO o.a.j.t.JMeterThread: Thread started: MainUserLoad 1-824
2026-03-25 09:03:30,868 INFO o.a.j.t.JMeterThread: Thread started: MainUserLoad 1-825
2026-03-25 09:03:30,896 INFO o.a.j.t.JMeterThread: Thread started: MainUserLoad 1-826
2026-03-25 09:03:30,931 INFO o.a.j.t.JMeterThread: Thread started: MainUserLoad 1-827
2026-03-25 09:03:30,999 INFO o.a.j.t.JMeterThread: Thread started: MainUserLoad 1-829
2026-03-25 09:03:31,025 INFO o.a.j.t.JMeterThread: Thread started: MainUserLoad 1-828
2026-03-25 09:03:31,029 INFO o.a.j.t.JMeterThread: Thread started: MainUserLoad 1-830
2026-03-25 09:03:31,088 INFO o.a.j.t.JMeterThread: Thread started: MainUserLoad 1-832
2026-03-25 09:03:31,120 INFO o.a.j.t.JMeterThread: Thread started: MainUserLoad 1-833
2026-03-25 09:03:31,125 INFO o.a.j.t.JMeterThread: Thread started: MainUserLoad 1-831
2026-03-25 09:03:31,148 INFO o.a.j.t.JMeterThread: Thread started: MainUserLoad 1-834
2026-03-25 09:03:31,180 INFO o.a.j.t.JMeterThread: Thread started: MainUserLoad 1-835
2026-03-25 09:03:31,205 INFO o.a.j.t.JMeterThread: Thread started: MainUserLoad 1-837
2026-03-25 09:03:31,209 INFO o.a.j.t.JMeterThread: Thread started: MainUserLoad 1-836
2026-03-25 09:03:31,269 INFO o.a.j.t.JMeterThread: Thread started: MainUserLoad 1-838
2026-03-25 09:03:31,303 INFO o.a.j.t.JMeterThread: Thread started: MainUserLoad 1-839
2026-03-25 09:03:31,366 INFO o.a.j.t.JMeterThread: Thread started: MainUserLoad 1-841
2026-03-25 09:03:31,397 INFO o.a.j.t.JMeterThread: Thread started: MainUserLoad 1-842
2026-03-25 09:03:31,399 INFO o.a.j.t.JMeterThread: Thread started: MainUserLoad 1-840
2026-03-25 09:03:31,457 INFO o.a.j.t.JMeterThread: Thread started: MainUserLoad 1-844
2026-03-25 09:03:31,488 INFO o.a.j.t.JMeterThread: Thread started: MainUserLoad 1-845
2026-03-25 09:03:31,497 INFO o.a.j.t.JMeterThread: Thread started: MainUserLoad 1-843
2026-03-25 09:03:31,516 INFO o.a.j.t.JMeterThread: Thread started: MainUserLoad 1-846
2026-03-25 09:03:31,535 INFO o.a.j.t.JMeterThread: Thread started: MainUserLoad 1-848
2026-03-25 09:03:31,546 INFO o.a.j.t.JMeterThread: Thread started: MainUserLoad 1-847
2026-03-25 09:03:31,607 INFO o.a.j.t.JMeterThread: Thread started: MainUserLoad 1-849
2026-03-25 09:03:31,625 INFO o.a.j.t.JMeterThread: Thread started: MainUserLoad 1-851
2026-03-25 09:03:31,637 INFO o.a.j.t.JMeterThread: Thread started: MainUserLoad 1-850
2026-03-25 09:03:31,697 INFO o.a.j.t.JMeterThread: Thread started: MainUserLoad 1-852
2026-03-25 09:03:31,728 INFO o.a.j.t.JMeterThread: Thread started: MainUserLoad 1-853
2026-03-25 09:03:31,755 INFO o.a.j.t.JMeterThread: Thread started: MainUserLoad 1-854
2026-03-25 09:03:31,790 INFO o.a.j.t.JMeterThread: Thread started: MainUserLoad 1-855
2026-03-25 09:03:31,816 INFO o.a.j.t.JMeterThread: Thread started: MainUserLoad 1-856
2026-03-25 09:03:31,845 INFO o.a.j.t.JMeterThread: Thread started: MainUserLoad 1-857
2026-03-25 09:03:31,876 INFO o.a.j.t.JMeterThread: Thread started: MainUserLoad 1-858
2026-03-25 09:03:31,905 INFO o.a.j.t.JMeterThread: Thread started: MainUserLoad 1-859
2026-03-25 09:03:31,937 INFO o.a.j.t.JMeterThread: Thread started: MainUserLoad 1-860
2026-03-25 09:03:31,967 INFO o.a.j.t.JMeterThread: Thread started: MainUserLoad 1-861
2026-03-25 09:03:32,002 INFO o.a.j.t.JMeterThread: Thread started: MainUserLoad 1-862
2026-03-25 09:03:32,026 INFO o.a.j.t.JMeterThread: Thread started: MainUserLoad 1-863
2026-03-25 09:03:32,057 INFO o.a.j.t.JMeterThread: Thread started: MainUserLoad 1-864
2026-03-25 09:03:32,088 INFO o.a.j.t.JMeterThread: Thread started: MainUserLoad 1-865
2026-03-25 09:03:32,121 INFO o.a.j.t.JMeterThread: Thread started: MainUserLoad 1-866
2026-03-25 09:03:32,155 INFO o.a.j.t.JMeterThread: Thread started: MainUserLoad 1-867
2026-03-25 09:03:32,181 INFO o.a.j.t.JMeterThread: Thread started: MainUserLoad 1-868
2026-03-25 09:03:32,211 INFO o.a.j.t.JMeterThread: Thread started: MainUserLoad 1-869
2026-03-25 09:03:32,225 INFO o.a.j.t.JMeterThread: Thread started: MainUserLoad 1-871
2026-03-25 09:03:32,242 INFO o.a.j.t.JMeterThread: Thread started: MainUserLoad 1-870
2026-03-25 09:03:32,304 INFO o.a.j.t.JMeterThread: Thread started: MainUserLoad 1-872
2026-03-25 09:03:32,336 INFO o.a.j.t.JMeterThread: Thread started: MainUserLoad 1-873
2026-03-25 09:03:32,368 INFO o.a.j.t.JMeterThread: Thread started: MainUserLoad 1-874
2026-03-25 09:03:32,398 INFO o.a.j.t.JMeterThread: Thread started: MainUserLoad 1-875
2026-03-25 09:03:32,430 INFO o.a.j.t.JMeterThread: Thread started: MainUserLoad 1-876
2026-03-25 09:03:32,462 INFO o.a.j.t.JMeterThread: Thread started: MainUserLoad 1-877
2026-03-25 09:03:32,492 INFO o.a.j.t.JMeterThread: Thread started: MainUserLoad 1-878
2026-03-25 09:03:32,497 INFO o.a.j.t.JMeterThread: Thread started: MainUserLoad 1-880
2026-03-25 09:03:32,521 INFO o.a.j.t.JMeterThread: Thread started: MainUserLoad 1-879
2026-03-25 09:03:32,582 INFO o.a.j.t.JMeterThread: Thread started: MainUserLoad 1-881
2026-03-25 09:03:32,612 INFO o.a.j.t.JMeterThread: Thread started: MainUserLoad 1-882
2026-03-25 09:03:32,643 INFO o.a.j.t.JMeterThread: Thread started: MainUserLoad 1-883
2026-03-25 09:03:32,673 INFO o.a.j.t.JMeterThread: Thread started: MainUserLoad 1-884
2026-03-25 09:03:32,701 INFO o.a.j.t.JMeterThread: Thread started: MainUserLoad 1-885
2026-03-25 09:03:32,731 INFO o.a.j.t.JMeterThread: Thread started: MainUserLoad 1-886
2026-03-25 09:03:32,761 INFO o.a.j.t.JMeterThread: Thread started: MainUserLoad 1-887
2026-03-25 09:03:32,801 INFO o.a.j.t.JMeterThread: Thread started: MainUserLoad 1-888
2026-03-25 09:03:32,823 INFO o.a.j.t.JMeterThread: Thread started: MainUserLoad 1-889
2026-03-25 09:03:32,856 INFO o.a.j.t.JMeterThread: Thread started: MainUserLoad 1-890
2026-03-25 09:03:32,881 INFO o.a.j.t.JMeterThread: Thread started: MainUserLoad 1-891
2026-03-25 09:03:32,912 INFO o.a.j.t.JMeterThread: Thread started: MainUserLoad 1-892
2026-03-25 09:03:32,944 INFO o.a.j.t.JMeterThread: Thread started: MainUserLoad 1-893
2026-03-25 09:03:32,972 INFO o.a.j.t.JMeterThread: Thread started: MainUserLoad 1-894
2026-03-25 09:03:33,001 INFO o.a.j.t.JMeterThread: Thread started: MainUserLoad 1-895
2026-03-25 09:03:33,031 INFO o.a.j.t.JMeterThread: Thread started: MainUserLoad 1-896
2026-03-25 09:03:33,062 INFO o.a.j.t.JMeterThread: Thread started: MainUserLoad 1-897
2026-03-25 09:03:33,091 INFO o.a.j.t.JMeterThread: Thread started: MainUserLoad 1-898
2026-03-25 09:03:33,121 INFO o.a.j.t.JMeterThread: Thread started: MainUserLoad 1-899
2026-03-25 09:03:33,151 INFO o.a.j.t.JMeterThread: Thread started: MainUserLoad 1-900
2026-03-25 09:03:33,181 INFO o.a.j.t.JMeterThread: Thread started: MainUserLoad 1-901
2026-03-25 09:03:33,220 INFO o.a.j.t.JMeterThread: Thread started: MainUserLoad 1-902
2026-03-25 09:03:33,252 INFO o.a.j.t.JMeterThread: Thread started: MainUserLoad 1-903
2026-03-25 09:03:33,284 INFO o.a.j.t.JMeterThread: Thread started: MainUserLoad 1-904
2026-03-25 09:03:33,300 INFO o.a.j.t.JMeterThread: Thread started: MainUserLoad 1-905
2026-03-25 09:03:33,330 INFO o.a.j.t.JMeterThread: Thread started: MainUserLoad 1-906
2026-03-25 09:03:33,361 INFO o.a.j.t.JMeterThread: Thread started: MainUserLoad 1-907
2026-03-25 09:03:33,391 INFO o.a.j.t.JMeterThread: Thread started: MainUserLoad 1-908
2026-03-25 09:03:33,421 INFO o.a.j.t.JMeterThread: Thread started: MainUserLoad 1-909
2026-03-25 09:03:33,451 INFO o.a.j.t.JMeterThread: Thread started: MainUserLoad 1-910
2026-03-25 09:03:33,482 INFO o.a.j.t.JMeterThread: Thread started: MainUserLoad 1-911
2026-03-25 09:03:33,512 INFO o.a.j.t.JMeterThread: Thread started: MainUserLoad 1-912
2026-03-25 09:03:33,519 INFO o.a.j.t.JMeterThread: Thread started: MainUserLoad 1-914
2026-03-25 09:03:33,547 INFO o.a.j.t.JMeterThread: Thread started: MainUserLoad 1-913
2026-03-25 09:03:33,608 INFO o.a.j.t.JMeterThread: Thread started: MainUserLoad 1-915
2026-03-25 09:03:33,643 INFO o.a.j.t.JMeterThread: Thread started: MainUserLoad 1-916
2026-03-25 09:03:33,667 INFO o.a.j.t.JMeterThread: Thread started: MainUserLoad 1-917
2026-03-25 09:03:33,697 INFO o.a.j.t.JMeterThread: Thread started: MainUserLoad 1-918
2026-03-25 09:03:33,728 INFO o.a.j.t.JMeterThread: Thread started: MainUserLoad 1-919
2026-03-25 09:03:33,756 INFO o.a.j.t.JMeterThread: Thread started: MainUserLoad 1-920
2026-03-25 09:03:33,786 INFO o.a.j.t.JMeterThread: Thread started: MainUserLoad 1-921
2026-03-25 09:03:33,818 INFO o.a.j.t.JMeterThread: Thread started: MainUserLoad 1-922
2026-03-25 09:03:33,847 INFO o.a.j.t.JMeterThread: Thread started: MainUserLoad 1-923
2026-03-25 09:03:33,876 INFO o.a.j.t.JMeterThread: Thread started: MainUserLoad 1-924
2026-03-25 09:03:33,908 INFO o.a.j.t.JMeterThread: Thread started: MainUserLoad 1-925
2026-03-25 09:03:33,937 INFO o.a.j.t.JMeterThread: Thread started: MainUserLoad 1-926
2026-03-25 09:03:33,969 INFO o.a.j.t.JMeterThread: Thread started: MainUserLoad 1-927
2026-03-25 09:03:34,000 INFO o.a.j.t.JMeterThread: Thread started: MainUserLoad 1-928
2026-03-25 09:03:34,027 INFO o.a.j.t.JMeterThread: Thread started: MainUserLoad 1-929
2026-03-25 09:03:34,057 INFO o.a.j.t.JMeterThread: Thread started: MainUserLoad 1-930
2026-03-25 09:03:34,087 INFO o.a.j.t.JMeterThread: Thread started: MainUserLoad 1-931
2026-03-25 09:03:34,117 INFO o.a.j.t.JMeterThread: Thread started: MainUserLoad 1-932
2026-03-25 09:03:34,145 INFO o.a.j.t.JMeterThread: Thread started: MainUserLoad 1-935
2026-03-25 09:03:34,148 INFO o.a.j.t.JMeterThread: Thread started: MainUserLoad 1-933
2026-03-25 09:03:34,179 INFO o.a.j.t.JMeterThread: Thread started: MainUserLoad 1-934
2026-03-25 09:03:34,236 INFO o.a.j.t.JMeterThread: Thread started: MainUserLoad 1-936
2026-03-25 09:03:34,268 INFO o.a.j.t.JMeterThread: Thread started: MainUserLoad 1-937
2026-03-25 09:03:34,297 INFO o.a.j.t.JMeterThread: Thread started: MainUserLoad 1-938
2026-03-25 09:03:34,327 INFO o.a.j.t.JMeterThread: Thread started: MainUserLoad 1-939
2026-03-25 09:03:34,358 INFO o.a.j.t.JMeterThread: Thread started: MainUserLoad 1-940
2026-03-25 09:03:34,389 INFO o.a.j.t.JMeterThread: Thread started: MainUserLoad 1-941
2026-03-25 09:03:34,417 INFO o.a.j.t.JMeterThread: Thread started: MainUserLoad 1-942
2026-03-25 09:03:34,446 INFO o.a.j.t.JMeterThread: Thread started: MainUserLoad 1-943
2026-03-25 09:03:34,479 INFO o.a.j.t.JMeterThread: Thread started: MainUserLoad 1-944
2026-03-25 09:03:34,507 INFO o.a.j.t.JMeterThread: Thread started: MainUserLoad 1-945
2026-03-25 09:03:34,538 INFO o.a.j.t.JMeterThread: Thread started: MainUserLoad 1-946
2026-03-25 09:03:34,568 INFO o.a.j.t.JMeterThread: Thread started: MainUserLoad 1-947
2026-03-25 09:03:34,599 INFO o.a.j.t.JMeterThread: Thread started: MainUserLoad 1-948
2026-03-25 09:03:34,629 INFO o.a.j.t.JMeterThread: Thread started: MainUserLoad 1-949
2026-03-25 09:03:34,659 INFO o.a.j.t.JMeterThread: Thread started: MainUserLoad 1-950
2026-03-25 09:03:34,690 INFO o.a.j.t.JMeterThread: Thread started: MainUserLoad 1-951
2026-03-25 09:03:34,719 INFO o.a.j.t.JMeterThread: Thread started: MainUserLoad 1-952
2026-03-25 09:03:34,750 INFO o.a.j.t.JMeterThread: Thread started: MainUserLoad 1-953
2026-03-25 09:03:34,779 INFO o.a.j.t.JMeterThread: Thread started: MainUserLoad 1-954
2026-03-25 09:03:34,809 INFO o.a.j.t.JMeterThread: Thread started: MainUserLoad 1-955
2026-03-25 09:03:34,839 INFO o.a.j.t.JMeterThread: Thread started: MainUserLoad 1-956
2026-03-25 09:03:34,872 INFO o.a.j.t.JMeterThread: Thread started: MainUserLoad 1-957
2026-03-25 09:03:34,900 INFO o.a.j.t.JMeterThread: Thread started: MainUserLoad 1-958
2026-03-25 09:03:34,931 INFO o.a.j.t.JMeterThread: Thread started: MainUserLoad 1-959
2026-03-25 09:03:34,962 INFO o.a.j.t.JMeterThread: Thread started: MainUserLoad 1-960
2026-03-25 09:03:34,993 INFO o.a.j.t.JMeterThread: Thread started: MainUserLoad 1-961
2026-03-25 09:03:35,020 INFO o.a.j.t.JMeterThread: Thread started: MainUserLoad 1-964
2026-03-25 09:03:35,027 INFO o.a.j.t.JMeterThread: Thread started: MainUserLoad 1-962
2026-03-25 09:03:35,057 INFO o.a.j.t.JMeterThread: Thread started: MainUserLoad 1-963
2026-03-25 09:03:35,110 INFO o.a.j.t.JMeterThread: Thread started: MainUserLoad 1-965
2026-03-25 09:03:35,142 INFO o.a.j.t.JMeterThread: Thread started: MainUserLoad 1-966
2026-03-25 09:03:35,168 INFO o.a.j.t.JMeterThread: Thread started: MainUserLoad 1-967
2026-03-25 09:03:35,200 INFO o.a.j.t.JMeterThread: Thread started: MainUserLoad 1-968
2026-03-25 09:03:35,231 INFO o.a.j.t.JMeterThread: Thread started: MainUserLoad 1-969
2026-03-25 09:03:35,259 INFO o.a.j.t.JMeterThread: Thread started: MainUserLoad 1-970
2026-03-25 09:03:35,290 INFO o.a.j.t.JMeterThread: Thread started: MainUserLoad 1-971
2026-03-25 09:03:35,319 INFO o.a.j.t.JMeterThread: Thread started: MainUserLoad 1-972
2026-03-25 09:03:35,351 INFO o.a.j.t.JMeterThread: Thread started: MainUserLoad 1-973
2026-03-25 09:03:35,383 INFO o.a.j.t.JMeterThread: Thread started: MainUserLoad 1-974
2026-03-25 09:03:35,412 INFO o.a.j.t.JMeterThread: Thread started: MainUserLoad 1-975
2026-03-25 09:03:35,434 INFO o.a.j.t.JMeterThread: Thread started: MainUserLoad 1-978
2026-03-25 09:03:35,443 INFO o.a.j.t.JMeterThread: Thread started: MainUserLoad 1-976
2026-03-25 09:03:35,472 INFO o.a.j.t.JMeterThread: Thread started: MainUserLoad 1-977
2026-03-25 09:03:35,536 INFO o.a.j.t.JMeterThread: Thread started: MainUserLoad 1-979
2026-03-25 09:03:35,568 INFO o.a.j.t.JMeterThread: Thread started: MainUserLoad 1-980
2026-03-25 09:03:35,597 INFO o.a.j.t.JMeterThread: Thread started: MainUserLoad 1-981
2026-03-25 09:03:35,630 INFO o.a.j.t.JMeterThread: Thread started: MainUserLoad 1-982
2026-03-25 09:03:35,660 INFO o.a.j.t.JMeterThread: Thread started: MainUserLoad 1-983
2026-03-25 09:03:35,693 INFO o.a.j.t.JMeterThread: Thread started: MainUserLoad 1-984
2026-03-25 09:03:35,725 INFO o.a.j.t.JMeterThread: Thread started: MainUserLoad 1-985
2026-03-25 09:03:35,755 INFO o.a.j.t.JMeterThread: Thread started: MainUserLoad 1-986
2026-03-25 09:03:35,786 INFO o.a.j.t.JMeterThread: Thread started: MainUserLoad 1-987
2026-03-25 09:03:35,816 INFO o.a.j.t.JMeterThread: Thread started: MainUserLoad 1-988
2026-03-25 09:03:35,849 INFO o.a.j.t.JMeterThread: Thread started: MainUserLoad 1-989
2026-03-25 09:03:35,879 INFO o.a.j.t.JMeterThread: Thread started: MainUserLoad 1-990
2026-03-25 09:03:35,910 INFO o.a.j.t.JMeterThread: Thread started: MainUserLoad 1-991
2026-03-25 09:03:35,940 INFO o.a.j.t.JMeterThread: Thread started: MainUserLoad 1-992
2026-03-25 09:03:35,970 INFO o.a.j.t.JMeterThread: Thread started: MainUserLoad 1-993
2026-03-25 09:03:36,002 INFO o.a.j.t.JMeterThread: Thread started: MainUserLoad 1-994
2026-03-25 09:03:36,029 INFO o.a.j.t.JMeterThread: Thread started: MainUserLoad 1-995
2026-03-25 09:03:36,059 INFO o.a.j.t.JMeterThread: Thread started: MainUserLoad 1-996
2026-03-25 09:03:36,090 INFO o.a.j.t.JMeterThread: Thread started: MainUserLoad 1-997
2026-03-25 09:03:36,121 INFO o.a.j.t.JMeterThread: Thread started: MainUserLoad 1-998
2026-03-25 09:03:36,151 INFO o.a.j.t.JMeterThread: Thread started: MainUserLoad 1-999
2026-03-25 09:03:36,183 INFO o.a.j.t.JMeterThread: Thread started: MainUserLoad 1-1000
2026-03-25 09:05:06,179 INFO o.a.j.t.JMeterThread: Stopping because end time detected by thread: MainUserLoad 1-39
2026-03-25 09:05:06,180 INFO o.a.j.t.JMeterThread: Thread finished: MainUserLoad 1-39
2026-03-25 09:05:06,186 INFO o.a.j.t.JMeterThread: Stopping because end time detected by thread: MainUserLoad 1-68
2026-03-25 09:05:06,186 INFO o.a.j.t.JMeterThread: Thread finished: MainUserLoad 1-68
2026-03-25 09:05:06,191 INFO o.a.j.t.JMeterThread: Stopping because end time detected by thread: MainUserLoad 1-66
2026-03-25 09:05:06,191 INFO o.a.j.t.JMeterThread: Thread finished: MainUserLoad 1-66
2026-03-25 09:05:06,192 INFO o.a.j.t.JMeterThread: Stopping because end time detected by thread: MainUserLoad 1-6
2026-03-25 09:05:06,192 INFO o.a.j.t.JMeterThread: Thread finished: MainUserLoad 1-6
2026-03-25 09:05:06,192 INFO o.a.j.t.JMeterThread: Stopping because end time detected by thread: MainUserLoad 1-24
2026-03-25 09:05:06,192 INFO o.a.j.t.JMeterThread: Thread finished: MainUserLoad 1-24
2026-03-25 09:05:06,202 INFO o.a.j.t.JMeterThread: Stopping because end time detected by thread: MainUserLoad 1-51
2026-03-25 09:05:06,202 INFO o.a.j.t.JMeterThread: Thread finished: MainUserLoad 1-51
2026-03-25 09:05:06,238 INFO o.a.j.t.JMeterThread: Stopping because end time detected by thread: MainUserLoad 1-109
2026-03-25 09:05:06,238 INFO o.a.j.t.JMeterThread: Stopping because end time detected by thread: MainUserLoad 1-29
2026-03-25 09:05:06,238 INFO o.a.j.t.JMeterThread: Stopping because end time detected by thread: MainUserLoad 1-13
2026-03-25 09:05:06,238 INFO o.a.j.t.JMeterThread: Thread finished: MainUserLoad 1-109
2026-03-25 09:05:06,238 INFO o.a.j.t.JMeterThread: Thread finished: MainUserLoad 1-29
2026-03-25 09:05:06,238 INFO o.a.j.t.JMeterThread: Stopping because end time detected by thread: MainUserLoad 1-91
2026-03-25 09:05:06,239 INFO o.a.j.t.JMeterThread: Thread finished: MainUserLoad 1-91
2026-03-25 09:05:06,239 INFO o.a.j.t.JMeterThread: Thread finished: MainUserLoad 1-13
2026-03-25 09:05:06,239 INFO o.a.j.t.JMeterThread: Stopping because end time detected by thread: MainUserLoad 1-5
2026-03-25 09:05:06,239 INFO o.a.j.t.JMeterThread: Thread finished: MainUserLoad 1-5
2026-03-25 09:05:06,240 INFO o.a.j.t.JMeterThread: Stopping because end time detected by thread: MainUserLoad 1-111
2026-03-25 09:05:06,240 INFO o.a.j.t.JMeterThread: Thread finished: MainUserLoad 1-111
2026-03-25 09:05:06,245 INFO o.a.j.t.JMeterThread: Stopping because end time detected by thread: MainUserLoad 1-64
2026-03-25 09:05:06,245 INFO o.a.j.t.JMeterThread: Thread finished: MainUserLoad 1-64
2026-03-25 09:05:06,256 INFO o.a.j.t.JMeterThread: Stopping because end time detected by thread: MainUserLoad 1-212
2026-03-25 09:05:06,256 INFO o.a.j.t.JMeterThread: Stopping because end time detected by thread: MainUserLoad 1-61
2026-03-25 09:05:06,256 INFO o.a.j.t.JMeterThread: Stopping because end time detected by thread: MainUserLoad 1-189
2026-03-25 09:05:06,256 INFO o.a.j.t.JMeterThread: Thread finished: MainUserLoad 1-212
2026-03-25 09:05:06,256 INFO o.a.j.t.JMeterThread: Thread finished: MainUserLoad 1-61
2026-03-25 09:05:06,256 INFO o.a.j.t.JMeterThread: Thread finished: MainUserLoad 1-189
2026-03-25 09:05:06,256 INFO o.a.j.t.JMeterThread: Stopping because end time detected by thread: MainUserLoad 1-21
2026-03-25 09:05:06,256 INFO o.a.j.t.JMeterThread: Stopping because end time detected by thread: MainUserLoad 1-7
2026-03-25 09:05:06,256 INFO o.a.j.t.JMeterThread: Thread finished: MainUserLoad 1-21
2026-03-25 09:05:06,256 INFO o.a.j.t.JMeterThread: Thread finished: MainUserLoad 1-7
2026-03-25 09:05:06,257 INFO o.a.j.t.JMeterThread: Stopping because end time detected by thread: MainUserLoad 1-149
2026-03-25 09:05:06,257 INFO o.a.j.t.JMeterThread: Thread finished: MainUserLoad 1-149
2026-03-25 09:05:06,263 INFO o.a.j.t.JMeterThread: Stopping because end time detected by thread: MainUserLoad 1-134
2026-03-25 09:05:06,263 INFO o.a.j.t.JMeterThread: Stopping because end time detected by thread: MainUserLoad 1-251
2026-03-25 09:05:06,263 INFO o.a.j.t.JMeterThread: Thread finished: MainUserLoad 1-134
2026-03-25 09:05:06,263 INFO o.a.j.t.JMeterThread: Thread finished: MainUserLoad 1-251
2026-03-25 09:05:06,270 INFO o.a.j.t.JMeterThread: Stopping because end time detected by thread: MainUserLoad 1-116
2026-03-25 09:05:06,270 INFO o.a.j.t.JMeterThread: Stopping because end time detected by thread: MainUserLoad 1-101
2026-03-25 09:05:06,271 INFO o.a.j.t.JMeterThread: Thread finished: MainUserLoad 1-116
2026-03-25 09:05:06,271 INFO o.a.j.t.JMeterThread: Thread finished: MainUserLoad 1-101
2026-03-25 09:05:06,271 INFO o.a.j.t.JMeterThread: Stopping because end time detected by thread: MainUserLoad 1-197
2026-03-25 09:05:06,272 INFO o.a.j.t.JMeterThread: Thread finished: MainUserLoad 1-197
2026-03-25 09:05:06,272 INFO o.a.j.t.JMeterThread: Stopping because end time detected by thread: MainUserLoad 1-185
2026-03-25 09:05:06,272 INFO o.a.j.t.JMeterThread: Thread finished: MainUserLoad 1-185
2026-03-25 09:05:06,276 INFO o.a.j.t.JMeterThread: Stopping because end time detected by thread: MainUserLoad 1-142
2026-03-25 09:05:06,276 INFO o.a.j.t.JMeterThread: Stopping because end time detected by thread: MainUserLoad 1-8
2026-03-25 09:05:06,276 INFO o.a.j.t.JMeterThread: Thread finished: MainUserLoad 1-142
2026-03-25 09:05:06,276 INFO o.a.j.t.JMeterThread: Stopping because end time detected by thread: MainUserLoad 1-193
2026-03-25 09:05:06,276 INFO o.a.j.t.JMeterThread: Thread finished: MainUserLoad 1-8
2026-03-25 09:05:06,276 INFO o.a.j.t.JMeterThread: Thread finished: MainUserLoad 1-193
2026-03-25 09:05:06,281 INFO o.a.j.t.JMeterThread: Stopping because end time detected by thread: MainUserLoad 1-285
2026-03-25 09:05:06,281 INFO o.a.j.t.JMeterThread: Thread finished: MainUserLoad 1-285
2026-03-25 09:05:06,286 INFO o.a.j.t.JMeterThread: Stopping because end time detected by thread: MainUserLoad 1-89
2026-03-25 09:05:06,286 INFO o.a.j.t.JMeterThread: Thread finished: MainUserLoad 1-89
2026-03-25 09:05:06,288 INFO o.a.j.t.JMeterThread: Stopping because end time detected by thread: MainUserLoad 1-304
2026-03-25 09:05:06,288 INFO o.a.j.t.JMeterThread: Stopping because end time detected by thread: MainUserLoad 1-227
2026-03-25 09:05:06,289 INFO o.a.j.t.JMeterThread: Thread finished: MainUserLoad 1-304
2026-03-25 09:05:06,289 INFO o.a.j.t.JMeterThread: Thread finished: MainUserLoad 1-227
2026-03-25 09:05:06,290 INFO o.a.j.t.JMeterThread: Stopping because end time detected by thread: MainUserLoad 1-57
2026-03-25 09:05:06,290 INFO o.a.j.t.JMeterThread: Stopping because end time detected by thread: MainUserLoad 1-184
2026-03-25 09:05:06,291 INFO o.a.j.t.JMeterThread: Stopping because end time detected by thread: MainUserLoad 1-38
2026-03-25 09:05:06,291 INFO o.a.j.t.JMeterThread: Thread finished: MainUserLoad 1-57
2026-03-25 09:05:06,291 INFO o.a.j.t.JMeterThread: Thread finished: MainUserLoad 1-38
2026-03-25 09:05:06,291 INFO o.a.j.t.JMeterThread: Thread finished: MainUserLoad 1-184
2026-03-25 09:05:06,293 INFO o.a.j.t.JMeterThread: Stopping because end time detected by thread: MainUserLoad 1-44
2026-03-25 09:05:06,293 INFO o.a.j.t.JMeterThread: Stopping because end time detected by thread: MainUserLoad 1-115
2026-03-25 09:05:06,293 INFO o.a.j.t.JMeterThread: Thread finished: MainUserLoad 1-44
2026-03-25 09:05:06,293 INFO o.a.j.t.JMeterThread: Thread finished: MainUserLoad 1-115
2026-03-25 09:05:06,296 INFO o.a.j.t.JMeterThread: Stopping because end time detected by thread: MainUserLoad 1-322
2026-03-25 09:05:06,296 INFO o.a.j.t.JMeterThread: Thread finished: MainUserLoad 1-322
2026-03-25 09:05:06,296 INFO o.a.j.t.JMeterThread: Stopping because end time detected by thread: MainUserLoad 1-141
2026-03-25 09:05:06,296 INFO o.a.j.t.JMeterThread: Stopping because end time detected by thread: MainUserLoad 1-102
2026-03-25 09:05:06,296 INFO o.a.j.t.JMeterThread: Thread finished: MainUserLoad 1-141
2026-03-25 09:05:06,296 INFO o.a.j.t.JMeterThread: Stopping because end time detected by thread: MainUserLoad 1-294
2026-03-25 09:05:06,296 INFO o.a.j.t.JMeterThread: Thread finished: MainUserLoad 1-102
2026-03-25 09:05:06,296 INFO o.a.j.t.JMeterThread: Thread finished: MainUserLoad 1-294
2026-03-25 09:05:06,306 INFO o.a.j.t.JMeterThread: Stopping because end time detected by thread: MainUserLoad 1-15
2026-03-25 09:05:06,307 INFO o.a.j.t.JMeterThread: Thread finished: MainUserLoad 1-15
2026-03-25 09:05:06,309 INFO o.a.j.t.JMeterThread: Stopping because end time detected by thread: MainUserLoad 1-4
2026-03-25 09:05:06,309 INFO o.a.j.t.JMeterThread: Stopping because end time detected by thread: MainUserLoad 1-78
2026-03-25 09:05:06,309 INFO o.a.j.t.JMeterThread: Stopping because end time detected by thread: MainUserLoad 1-337
2026-03-25 09:05:06,309 INFO o.a.j.t.JMeterThread: Thread finished: MainUserLoad 1-78
2026-03-25 09:05:06,309 INFO o.a.j.t.JMeterThread: Thread finished: MainUserLoad 1-337
2026-03-25 09:05:06,309 INFO o.a.j.t.JMeterThread: Thread finished: MainUserLoad 1-4
2026-03-25 09:05:06,310 INFO o.a.j.t.JMeterThread: Stopping because end time detected by thread: MainUserLoad 1-30
2026-03-25 09:05:06,310 INFO o.a.j.t.JMeterThread: Stopping because end time detected by thread: MainUserLoad 1-65
2026-03-25 09:05:06,310 INFO o.a.j.t.JMeterThread: Thread finished: MainUserLoad 1-30
2026-03-25 09:05:06,310 INFO o.a.j.t.JMeterThread: Thread finished: MainUserLoad 1-65
2026-03-25 09:05:06,311 INFO o.a.j.t.JMeterThread: Stopping because end time detected by thread: MainUserLoad 1-343
2026-03-25 09:05:06,311 INFO o.a.j.t.JMeterThread: Stopping because end time detected by thread: MainUserLoad 1-11
2026-03-25 09:05:06,311 INFO o.a.j.t.JMeterThread: Thread finished: MainUserLoad 1-343
2026-03-25 09:05:06,311 INFO o.a.j.t.JMeterThread: Thread finished: MainUserLoad 1-11
2026-03-25 09:05:06,312 INFO o.a.j.t.JMeterThread: Stopping because end time detected by thread: MainUserLoad 1-87
2026-03-25 09:05:06,312 INFO o.a.j.t.JMeterThread: Thread finished: MainUserLoad 1-87
2026-03-25 09:05:06,315 INFO o.a.j.t.JMeterThread: Stopping because end time detected by thread: MainUserLoad 1-25
2026-03-25 09:05:06,315 INFO o.a.j.t.JMeterThread: Stopping because end time detected by thread: MainUserLoad 1-292
2026-03-25 09:05:06,315 INFO o.a.j.t.JMeterThread: Thread finished: MainUserLoad 1-25
2026-03-25 09:05:06,315 INFO o.a.j.t.JMeterThread: Thread finished: MainUserLoad 1-292
2026-03-25 09:05:06,316 INFO o.a.j.t.JMeterThread: Stopping because end time detected by thread: MainUserLoad 1-63
2026-03-25 09:05:06,316 INFO o.a.j.t.JMeterThread: Stopping because end time detected by thread: MainUserLoad 1-160
2026-03-25 09:05:06,316 INFO o.a.j.t.JMeterThread: Thread finished: MainUserLoad 1-63
2026-03-25 09:05:06,316 INFO o.a.j.t.JMeterThread: Thread finished: MainUserLoad 1-160
2026-03-25 09:05:06,319 INFO o.a.j.t.JMeterThread: Stopping because end time detected by thread: MainUserLoad 1-236
2026-03-25 09:05:06,319 INFO o.a.j.t.JMeterThread: Thread finished: MainUserLoad 1-236
2026-03-25 09:05:06,321 INFO o.a.j.t.JMeterThread: Stopping because end time detected by thread: MainUserLoad 1-249
2026-03-25 09:05:06,321 INFO o.a.j.t.JMeterThread: Thread finished: MainUserLoad 1-249
2026-03-25 09:05:06,325 INFO o.a.j.t.JMeterThread: Stopping because end time detected by thread: MainUserLoad 1-268
2026-03-25 09:05:06,325 INFO o.a.j.t.JMeterThread: Thread finished: MainUserLoad 1-268
2026-03-25 09:05:06,330 INFO o.a.j.t.JMeterThread: Stopping because end time detected by thread: MainUserLoad 1-178
2026-03-25 09:05:06,330 INFO o.a.j.t.JMeterThread: Thread finished: MainUserLoad 1-178
2026-03-25 09:05:06,330 INFO o.a.j.t.JMeterThread: Stopping because end time detected by thread: MainUserLoad 1-230
2026-03-25 09:05:06,330 INFO o.a.j.t.JMeterThread: Stopping because end time detected by thread: MainUserLoad 1-201
2026-03-25 09:05:06,330 INFO o.a.j.t.JMeterThread: Thread finished: MainUserLoad 1-230
2026-03-25 09:05:06,332 INFO o.a.j.t.JMeterThread: Stopping because end time detected by thread: MainUserLoad 1-40
2026-03-25 09:05:06,332 INFO o.a.j.t.JMeterThread: Thread finished: MainUserLoad 1-201
2026-03-25 09:05:06,332 INFO o.a.j.t.JMeterThread: Thread finished: MainUserLoad 1-40
2026-03-25 09:05:06,332 INFO o.a.j.t.JMeterThread: Stopping because end time detected by thread: MainUserLoad 1-406
2026-03-25 09:05:06,332 INFO o.a.j.t.JMeterThread: Stopping because end time detected by thread: MainUserLoad 1-36
2026-03-25 09:05:06,332 INFO o.a.j.t.JMeterThread: Stopping because end time detected by thread: MainUserLoad 1-402
2026-03-25 09:05:06,332 INFO o.a.j.t.JMeterThread: Thread finished: MainUserLoad 1-406
2026-03-25 09:05:06,332 INFO o.a.j.t.JMeterThread: Stopping because end time detected by thread: MainUserLoad 1-310
2026-03-25 09:05:06,332 INFO o.a.j.t.JMeterThread: Stopping because end time detected by thread: MainUserLoad 1-50
2026-03-25 09:05:06,332 INFO o.a.j.t.JMeterThread: Stopping because end time detected by thread: MainUserLoad 1-156
2026-03-25 09:05:06,332 INFO o.a.j.t.JMeterThread: Thread finished: MainUserLoad 1-402
2026-03-25 09:05:06,332 INFO o.a.j.t.JMeterThread: Thread finished: MainUserLoad 1-156
2026-03-25 09:05:06,332 INFO o.a.j.t.JMeterThread: Thread finished: MainUserLoad 1-36
2026-03-25 09:05:06,332 INFO o.a.j.t.JMeterThread: Thread finished: MainUserLoad 1-310
2026-03-25 09:05:06,332 INFO o.a.j.t.JMeterThread: Thread finished: MainUserLoad 1-50
2026-03-25 09:05:06,335 INFO o.a.j.t.JMeterThread: Stopping because end time detected by thread: MainUserLoad 1-350
2026-03-25 09:05:06,335 INFO o.a.j.t.JMeterThread: Thread finished: MainUserLoad 1-350
2026-03-25 09:05:06,338 INFO o.a.j.t.JMeterThread: Stopping because end time detected by thread: MainUserLoad 1-346
2026-03-25 09:05:06,338 INFO o.a.j.t.JMeterThread: Stopping because end time detected by thread: MainUserLoad 1-244
2026-03-25 09:05:06,338 INFO o.a.j.t.JMeterThread: Thread finished: MainUserLoad 1-346
2026-03-25 09:05:06,338 INFO o.a.j.t.JMeterThread: Thread finished: MainUserLoad 1-244
2026-03-25 09:05:06,339 INFO o.a.j.t.JMeterThread: Stopping because end time detected by thread: MainUserLoad 1-347
2026-03-25 09:05:06,340 INFO o.a.j.t.JMeterThread: Thread finished: MainUserLoad 1-347
2026-03-25 09:05:06,340 INFO o.a.j.t.JMeterThread: Stopping because end time detected by thread: MainUserLoad 1-290
2026-03-25 09:05:06,340 INFO o.a.j.t.JMeterThread: Thread finished: MainUserLoad 1-290
2026-03-25 09:05:06,346 INFO o.a.j.t.JMeterThread: Stopping because end time detected by thread: MainUserLoad 1-235
2026-03-25 09:05:06,346 INFO o.a.j.t.JMeterThread: Thread finished: MainUserLoad 1-235
2026-03-25 09:05:06,346 INFO o.a.j.t.JMeterThread: Stopping because end time detected by thread: MainUserLoad 1-113
2026-03-25 09:05:06,346 INFO o.a.j.t.JMeterThread: Thread finished: MainUserLoad 1-113
2026-03-25 09:05:06,346 INFO o.a.j.t.JMeterThread: Stopping because end time detected by thread: MainUserLoad 1-299
2026-03-25 09:05:06,346 INFO o.a.j.t.JMeterThread: Thread finished: MainUserLoad 1-299
2026-03-25 09:05:06,346 INFO o.a.j.t.JMeterThread: Stopping because end time detected by thread: MainUserLoad 1-214
2026-03-25 09:05:06,346 INFO o.a.j.t.JMeterThread: Thread finished: MainUserLoad 1-214
2026-03-25 09:05:06,346 INFO o.a.j.t.JMeterThread: Stopping because end time detected by thread: MainUserLoad 1-77
2026-03-25 09:05:06,346 INFO o.a.j.t.JMeterThread: Thread finished: MainUserLoad 1-77
2026-03-25 09:05:06,347 INFO o.a.j.t.JMeterThread: Stopping because end time detected by thread: MainUserLoad 1-53
2026-03-25 09:05:06,348 INFO o.a.j.t.JMeterThread: Thread finished: MainUserLoad 1-53
2026-03-25 09:05:06,348 INFO o.a.j.t.JMeterThread: Stopping because end time detected by thread: MainUserLoad 1-23
2026-03-25 09:05:06,348 INFO o.a.j.t.JMeterThread: Thread finished: MainUserLoad 1-23
2026-03-25 09:05:06,348 INFO o.a.j.t.JMeterThread: Stopping because end time detected by thread: MainUserLoad 1-353
2026-03-25 09:05:06,348 INFO o.a.j.t.JMeterThread: Stopping because end time detected by thread: MainUserLoad 1-79
2026-03-25 09:05:06,348 INFO o.a.j.t.JMeterThread: Thread finished: MainUserLoad 1-353
2026-03-25 09:05:06,348 INFO o.a.j.t.JMeterThread: Stopping because end time detected by thread: MainUserLoad 1-254
2026-03-25 09:05:06,348 INFO o.a.j.t.JMeterThread: Stopping because end time detected by thread: MainUserLoad 1-88
2026-03-25 09:05:06,348 INFO o.a.j.t.JMeterThread: Thread finished: MainUserLoad 1-254
2026-03-25 09:05:06,348 INFO o.a.j.t.JMeterThread: Thread finished: MainUserLoad 1-79
2026-03-25 09:05:06,348 INFO o.a.j.t.JMeterThread: Thread finished: MainUserLoad 1-88
2026-03-25 09:05:06,349 INFO o.a.j.t.JMeterThread: Stopping because end time detected by thread: MainUserLoad 1-122
2026-03-25 09:05:06,350 INFO o.a.j.t.JMeterThread: Thread finished: MainUserLoad 1-122
2026-03-25 09:05:06,350 INFO o.a.j.t.JMeterThread: Stopping because end time detected by thread: MainUserLoad 1-282
2026-03-25 09:05:06,350 INFO o.a.j.t.JMeterThread: Thread finished: MainUserLoad 1-282
2026-03-25 09:05:06,350 INFO o.a.j.t.JMeterThread: Stopping because end time detected by thread: MainUserLoad 1-389
2026-03-25 09:05:06,350 INFO o.a.j.t.JMeterThread: Stopping because end time detected by thread: MainUserLoad 1-167
2026-03-25 09:05:06,350 INFO o.a.j.t.JMeterThread: Thread finished: MainUserLoad 1-389
2026-03-25 09:05:06,351 INFO o.a.j.t.JMeterThread: Thread finished: MainUserLoad 1-167
2026-03-25 09:05:06,351 INFO o.a.j.t.JMeterThread: Stopping because end time detected by thread: MainUserLoad 1-271
2026-03-25 09:05:06,351 INFO o.a.j.t.JMeterThread: Stopping because end time detected by thread: MainUserLoad 1-123
2026-03-25 09:05:06,351 INFO o.a.j.t.JMeterThread: Thread finished: MainUserLoad 1-271
2026-03-25 09:05:06,351 INFO o.a.j.t.JMeterThread: Thread finished: MainUserLoad 1-123
2026-03-25 09:05:06,352 INFO o.a.j.t.JMeterThread: Stopping because end time detected by thread: MainUserLoad 1-425
2026-03-25 09:05:06,352 INFO o.a.j.t.JMeterThread: Thread finished: MainUserLoad 1-425
2026-03-25 09:05:06,361 INFO o.a.j.t.JMeterThread: Stopping because end time detected by thread: MainUserLoad 1-194
2026-03-25 09:05:06,361 INFO o.a.j.t.JMeterThread: Thread finished: MainUserLoad 1-194
2026-03-25 09:05:06,362 INFO o.a.j.t.JMeterThread: Stopping because end time detected by thread: MainUserLoad 1-71
2026-03-25 09:05:06,363 INFO o.a.j.t.JMeterThread: Thread finished: MainUserLoad 1-71
2026-03-25 09:05:06,363 INFO o.a.j.t.JMeterThread: Stopping because end time detected by thread: MainUserLoad 1-461
2026-03-25 09:05:06,363 INFO o.a.j.t.JMeterThread: Stopping because end time detected by thread: MainUserLoad 1-158
2026-03-25 09:05:06,363 INFO o.a.j.t.JMeterThread: Thread finished: MainUserLoad 1-461
2026-03-25 09:05:06,364 INFO o.a.j.t.JMeterThread: Thread finished: MainUserLoad 1-158
2026-03-25 09:05:06,365 INFO o.a.j.t.JMeterThread: Stopping because end time detected by thread: MainUserLoad 1-300
2026-03-25 09:05:06,365 INFO o.a.j.t.JMeterThread: Stopping because end time detected by thread: MainUserLoad 1-203
2026-03-25 09:05:06,365 INFO o.a.j.t.JMeterThread: Thread finished: MainUserLoad 1-300
2026-03-25 09:05:06,365 INFO o.a.j.t.JMeterThread: Thread finished: MainUserLoad 1-203
2026-03-25 09:05:06,365 INFO o.a.j.t.JMeterThread: Stopping because end time detected by thread: MainUserLoad 1-447
2026-03-25 09:05:06,365 INFO o.a.j.t.JMeterThread: Thread finished: MainUserLoad 1-447
2026-03-25 09:05:06,366 INFO o.a.j.t.JMeterThread: Stopping because end time detected by thread: MainUserLoad 1-313
2026-03-25 09:05:06,366 INFO o.a.j.t.JMeterThread: Thread finished: MainUserLoad 1-313
2026-03-25 09:05:06,366 INFO o.a.j.t.JMeterThread: Stopping because end time detected by thread: MainUserLoad 1-42
2026-03-25 09:05:06,366 INFO o.a.j.t.JMeterThread: Thread finished: MainUserLoad 1-42
2026-03-25 09:05:06,367 INFO o.a.j.t.JMeterThread: Stopping because end time detected by thread: MainUserLoad 1-226
2026-03-25 09:05:06,367 INFO o.a.j.t.JMeterThread: Thread finished: MainUserLoad 1-226
2026-03-25 09:05:06,367 INFO o.a.j.t.JMeterThread: Stopping because end time detected by thread: MainUserLoad 1-388
2026-03-25 09:05:06,367 INFO o.a.j.t.JMeterThread: Thread finished: MainUserLoad 1-388
2026-03-25 09:05:06,368 INFO o.a.j.t.JMeterThread: Stopping because end time detected by thread: MainUserLoad 1-103
2026-03-25 09:05:06,368 INFO o.a.j.t.JMeterThread: Thread finished: MainUserLoad 1-103
2026-03-25 09:05:06,368 INFO o.a.j.t.JMeterThread: Stopping because end time detected by thread: MainUserLoad 1-284
2026-03-25 09:05:06,368 INFO o.a.j.t.JMeterThread: Thread finished: MainUserLoad 1-284
2026-03-25 09:05:06,370 INFO o.a.j.t.JMeterThread: Stopping because end time detected by thread: MainUserLoad 1-85
2026-03-25 09:05:06,370 INFO o.a.j.t.JMeterThread: Thread finished: MainUserLoad 1-85
2026-03-25 09:05:06,370 INFO o.a.j.t.JMeterThread: Stopping because end time detected by thread: MainUserLoad 1-128
2026-03-25 09:05:06,370 INFO o.a.j.t.JMeterThread: Thread finished: MainUserLoad 1-128
2026-03-25 09:05:06,370 INFO o.a.j.t.JMeterThread: Stopping because end time detected by thread: MainUserLoad 1-295
2026-03-25 09:05:06,370 INFO o.a.j.t.JMeterThread: Thread finished: MainUserLoad 1-295
2026-03-25 09:05:06,370 INFO o.a.j.t.JMeterThread: Stopping because end time detected by thread: MainUserLoad 1-256
2026-03-25 09:05:06,370 INFO o.a.j.t.JMeterThread: Stopping because end time detected by thread: MainUserLoad 1-429
2026-03-25 09:05:06,370 INFO o.a.j.t.JMeterThread: Thread finished: MainUserLoad 1-256
2026-03-25 09:05:06,370 INFO o.a.j.t.JMeterThread: Stopping because end time detected by thread: MainUserLoad 1-270
2026-03-25 09:05:06,370 INFO o.a.j.t.JMeterThread: Thread finished: MainUserLoad 1-429
2026-03-25 09:05:06,370 INFO o.a.j.t.JMeterThread: Thread finished: MainUserLoad 1-270
2026-03-25 09:05:06,370 INFO o.a.j.t.JMeterThread: Stopping because end time detected by thread: MainUserLoad 1-171
2026-03-25 09:05:06,370 INFO o.a.j.t.JMeterThread: Thread finished: MainUserLoad 1-171
2026-03-25 09:05:06,371 INFO o.a.j.t.JMeterThread: Stopping because end time detected by thread: MainUserLoad 1-216
2026-03-25 09:05:06,371 INFO o.a.j.t.JMeterThread: Thread finished: MainUserLoad 1-216
2026-03-25 09:05:06,371 INFO o.a.j.t.JMeterThread: Stopping because end time detected by thread: MainUserLoad 1-443
2026-03-25 09:05:06,371 INFO o.a.j.t.JMeterThread: Thread finished: MainUserLoad 1-443
2026-03-25 09:05:06,372 INFO o.a.j.t.JMeterThread: Stopping because end time detected by thread: MainUserLoad 1-204
2026-03-25 09:05:06,372 INFO o.a.j.t.JMeterThread: Stopping because end time detected by thread: MainUserLoad 1-139
2026-03-25 09:05:06,372 INFO o.a.j.t.JMeterThread: Thread finished: MainUserLoad 1-139
2026-03-25 09:05:06,372 INFO o.a.j.t.JMeterThread: Thread finished: MainUserLoad 1-204
2026-03-25 09:05:06,372 INFO o.a.j.t.JMeterThread: Stopping because end time detected by thread: MainUserLoad 1-46
2026-03-25 09:05:06,372 INFO o.a.j.t.JMeterThread: Thread finished: MainUserLoad 1-46
2026-03-25 09:05:06,372 INFO o.a.j.t.JMeterThread: Stopping because end time detected by thread: MainUserLoad 1-104
2026-03-25 09:05:06,372 INFO o.a.j.t.JMeterThread: Thread finished: MainUserLoad 1-104
2026-03-25 09:05:06,373 INFO o.a.j.t.JMeterThread: Stopping because end time detected by thread: MainUserLoad 1-188
2026-03-25 09:05:06,373 INFO o.a.j.t.JMeterThread: Stopping because end time detected by thread: MainUserLoad 1-110
2026-03-25 09:05:06,373 INFO o.a.j.t.JMeterThread: Thread finished: MainUserLoad 1-188
2026-03-25 09:05:06,373 INFO o.a.j.t.JMeterThread: Stopping because end time detected by thread: MainUserLoad 1-93
2026-03-25 09:05:06,373 INFO o.a.j.t.JMeterThread: Stopping because end time detected by thread: MainUserLoad 1-261
2026-03-25 09:05:06,373 INFO o.a.j.t.JMeterThread: Thread finished: MainUserLoad 1-93
2026-03-25 09:05:06,373 INFO o.a.j.t.JMeterThread: Thread finished: MainUserLoad 1-110
2026-03-25 09:05:06,374 INFO o.a.j.t.JMeterThread: Thread finished: MainUserLoad 1-261
2026-03-25 09:05:06,374 INFO o.a.j.t.JMeterThread: Stopping because end time detected by thread: MainUserLoad 1-475
2026-03-25 09:05:06,374 INFO o.a.j.t.JMeterThread: Thread finished: MainUserLoad 1-475
2026-03-25 09:05:06,373 INFO o.a.j.t.JMeterThread: Stopping because end time detected by thread: MainUserLoad 1-380
2026-03-25 09:05:06,374 INFO o.a.j.t.JMeterThread: Thread finished: MainUserLoad 1-380
2026-03-25 09:05:06,374 INFO o.a.j.t.JMeterThread: Stopping because end time detected by thread: MainUserLoad 1-336
2026-03-25 09:05:06,374 INFO o.a.j.t.JMeterThread: Thread finished: MainUserLoad 1-336
2026-03-25 09:05:06,374 INFO o.a.j.t.JMeterThread: Stopping because end time detected by thread: MainUserLoad 1-67
2026-03-25 09:05:06,374 INFO o.a.j.t.JMeterThread: Thread finished: MainUserLoad 1-67
2026-03-25 09:05:06,573 INFO o.a.j.t.JMeterThread: Stopping because end time detected by thread: MainUserLoad 1-221
2026-03-25 09:05:06,574 INFO o.a.j.t.JMeterThread: Thread finished: MainUserLoad 1-221
2026-03-25 09:05:06,573 INFO o.a.j.t.JMeterThread: Stopping because end time detected by thread: MainUserLoad 1-681
2026-03-25 09:05:06,576 INFO o.a.j.t.JMeterThread: Thread finished: MainUserLoad 1-681
2026-03-25 09:05:06,590 INFO o.a.j.t.JMeterThread: Stopping because end time detected by thread: MainUserLoad 1-291
2026-03-25 09:05:06,590 INFO o.a.j.t.JMeterThread: Stopping because end time detected by thread: MainUserLoad 1-225
2026-03-25 09:05:06,590 INFO o.a.j.t.JMeterThread: Thread finished: MainUserLoad 1-291
2026-03-25 09:05:06,591 INFO o.a.j.t.JMeterThread: Thread finished: MainUserLoad 1-225
2026-03-25 09:05:06,591 INFO o.a.j.t.JMeterThread: Stopping because end time detected by thread: MainUserLoad 1-152
2026-03-25 09:05:06,591 INFO o.a.j.t.JMeterThread: Stopping because end time detected by thread: MainUserLoad 1-573
2026-03-25 09:05:06,592 INFO o.a.j.t.JMeterThread: Thread finished: MainUserLoad 1-573
2026-03-25 09:05:06,592 INFO o.a.j.t.JMeterThread: Stopping because end time detected by thread: MainUserLoad 1-166
2026-03-25 09:05:06,592 INFO o.a.j.t.JMeterThread: Thread finished: MainUserLoad 1-166
2026-03-25 09:05:06,594 INFO o.a.j.t.JMeterThread: Stopping because end time detected by thread: MainUserLoad 1-519
2026-03-25 09:05:06,594 INFO o.a.j.t.JMeterThread: Thread finished: MainUserLoad 1-519
2026-03-25 09:05:06,595 INFO o.a.j.t.JMeterThread: Stopping because end time detected by thread: MainUserLoad 1-117
2026-03-25 09:05:06,595 INFO o.a.j.t.JMeterThread: Stopping because end time detected by thread: MainUserLoad 1-275
2026-03-25 09:05:06,595 INFO o.a.j.t.JMeterThread: Thread finished: MainUserLoad 1-117
2026-03-25 09:05:06,596 INFO o.a.j.t.JMeterThread: Thread finished: MainUserLoad 1-275
2026-03-25 09:05:06,590 INFO o.a.j.t.JMeterThread: Stopping because end time detected by thread: MainUserLoad 1-259
2026-03-25 09:05:06,596 INFO o.a.j.t.JMeterThread: Stopping because end time detected by thread: MainUserLoad 1-211
2026-03-25 09:05:06,597 INFO o.a.j.t.JMeterThread: Stopping because end time detected by thread: MainUserLoad 1-582
2026-03-25 09:05:06,597 INFO o.a.j.t.JMeterThread: Thread finished: MainUserLoad 1-211
2026-03-25 09:05:06,597 INFO o.a.j.t.JMeterThread: Thread finished: MainUserLoad 1-582
2026-03-25 09:05:06,597 INFO o.a.j.t.JMeterThread: Stopping because end time detected by thread: MainUserLoad 1-858
2026-03-25 09:05:06,597 INFO o.a.j.t.JMeterThread: Thread finished: MainUserLoad 1-858
2026-03-25 09:05:06,591 INFO o.a.j.t.JMeterThread: Thread finished: MainUserLoad 1-152
2026-03-25 09:05:06,597 INFO o.a.j.t.JMeterThread: Stopping because end time detected by thread: MainUserLoad 1-775
2026-03-25 09:05:06,598 INFO o.a.j.t.JMeterThread: Stopping because end time detected by thread: MainUserLoad 1-106
2026-03-25 09:05:06,598 INFO o.a.j.t.JMeterThread: Thread finished: MainUserLoad 1-106
2026-03-25 09:05:06,596 INFO o.a.j.t.JMeterThread: Stopping because end time detected by thread: MainUserLoad 1-822
2026-03-25 09:05:06,599 INFO o.a.j.t.JMeterThread: Thread finished: MainUserLoad 1-822
2026-03-25 09:05:06,599 INFO o.a.j.t.JMeterThread: Thread finished: MainUserLoad 1-259
2026-03-25 09:05:06,598 INFO o.a.j.t.JMeterThread: Thread finished: MainUserLoad 1-775
2026-03-25 09:05:06,608 INFO o.a.j.t.JMeterThread: Stopping because end time detected by thread: MainUserLoad 1-706
2026-03-25 09:05:06,608 INFO o.a.j.t.JMeterThread: Stopping because end time detected by thread: MainUserLoad 1-899
2026-03-25 09:05:06,608 INFO o.a.j.t.JMeterThread: Stopping because end time detected by thread: MainUserLoad 1-17
2026-03-25 09:05:06,608 INFO o.a.j.t.JMeterThread: Thread finished: MainUserLoad 1-706
2026-03-25 09:05:06,608 INFO o.a.j.t.JMeterThread: Thread finished: MainUserLoad 1-899
2026-03-25 09:05:06,608 INFO o.a.j.t.JMeterThread: Thread finished: MainUserLoad 1-17
2026-03-25 09:05:06,611 INFO o.a.j.t.JMeterThread: Stopping because end time detected by thread: MainUserLoad 1-707
2026-03-25 09:05:06,611 INFO o.a.j.t.JMeterThread: Thread finished: MainUserLoad 1-707
2026-03-25 09:05:06,611 INFO o.a.j.t.JMeterThread: Stopping because end time detected by thread: MainUserLoad 1-234
2026-03-25 09:05:06,611 INFO o.a.j.t.JMeterThread: Stopping because end time detected by thread: MainUserLoad 1-718
2026-03-25 09:05:06,612 INFO o.a.j.t.JMeterThread: Thread finished: MainUserLoad 1-718
2026-03-25 09:05:06,611 INFO o.a.j.t.JMeterThread: Thread finished: MainUserLoad 1-234
2026-03-25 09:05:06,613 INFO o.a.j.t.JMeterThread: Stopping because end time detected by thread: MainUserLoad 1-74
2026-03-25 09:05:06,613 INFO o.a.j.t.JMeterThread: Thread finished: MainUserLoad 1-74
2026-03-25 09:05:06,620 INFO o.a.j.t.JMeterThread: Stopping because end time detected by thread: MainUserLoad 1-382
2026-03-25 09:05:06,622 INFO o.a.j.t.JMeterThread: Thread finished: MainUserLoad 1-382
2026-03-25 09:05:06,622 INFO o.a.j.t.JMeterThread: Stopping because end time detected by thread: MainUserLoad 1-863
2026-03-25 09:05:06,622 INFO o.a.j.t.JMeterThread: Stopping because end time detected by thread: MainUserLoad 1-516
2026-03-25 09:05:06,622 INFO o.a.j.t.JMeterThread: Thread finished: MainUserLoad 1-863
2026-03-25 09:05:06,622 INFO o.a.j.t.JMeterThread: Thread finished: MainUserLoad 1-516
2026-03-25 09:05:06,622 INFO o.a.j.t.JMeterThread: Stopping because end time detected by thread: MainUserLoad 1-952
2026-03-25 09:05:06,622 INFO o.a.j.t.JMeterThread: Thread finished: MainUserLoad 1-952
2026-03-25 09:05:06,624 INFO o.a.j.t.JMeterThread: Stopping because end time detected by thread: MainUserLoad 1-22
2026-03-25 09:05:06,624 INFO o.a.j.t.JMeterThread: Thread finished: MainUserLoad 1-22
2026-03-25 09:05:06,624 INFO o.a.j.t.JMeterThread: Stopping because end time detected by thread: MainUserLoad 1-531
2026-03-25 09:05:06,624 INFO o.a.j.t.JMeterThread: Thread finished: MainUserLoad 1-531
2026-03-25 09:05:06,625 INFO o.a.j.t.JMeterThread: Stopping because end time detected by thread: MainUserLoad 1-354
2026-03-25 09:05:06,626 INFO o.a.j.t.JMeterThread: Thread finished: MainUserLoad 1-354
2026-03-25 09:05:06,627 INFO o.a.j.t.JMeterThread: Stopping because end time detected by thread: MainUserLoad 1-797
2026-03-25 09:05:06,627 INFO o.a.j.t.JMeterThread: Stopping because end time detected by thread: MainUserLoad 1-971
2026-03-25 09:05:06,627 INFO o.a.j.t.JMeterThread: Thread finished: MainUserLoad 1-797
2026-03-25 09:05:06,627 INFO o.a.j.t.JMeterThread: Thread finished: MainUserLoad 1-971
2026-03-25 09:05:06,627 INFO o.a.j.t.JMeterThread: Stopping because end time detected by thread: MainUserLoad 1-904
2026-03-25 09:05:06,627 INFO o.a.j.t.JMeterThread: Thread finished: MainUserLoad 1-904
2026-03-25 09:05:06,628 INFO o.a.j.t.JMeterThread: Stopping because end time detected by thread: MainUserLoad 1-381
2026-03-25 09:05:06,628 INFO o.a.j.t.JMeterThread: Thread finished: MainUserLoad 1-381
2026-03-25 09:05:06,628 INFO o.a.j.t.JMeterThread: Stopping because end time detected by thread: MainUserLoad 1-37
2026-03-25 09:05:06,629 INFO o.a.j.t.JMeterThread: Thread finished: MainUserLoad 1-37
2026-03-25 09:05:06,629 INFO o.a.j.t.JMeterThread: Stopping because end time detected by thread: MainUserLoad 1-187
2026-03-25 09:05:06,629 INFO o.a.j.t.JMeterThread: Thread finished: MainUserLoad 1-187
2026-03-25 09:05:06,636 INFO o.a.j.t.JMeterThread: Stopping because end time detected by thread: MainUserLoad 1-956
2026-03-25 09:05:06,636 INFO o.a.j.t.JMeterThread: Stopping because end time detected by thread: MainUserLoad 1-546
2026-03-25 09:05:06,636 INFO o.a.j.t.JMeterThread: Stopping because end time detected by thread: MainUserLoad 1-369
2026-03-25 09:05:06,636 INFO o.a.j.t.JMeterThread: Thread finished: MainUserLoad 1-956
2026-03-25 09:05:06,636 INFO o.a.j.t.JMeterThread: Stopping because end time detected by thread: MainUserLoad 1-601
2026-03-25 09:05:06,636 INFO o.a.j.t.JMeterThread: Thread finished: MainUserLoad 1-369
2026-03-25 09:05:06,636 INFO o.a.j.t.JMeterThread: Thread finished: MainUserLoad 1-546
2026-03-25 09:05:06,636 INFO o.a.j.t.JMeterThread: Thread finished: MainUserLoad 1-601
2026-03-25 09:05:06,636 INFO o.a.j.t.JMeterThread: Stopping because end time detected by thread: MainUserLoad 1-505
2026-03-25 09:05:06,638 INFO o.a.j.t.JMeterThread: Thread finished: MainUserLoad 1-505
2026-03-25 09:05:06,638 INFO o.a.j.t.JMeterThread: Stopping because end time detected by thread: MainUserLoad 1-907
2026-03-25 09:05:06,638 INFO o.a.j.t.JMeterThread: Thread finished: MainUserLoad 1-907
2026-03-25 09:05:06,638 INFO o.a.j.t.JMeterThread: Stopping because end time detected by thread: MainUserLoad 1-309
2026-03-25 09:05:06,638 INFO o.a.j.t.JMeterThread: Thread finished: MainUserLoad 1-309
2026-03-25 09:05:06,638 INFO o.a.j.t.JMeterThread: Stopping because end time detected by thread: MainUserLoad 1-763
2026-03-25 09:05:06,638 INFO o.a.j.t.JMeterThread: Thread finished: MainUserLoad 1-763
2026-03-25 09:05:06,639 INFO o.a.j.t.JMeterThread: Stopping because end time detected by thread: MainUserLoad 1-662
2026-03-25 09:05:06,639 INFO o.a.j.t.JMeterThread: Thread finished: MainUserLoad 1-662
2026-03-25 09:05:06,640 INFO o.a.j.t.JMeterThread: Stopping because end time detected by thread: MainUserLoad 1-229
2026-03-25 09:05:06,640 INFO o.a.j.t.JMeterThread: Thread finished: MainUserLoad 1-229
2026-03-25 09:05:06,641 INFO o.a.j.t.JMeterThread: Stopping because end time detected by thread: MainUserLoad 1-725
2026-03-25 09:05:06,641 INFO o.a.j.t.JMeterThread: Stopping because end time detected by thread: MainUserLoad 1-636
2026-03-25 09:05:06,641 INFO o.a.j.t.JMeterThread: Thread finished: MainUserLoad 1-725
2026-03-25 09:05:06,641 INFO o.a.j.t.JMeterThread: Thread finished: MainUserLoad 1-636
2026-03-25 09:05:06,641 INFO o.a.j.t.JMeterThread: Stopping because end time detected by thread: MainUserLoad 1-536
2026-03-25 09:05:06,641 INFO o.a.j.t.JMeterThread: Thread finished: MainUserLoad 1-536
2026-03-25 09:05:06,642 INFO o.a.j.t.JMeterThread: Stopping because end time detected by thread: MainUserLoad 1-165
2026-03-25 09:05:06,642 INFO o.a.j.t.JMeterThread: Stopping because end time detected by thread: MainUserLoad 1-606
2026-03-25 09:05:06,642 INFO o.a.j.t.JMeterThread: Thread finished: MainUserLoad 1-606
2026-03-25 09:05:06,642 INFO o.a.j.t.JMeterThread: Thread finished: MainUserLoad 1-165
2026-03-25 09:05:06,642 INFO o.a.j.t.JMeterThread: Stopping because end time detected by thread: MainUserLoad 1-490
2026-03-25 09:05:06,642 INFO o.a.j.t.JMeterThread: Thread finished: MainUserLoad 1-490
2026-03-25 09:05:06,643 INFO o.a.j.t.JMeterThread: Stopping because end time detected by thread: MainUserLoad 1-242
2026-03-25 09:05:06,643 INFO o.a.j.t.JMeterThread: Stopping because end time detected by thread: MainUserLoad 1-95
2026-03-25 09:05:06,643 INFO o.a.j.t.JMeterThread: Thread finished: MainUserLoad 1-242
2026-03-25 09:05:06,643 INFO o.a.j.t.JMeterThread: Stopping because end time detected by thread: MainUserLoad 1-643
2026-03-25 09:05:06,643 INFO o.a.j.t.JMeterThread: Thread finished: MainUserLoad 1-95
2026-03-25 09:05:06,643 INFO o.a.j.t.JMeterThread: Thread finished: MainUserLoad 1-643
2026-03-25 09:05:06,643 INFO o.a.j.t.JMeterThread: Stopping because end time detected by thread: MainUserLoad 1-861
2026-03-25 09:05:06,643 INFO o.a.j.t.JMeterThread: Stopping because end time detected by thread: MainUserLoad 1-695
2026-03-25 09:05:06,643 INFO o.a.j.t.JMeterThread: Thread finished: MainUserLoad 1-861
2026-03-25 09:05:06,643 INFO o.a.j.t.JMeterThread: Stopping because end time detected by thread: MainUserLoad 1-639
2026-03-25 09:05:06,643 INFO o.a.j.t.JMeterThread: Thread finished: MainUserLoad 1-639
2026-03-25 09:05:06,643 INFO o.a.j.t.JMeterThread: Stopping because end time detected by thread: MainUserLoad 1-172
2026-03-25 09:05:06,643 INFO o.a.j.t.JMeterThread: Thread finished: MainUserLoad 1-695
2026-03-25 09:05:06,643 INFO o.a.j.t.JMeterThread: Stopping because end time detected by thread: MainUserLoad 1-478
2026-03-25 09:05:06,644 INFO o.a.j.t.JMeterThread: Thread finished: MainUserLoad 1-172
2026-03-25 09:05:06,644 INFO o.a.j.t.JMeterThread: Stopping because end time detected by thread: MainUserLoad 1-481
2026-03-25 09:05:06,644 INFO o.a.j.t.JMeterThread: Thread finished: MainUserLoad 1-478
2026-03-25 09:05:06,650 INFO o.a.j.t.JMeterThread: Thread finished: MainUserLoad 1-481
2026-03-25 09:05:06,652 INFO o.a.j.t.JMeterThread: Stopping because end time detected by thread: MainUserLoad 1-215
2026-03-25 09:05:06,653 INFO o.a.j.t.JMeterThread: Thread finished: MainUserLoad 1-215
2026-03-25 09:05:06,653 INFO o.a.j.t.JMeterThread: Stopping because end time detected by thread: MainUserLoad 1-168
2026-03-25 09:05:06,653 INFO o.a.j.t.JMeterThread: Stopping because end time detected by thread: MainUserLoad 1-250
2026-03-25 09:05:06,653 INFO o.a.j.t.JMeterThread: Stopping because end time detected by thread: MainUserLoad 1-814
2026-03-25 09:05:06,653 INFO o.a.j.t.JMeterThread: Thread finished: MainUserLoad 1-168
2026-03-25 09:05:06,653 INFO o.a.j.t.JMeterThread: Thread finished: MainUserLoad 1-814
2026-03-25 09:05:06,653 INFO o.a.j.t.JMeterThread: Thread finished: MainUserLoad 1-250
2026-03-25 09:05:06,654 INFO o.a.j.t.JMeterThread: Stopping because end time detected by thread: MainUserLoad 1-379
2026-03-25 09:05:06,654 INFO o.a.j.t.JMeterThread: Thread finished: MainUserLoad 1-379
2026-03-25 09:05:06,654 INFO o.a.j.t.JMeterThread: Stopping because end time detected by thread: MainUserLoad 1-565
2026-03-25 09:05:06,654 INFO o.a.j.t.JMeterThread: Thread finished: MainUserLoad 1-565
2026-03-25 09:05:06,654 INFO o.a.j.t.JMeterThread: Stopping because end time detected by thread: MainUserLoad 1-338
2026-03-25 09:05:06,654 INFO o.a.j.t.JMeterThread: Stopping because end time detected by thread: MainUserLoad 1-296
2026-03-25 09:05:06,654 INFO o.a.j.t.JMeterThread: Stopping because end time detected by thread: MainUserLoad 1-879
2026-03-25 09:05:06,654 INFO o.a.j.t.JMeterThread: Thread finished: MainUserLoad 1-879
2026-03-25 09:05:06,654 INFO o.a.j.t.JMeterThread: Thread finished: MainUserLoad 1-338
2026-03-25 09:05:06,654 INFO o.a.j.t.JMeterThread: Thread finished: MainUserLoad 1-296
2026-03-25 09:05:06,655 INFO o.a.j.t.JMeterThread: Stopping because end time detected by thread: MainUserLoad 1-840
2026-03-25 09:05:06,656 INFO o.a.j.t.JMeterThread: Thread finished: MainUserLoad 1-840
2026-03-25 09:05:06,656 INFO o.a.j.t.JMeterThread: Stopping because end time detected by thread: MainUserLoad 1-200
2026-03-25 09:05:06,656 INFO o.a.j.t.JMeterThread: Thread finished: MainUserLoad 1-200
2026-03-25 09:05:06,656 INFO o.a.j.t.JMeterThread: Stopping because end time detected by thread: MainUserLoad 1-558
2026-03-25 09:05:06,656 INFO o.a.j.t.JMeterThread: Stopping because end time detected by thread: MainUserLoad 1-348
2026-03-25 09:05:06,656 INFO o.a.j.t.JMeterThread: Thread finished: MainUserLoad 1-558
2026-03-25 09:05:06,656 INFO o.a.j.t.JMeterThread: Thread finished: MainUserLoad 1-348
2026-03-25 09:05:06,656 INFO o.a.j.t.JMeterThread: Stopping because end time detected by thread: MainUserLoad 1-998
2026-03-25 09:05:06,656 INFO o.a.j.t.JMeterThread: Stopping because end time detected by thread: MainUserLoad 1-743
2026-03-25 09:05:06,656 INFO o.a.j.t.JMeterThread: Thread finished: MainUserLoad 1-998
2026-03-25 09:05:06,658 INFO o.a.j.t.JMeterThread: Thread finished: MainUserLoad 1-743
2026-03-25 09:05:06,658 INFO o.a.j.t.JMeterThread: Stopping because end time detected by thread: MainUserLoad 1-915
2026-03-25 09:05:06,658 INFO o.a.j.t.JMeterThread: Thread finished: MainUserLoad 1-915
2026-03-25 09:05:06,658 INFO o.a.j.t.JMeterThread: Stopping because end time detected by thread: MainUserLoad 1-162
2026-03-25 09:05:06,658 INFO o.a.j.t.JMeterThread: Thread finished: MainUserLoad 1-162
2026-03-25 09:05:06,658 INFO o.a.j.t.JMeterThread: Stopping because end time detected by thread: MainUserLoad 1-360
2026-03-25 09:05:06,658 INFO o.a.j.t.JMeterThread: Thread finished: MainUserLoad 1-360
2026-03-25 09:05:06,659 INFO o.a.j.t.JMeterThread: Stopping because end time detected by thread: MainUserLoad 1-986
2026-03-25 09:05:06,659 INFO o.a.j.t.JMeterThread: Thread finished: MainUserLoad 1-986
2026-03-25 09:05:06,659 INFO o.a.j.t.JMeterThread: Stopping because end time detected by thread: MainUserLoad 1-182
2026-03-25 09:05:06,660 INFO o.a.j.t.JMeterThread: Thread finished: MainUserLoad 1-182
2026-03-25 09:05:06,667 INFO o.a.j.t.JMeterThread: Stopping because end time detected by thread: MainUserLoad 1-717
2026-03-25 09:05:06,667 INFO o.a.j.t.JMeterThread: Stopping because end time detected by thread: MainUserLoad 1-494
2026-03-25 09:05:06,667 INFO o.a.j.t.JMeterThread: Thread finished: MainUserLoad 1-717
2026-03-25 09:05:06,667 INFO o.a.j.t.JMeterThread: Thread finished: MainUserLoad 1-494
2026-03-25 09:05:06,667 INFO o.a.j.t.JMeterThread: Stopping because end time detected by thread: MainUserLoad 1-640
2026-03-25 09:05:06,667 INFO o.a.j.t.JMeterThread: Thread finished: MainUserLoad 1-640
2026-03-25 09:05:06,668 INFO o.a.j.t.JMeterThread: Stopping because end time detected by thread: MainUserLoad 1-75
2026-03-25 09:05:06,669 INFO o.a.j.t.JMeterThread: Thread finished: MainUserLoad 1-75
2026-03-25 09:05:06,669 INFO o.a.j.t.JMeterThread: Stopping because end time detected by thread: MainUserLoad 1-27
2026-03-25 09:05:06,669 INFO o.a.j.t.JMeterThread: Thread finished: MainUserLoad 1-27
2026-03-25 09:05:06,670 INFO o.a.j.t.JMeterThread: Stopping because end time detected by thread: MainUserLoad 1-845
2026-03-25 09:05:06,670 INFO o.a.j.t.JMeterThread: Thread finished: MainUserLoad 1-845
2026-03-25 09:05:06,670 INFO o.a.j.t.JMeterThread: Stopping because end time detected by thread: MainUserLoad 1-704
2026-03-25 09:05:06,670 INFO o.a.j.t.JMeterThread: Stopping because end time detected by thread: MainUserLoad 1-283
2026-03-25 09:05:06,670 INFO o.a.j.t.JMeterThread: Thread finished: MainUserLoad 1-704
2026-03-25 09:05:06,670 INFO o.a.j.t.JMeterThread: Thread finished: MainUserLoad 1-283
2026-03-25 09:05:06,670 INFO o.a.j.t.JMeterThread: Stopping because end time detected by thread: MainUserLoad 1-407
2026-03-25 09:05:06,670 INFO o.a.j.t.JMeterThread: Stopping because end time detected by thread: MainUserLoad 1-509
2026-03-25 09:05:06,670 INFO o.a.j.t.JMeterThread: Stopping because end time detected by thread: MainUserLoad 1-400
2026-03-25 09:05:06,671 INFO o.a.j.t.JMeterThread: Stopping because end time detected by thread: MainUserLoad 1-274
2026-03-25 09:05:06,671 INFO o.a.j.t.JMeterThread: Stopping because end time detected by thread: MainUserLoad 1-716
2026-03-25 09:05:06,671 INFO o.a.j.t.JMeterThread: Thread finished: MainUserLoad 1-716
2026-03-25 09:05:06,671 INFO o.a.j.t.JMeterThread: Thread finished: MainUserLoad 1-400
2026-03-25 09:05:06,671 INFO o.a.j.t.JMeterThread: Stopping because end time detected by thread: MainUserLoad 1-609
2026-03-25 09:05:06,671 INFO o.a.j.t.JMeterThread: Thread finished: MainUserLoad 1-274
2026-03-25 09:05:06,671 INFO o.a.j.t.JMeterThread: Thread finished: MainUserLoad 1-407
2026-03-25 09:05:06,671 INFO o.a.j.t.JMeterThread: Stopping because end time detected by thread: MainUserLoad 1-895
2026-03-25 09:05:06,672 INFO o.a.j.t.JMeterThread: Thread finished: MainUserLoad 1-895
2026-03-25 09:05:06,671 INFO o.a.j.t.JMeterThread: Stopping because end time detected by thread: MainUserLoad 1-326
2026-03-25 09:05:06,671 INFO o.a.j.t.JMeterThread: Thread finished: MainUserLoad 1-509
2026-03-25 09:05:06,672 INFO o.a.j.t.JMeterThread: Thread finished: MainUserLoad 1-609
2026-03-25 09:05:06,672 INFO o.a.j.t.JMeterThread: Thread finished: MainUserLoad 1-326
2026-03-25 09:05:06,673 INFO o.a.j.t.JMeterThread: Stopping because end time detected by thread: MainUserLoad 1-961
2026-03-25 09:05:06,674 INFO o.a.j.t.JMeterThread: Thread finished: MainUserLoad 1-961
2026-03-25 09:05:06,674 INFO o.a.j.t.JMeterThread: Stopping because end time detected by thread: MainUserLoad 1-553
2026-03-25 09:05:06,674 INFO o.a.j.t.JMeterThread: Thread finished: MainUserLoad 1-553
2026-03-25 09:05:06,675 INFO o.a.j.t.JMeterThread: Stopping because end time detected by thread: MainUserLoad 1-833
2026-03-25 09:05:06,676 INFO o.a.j.t.JMeterThread: Thread finished: MainUserLoad 1-833
2026-03-25 09:05:06,676 INFO o.a.j.t.JMeterThread: Stopping because end time detected by thread: MainUserLoad 1-683
2026-03-25 09:05:06,676 INFO o.a.j.t.JMeterThread: Thread finished: MainUserLoad 1-683
2026-03-25 09:05:06,684 INFO o.a.j.t.JMeterThread: Stopping because end time detected by thread: MainUserLoad 1-442
2026-03-25 09:05:06,684 INFO o.a.j.t.JMeterThread: Thread finished: MainUserLoad 1-442
2026-03-25 09:05:06,684 INFO o.a.j.t.JMeterThread: Stopping because end time detected by thread: MainUserLoad 1-793
2026-03-25 09:05:06,684 INFO o.a.j.t.JMeterThread: Thread finished: MainUserLoad 1-793
2026-03-25 09:05:06,684 INFO o.a.j.t.JMeterThread: Stopping because end time detected by thread: MainUserLoad 1-646
2026-03-25 09:05:06,685 INFO o.a.j.t.JMeterThread: Stopping because end time detected by thread: MainUserLoad 1-287
2026-03-25 09:05:06,685 INFO o.a.j.t.JMeterThread: Thread finished: MainUserLoad 1-646
2026-03-25 09:05:06,685 INFO o.a.j.t.JMeterThread: Thread finished: MainUserLoad 1-287
2026-03-25 09:05:06,685 INFO o.a.j.t.JMeterThread: Stopping because end time detected by thread: MainUserLoad 1-983
2026-03-25 09:05:06,685 INFO o.a.j.t.JMeterThread: Thread finished: MainUserLoad 1-983
2026-03-25 09:05:06,685 INFO o.a.j.t.JMeterThread: Stopping because end time detected by thread: MainUserLoad 1-404
2026-03-25 09:05:06,686 INFO o.a.j.t.JMeterThread: Thread finished: MainUserLoad 1-404
2026-03-25 09:05:06,687 INFO o.a.j.t.JMeterThread: Stopping because end time detected by thread: MainUserLoad 1-35
2026-03-25 09:05:06,687 INFO o.a.j.t.JMeterThread: Thread finished: MainUserLoad 1-35
2026-03-25 09:05:06,687 INFO o.a.j.t.JMeterThread: Stopping because end time detected by thread: MainUserLoad 1-302
2026-03-25 09:05:06,687 INFO o.a.j.t.JMeterThread: Thread finished: MainUserLoad 1-302
2026-03-25 09:05:06,690 INFO o.a.j.t.JMeterThread: Stopping because end time detected by thread: MainUserLoad 1-542
2026-03-25 09:05:06,691 INFO o.a.j.t.JMeterThread: Thread finished: MainUserLoad 1-542
2026-03-25 09:05:06,698 INFO o.a.j.t.JMeterThread: Stopping because end time detected by thread: MainUserLoad 1-892
2026-03-25 09:05:06,698 INFO o.a.j.t.JMeterThread: Thread finished: MainUserLoad 1-892
2026-03-25 09:05:06,699 INFO o.a.j.t.JMeterThread: Stopping because end time detected by thread: MainUserLoad 1-727
2026-03-25 09:05:06,699 INFO o.a.j.t.JMeterThread: Thread finished: MainUserLoad 1-727
2026-03-25 09:05:06,700 INFO o.a.j.t.JMeterThread: Stopping because end time detected by thread: MainUserLoad 1-965
2026-03-25 09:05:06,700 INFO o.a.j.t.JMeterThread: Thread finished: MainUserLoad 1-965
2026-03-25 09:05:06,700 INFO o.a.j.t.JMeterThread: Stopping because end time detected by thread: MainUserLoad 1-307
2026-03-25 09:05:06,700 INFO o.a.j.t.JMeterThread: Stopping because end time detected by thread: MainUserLoad 1-32
2026-03-25 09:05:06,700 INFO o.a.j.t.JMeterThread: Thread finished: MainUserLoad 1-307
2026-03-25 09:05:06,700 INFO o.a.j.t.JMeterThread: Thread finished: MainUserLoad 1-32
2026-03-25 09:05:06,700 INFO o.a.j.t.JMeterThread: Stopping because end time detected by thread: MainUserLoad 1-625
2026-03-25 09:05:06,700 INFO o.a.j.t.JMeterThread: Thread finished: MainUserLoad 1-625
2026-03-25 09:05:06,700 INFO o.a.j.t.JMeterThread: Stopping because end time detected by thread: MainUserLoad 1-754
2026-03-25 09:05:06,700 INFO o.a.j.t.JMeterThread: Thread finished: MainUserLoad 1-754
2026-03-25 09:05:06,701 INFO o.a.j.t.JMeterThread: Stopping because end time detected by thread: MainUserLoad 1-140
2026-03-25 09:05:06,701 INFO o.a.j.t.JMeterThread: Thread finished: MainUserLoad 1-140
2026-03-25 09:05:06,701 INFO o.a.j.t.JMeterThread: Stopping because end time detected by thread: MainUserLoad 1-869
2026-03-25 09:05:06,701 INFO o.a.j.t.JMeterThread: Stopping because end time detected by thread: MainUserLoad 1-918
2026-03-25 09:05:06,701 INFO o.a.j.t.JMeterThread: Thread finished: MainUserLoad 1-918
2026-03-25 09:05:06,701 INFO o.a.j.t.JMeterThread: Thread finished: MainUserLoad 1-869
2026-03-25 09:05:06,702 INFO o.a.j.t.JMeterThread: Stopping because end time detected by thread: MainUserLoad 1-962
2026-03-25 09:05:06,702 INFO o.a.j.t.JMeterThread: Thread finished: MainUserLoad 1-962
2026-03-25 09:05:06,702 INFO o.a.j.t.JMeterThread: Stopping because end time detected by thread: MainUserLoad 1-709
2026-03-25 09:05:06,702 INFO o.a.j.t.JMeterThread: Thread finished: MainUserLoad 1-709
2026-03-25 09:05:06,702 INFO o.a.j.t.JMeterThread: Stopping because end time detected by thread: MainUserLoad 1-759
2026-03-25 09:05:06,702 INFO o.a.j.t.JMeterThread: Stopping because end time detected by thread: MainUserLoad 1-652
2026-03-25 09:05:06,702 INFO o.a.j.t.JMeterThread: Thread finished: MainUserLoad 1-759
2026-03-25 09:05:06,702 INFO o.a.j.t.JMeterThread: Thread finished: MainUserLoad 1-652
2026-03-25 09:05:06,702 INFO o.a.j.t.JMeterThread: Stopping because end time detected by thread: MainUserLoad 1-177
2026-03-25 09:05:06,702 INFO o.a.j.t.JMeterThread: Thread finished: MainUserLoad 1-177
2026-03-25 09:05:06,702 INFO o.a.j.t.JMeterThread: Stopping because end time detected by thread: MainUserLoad 1-493
2026-03-25 09:05:06,702 INFO o.a.j.t.JMeterThread: Thread finished: MainUserLoad 1-493
2026-03-25 09:05:06,702 INFO o.a.j.t.JMeterThread: Stopping because end time detected by thread: MainUserLoad 1-782
2026-03-25 09:05:06,702 INFO o.a.j.t.JMeterThread: Stopping because end time detected by thread: MainUserLoad 1-731
2026-03-25 09:05:06,702 INFO o.a.j.t.JMeterThread: Thread finished: MainUserLoad 1-782
2026-03-25 09:05:06,702 INFO o.a.j.t.JMeterThread: Stopping because end time detected by thread: MainUserLoad 1-608
2026-03-25 09:05:06,702 INFO o.a.j.t.JMeterThread: Stopping because end time detected by thread: MainUserLoad 1-585
2026-03-25 09:05:06,702 INFO o.a.j.t.JMeterThread: Stopping because end time detected by thread: MainUserLoad 1-28
2026-03-25 09:05:06,702 INFO o.a.j.t.JMeterThread: Thread finished: MainUserLoad 1-585
2026-03-25 09:05:06,702 INFO o.a.j.t.JMeterThread: Thread finished: MainUserLoad 1-731
2026-03-25 09:05:06,702 INFO o.a.j.t.JMeterThread: Thread finished: MainUserLoad 1-28
2026-03-25 09:05:06,702 INFO o.a.j.t.JMeterThread: Thread finished: MainUserLoad 1-608
2026-03-25 09:05:06,702 INFO o.a.j.t.JMeterThread: Stopping because end time detected by thread: MainUserLoad 1-535
2026-03-25 09:05:06,702 INFO o.a.j.t.JMeterThread: Thread finished: MainUserLoad 1-535
2026-03-25 09:05:06,704 INFO o.a.j.t.JMeterThread: Stopping because end time detected by thread: MainUserLoad 1-668
2026-03-25 09:05:06,704 INFO o.a.j.t.JMeterThread: Thread finished: MainUserLoad 1-668
2026-03-25 09:05:06,704 INFO o.a.j.t.JMeterThread: Stopping because end time detected by thread: MainUserLoad 1-632
2026-03-25 09:05:06,704 INFO o.a.j.t.JMeterThread: Thread finished: MainUserLoad 1-632
2026-03-25 09:05:06,704 INFO o.a.j.t.JMeterThread: Stopping because end time detected by thread: MainUserLoad 1-266
2026-03-25 09:05:06,704 INFO o.a.j.t.JMeterThread: Thread finished: MainUserLoad 1-266
2026-03-25 09:05:06,735 INFO o.a.j.t.JMeterThread: Stopping because end time detected by thread: MainUserLoad 1-252
2026-03-25 09:05:06,736 INFO o.a.j.t.JMeterThread: Thread finished: MainUserLoad 1-252
2026-03-25 09:05:06,746 INFO o.a.j.t.JMeterThread: Stopping because end time detected by thread: MainUserLoad 1-591
2026-03-25 09:05:06,746 INFO o.a.j.t.JMeterThread: Stopping because end time detected by thread: MainUserLoad 1-173
2026-03-25 09:05:06,746 INFO o.a.j.t.JMeterThread: Stopping because end time detected by thread: MainUserLoad 1-314
2026-03-25 09:05:06,746 INFO o.a.j.t.JMeterThread: Thread finished: MainUserLoad 1-173
2026-03-25 09:05:06,746 INFO o.a.j.t.JMeterThread: Stopping because end time detected by thread: MainUserLoad 1-878
2026-03-25 09:05:06,746 INFO o.a.j.t.JMeterThread: Thread finished: MainUserLoad 1-314
2026-03-25 09:05:06,746 INFO o.a.j.t.JMeterThread: Thread finished: MainUserLoad 1-591
2026-03-25 09:05:06,746 INFO o.a.j.t.JMeterThread: Thread finished: MainUserLoad 1-878
2026-03-25 09:05:06,746 INFO o.a.j.t.JMeterThread: Stopping because end time detected by thread: MainUserLoad 1-792
2026-03-25 09:05:06,747 INFO o.a.j.t.JMeterThread: Thread finished: MainUserLoad 1-792
2026-03-25 09:05:06,747 INFO o.a.j.t.JMeterThread: Stopping because end time detected by thread: MainUserLoad 1-521
2026-03-25 09:05:06,747 INFO o.a.j.t.JMeterThread: Stopping because end time detected by thread: MainUserLoad 1-855
2026-03-25 09:05:06,747 INFO o.a.j.t.JMeterThread: Stopping because end time detected by thread: MainUserLoad 1-358
2026-03-25 09:05:06,747 INFO o.a.j.t.JMeterThread: Thread finished: MainUserLoad 1-521
2026-03-25 09:05:06,748 INFO o.a.j.t.JMeterThread: Thread finished: MainUserLoad 1-358
2026-03-25 09:05:06,747 INFO o.a.j.t.JMeterThread: Thread finished: MainUserLoad 1-855
2026-03-25 09:05:06,748 INFO o.a.j.t.JMeterThread: Stopping because end time detected by thread: MainUserLoad 1-507
2026-03-25 09:05:06,748 INFO o.a.j.t.JMeterThread: Thread finished: MainUserLoad 1-507
2026-03-25 09:05:06,748 INFO o.a.j.t.JMeterThread: Stopping because end time detected by thread: MainUserLoad 1-988
2026-03-25 09:05:06,748 INFO o.a.j.t.JMeterThread: Thread finished: MainUserLoad 1-988
2026-03-25 09:05:06,749 INFO o.a.j.t.JMeterThread: Stopping because end time detected by thread: MainUserLoad 1-161
2026-03-25 09:05:06,749 INFO o.a.j.t.JMeterThread: Stopping because end time detected by thread: MainUserLoad 1-827
2026-03-25 09:05:06,750 INFO o.a.j.t.JMeterThread: Thread finished: MainUserLoad 1-161
2026-03-25 09:05:06,750 INFO o.a.j.t.JMeterThread: Stopping because end time detected by thread: MainUserLoad 1-423
2026-03-25 09:05:06,750 INFO o.a.j.t.JMeterThread: Thread finished: MainUserLoad 1-423
2026-03-25 09:05:06,750 INFO o.a.j.t.JMeterThread: Stopping because end time detected by thread: MainUserLoad 1-485
2026-03-25 09:05:06,750 INFO o.a.j.t.JMeterThread: Stopping because end time detected by thread: MainUserLoad 1-806
2026-03-25 09:05:06,750 INFO o.a.j.t.JMeterThread: Thread finished: MainUserLoad 1-806
2026-03-25 09:05:06,750 INFO o.a.j.t.JMeterThread: Stopping because end time detected by thread: MainUserLoad 1-773
2026-03-25 09:05:06,750 INFO o.a.j.t.JMeterThread: Thread finished: MainUserLoad 1-773
2026-03-25 09:05:06,751 INFO o.a.j.t.JMeterThread: Stopping because end time detected by thread: MainUserLoad 1-333
2026-03-25 09:05:06,751 INFO o.a.j.t.JMeterThread: Thread finished: MainUserLoad 1-333
2026-03-25 09:05:06,751 INFO o.a.j.t.JMeterThread: Thread finished: MainUserLoad 1-827
2026-03-25 09:05:06,751 INFO o.a.j.t.JMeterThread: Stopping because end time detected by thread: MainUserLoad 1-86
2026-03-25 09:05:06,751 INFO o.a.j.t.JMeterThread: Thread finished: MainUserLoad 1-86
2026-03-25 09:05:06,751 INFO o.a.j.t.JMeterThread: Stopping because end time detected by thread: MainUserLoad 1-315
2026-03-25 09:05:06,751 INFO o.a.j.t.JMeterThread: Stopping because end time detected by thread: MainUserLoad 1-467
2026-03-25 09:05:06,751 INFO o.a.j.t.JMeterThread: Thread finished: MainUserLoad 1-315
2026-03-25 09:05:06,751 INFO o.a.j.t.JMeterThread: Stopping because end time detected by thread: MainUserLoad 1-758
2026-03-25 09:05:06,751 INFO o.a.j.t.JMeterThread: Thread finished: MainUserLoad 1-467
2026-03-25 09:05:06,751 INFO o.a.j.t.JMeterThread: Thread finished: MainUserLoad 1-758
2026-03-25 09:05:06,751 INFO o.a.j.t.JMeterThread: Stopping because end time detected by thread: MainUserLoad 1-298
2026-03-25 09:05:06,751 INFO o.a.j.t.JMeterThread: Thread finished: MainUserLoad 1-298
2026-03-25 09:05:06,750 INFO o.a.j.t.JMeterThread: Thread finished: MainUserLoad 1-485
2026-03-25 09:05:06,753 INFO o.a.j.t.JMeterThread: Stopping because end time detected by thread: MainUserLoad 1-69
2026-03-25 09:05:06,753 INFO o.a.j.t.JMeterThread: Stopping because end time detected by thread: MainUserLoad 1-138
2026-03-25 09:05:06,753 INFO o.a.j.t.JMeterThread: Thread finished: MainUserLoad 1-138
2026-03-25 09:05:06,753 INFO o.a.j.t.JMeterThread: Stopping because end time detected by thread: MainUserLoad 1-809
2026-03-25 09:05:06,753 INFO o.a.j.t.JMeterThread: Thread finished: MainUserLoad 1-809
2026-03-25 09:05:06,751 INFO o.a.j.t.JMeterThread: Stopping because end time detected by thread: MainUserLoad 1-559
2026-03-25 09:05:06,753 INFO o.a.j.t.JMeterThread: Thread finished: MainUserLoad 1-559
2026-03-25 09:05:06,751 INFO o.a.j.t.JMeterThread: Stopping because end time detected by thread: MainUserLoad 1-824
2026-03-25 09:05:06,753 INFO o.a.j.t.JMeterThread: Stopping because end time detected by thread: MainUserLoad 1-479
2026-03-25 09:05:06,753 INFO o.a.j.t.JMeterThread: Thread finished: MainUserLoad 1-824
2026-03-25 09:05:06,751 INFO o.a.j.t.JMeterThread: Stopping because end time detected by thread: MainUserLoad 1-518
2026-03-25 09:05:06,754 INFO o.a.j.t.JMeterThread: Thread finished: MainUserLoad 1-479
2026-03-25 09:05:06,750 INFO o.a.j.t.JMeterThread: Stopping because end time detected by thread: MainUserLoad 1-764
2026-03-25 09:05:06,754 INFO o.a.j.t.JMeterThread: Thread finished: MainUserLoad 1-518
2026-03-25 09:05:06,750 INFO o.a.j.t.JMeterThread: Stopping because end time detected by thread: MainUserLoad 1-520
2026-03-25 09:05:06,754 INFO o.a.j.t.JMeterThread: Thread finished: MainUserLoad 1-764
2026-03-25 09:05:06,753 INFO o.a.j.t.JMeterThread: Stopping because end time detected by thread: MainUserLoad 1-665
2026-03-25 09:05:06,754 INFO o.a.j.t.JMeterThread: Thread finished: MainUserLoad 1-665
2026-03-25 09:05:06,754 INFO o.a.j.t.JMeterThread: Stopping because end time detected by thread: MainUserLoad 1-506
2026-03-25 09:05:06,753 INFO o.a.j.t.JMeterThread: Thread finished: MainUserLoad 1-69
2026-03-25 09:05:06,754 INFO o.a.j.t.JMeterThread: Thread finished: MainUserLoad 1-506
2026-03-25 09:05:06,754 INFO o.a.j.t.JMeterThread: Thread finished: MainUserLoad 1-520
2026-03-25 09:05:06,755 INFO o.a.j.t.JMeterThread: Stopping because end time detected by thread: MainUserLoad 1-100
2026-03-25 09:05:06,755 INFO o.a.j.t.JMeterThread: Thread finished: MainUserLoad 1-100
2026-03-25 09:05:06,758 INFO o.a.j.t.JMeterThread: Stopping because end time detected by thread: MainUserLoad 1-84
2026-03-25 09:05:06,758 INFO o.a.j.t.JMeterThread: Thread finished: MainUserLoad 1-84
2026-03-25 09:05:06,758 INFO o.a.j.t.JMeterThread: Stopping because end time detected by thread: MainUserLoad 1-813
2026-03-25 09:05:06,758 INFO o.a.j.t.JMeterThread: Stopping because end time detected by thread: MainUserLoad 1-218
2026-03-25 09:05:06,759 INFO o.a.j.t.JMeterThread: Thread finished: MainUserLoad 1-813
2026-03-25 09:05:06,759 INFO o.a.j.t.JMeterThread: Thread finished: MainUserLoad 1-218
2026-03-25 09:05:06,760 INFO o.a.j.t.JMeterThread: Stopping because end time detected by thread: MainUserLoad 1-462
2026-03-25 09:05:06,760 INFO o.a.j.t.JMeterThread: Stopping because end time detected by thread: MainUserLoad 1-355
2026-03-25 09:05:06,760 INFO o.a.j.t.JMeterThread: Stopping because end time detected by thread: MainUserLoad 1-503
2026-03-25 09:05:06,760 INFO o.a.j.t.JMeterThread: Thread finished: MainUserLoad 1-462
2026-03-25 09:05:06,760 INFO o.a.j.t.JMeterThread: Thread finished: MainUserLoad 1-503
2026-03-25 09:05:06,760 INFO o.a.j.t.JMeterThread: Thread finished: MainUserLoad 1-355
2026-03-25 09:05:06,760 INFO o.a.j.t.JMeterThread: Stopping because end time detected by thread: MainUserLoad 1-107
2026-03-25 09:05:06,760 INFO o.a.j.t.JMeterThread: Stopping because end time detected by thread: MainUserLoad 1-514
2026-03-25 09:05:06,760 INFO o.a.j.t.JMeterThread: Stopping because end time detected by thread: MainUserLoad 1-265
2026-03-25 09:05:06,760 INFO o.a.j.t.JMeterThread: Thread finished: MainUserLoad 1-107
2026-03-25 09:05:06,761 INFO o.a.j.t.JMeterThread: Thread finished: MainUserLoad 1-514
2026-03-25 09:05:06,761 INFO o.a.j.t.JMeterThread: Stopping because end time detected by thread: MainUserLoad 1-465
2026-03-25 09:05:06,761 INFO o.a.j.t.JMeterThread: Thread finished: MainUserLoad 1-465
2026-03-25 09:05:06,760 INFO o.a.j.t.JMeterThread: Stopping because end time detected by thread: MainUserLoad 1-798
2026-03-25 09:05:06,760 INFO o.a.j.t.JMeterThread: Stopping because end time detected by thread: MainUserLoad 1-206
2026-03-25 09:05:06,761 INFO o.a.j.t.JMeterThread: Thread finished: MainUserLoad 1-798
2026-03-25 09:05:06,761 INFO o.a.j.t.JMeterThread: Thread finished: MainUserLoad 1-265
2026-03-25 09:05:06,761 INFO o.a.j.t.JMeterThread: Stopping because end time detected by thread: MainUserLoad 1-237
2026-03-25 09:05:06,761 INFO o.a.j.t.JMeterThread: Thread finished: MainUserLoad 1-237
2026-03-25 09:05:06,761 INFO o.a.j.t.JMeterThread: Stopping because end time detected by thread: MainUserLoad 1-951
2026-03-25 09:05:06,761 INFO o.a.j.t.JMeterThread: Stopping because end time detected by thread: MainUserLoad 1-590
2026-03-25 09:05:06,761 INFO o.a.j.t.JMeterThread: Thread finished: MainUserLoad 1-951
2026-03-25 09:05:06,761 INFO o.a.j.t.JMeterThread: Thread finished: MainUserLoad 1-206
2026-03-25 09:05:06,761 INFO o.a.j.t.JMeterThread: Thread finished: MainUserLoad 1-590
2026-03-25 09:05:06,761 INFO o.a.j.t.JMeterThread: Stopping because end time detected by thread: MainUserLoad 1-577
2026-03-25 09:05:06,761 INFO o.a.j.t.JMeterThread: Thread finished: MainUserLoad 1-577
2026-03-25 09:05:06,762 INFO o.a.j.t.JMeterThread: Stopping because end time detected by thread: MainUserLoad 1-655
2026-03-25 09:05:06,762 INFO o.a.j.t.JMeterThread: Thread finished: MainUserLoad 1-655
2026-03-25 09:05:06,768 INFO o.a.j.t.JMeterThread: Stopping because end time detected by thread: MainUserLoad 1-170
2026-03-25 09:05:06,768 INFO o.a.j.t.JMeterThread: Thread finished: MainUserLoad 1-170
2026-03-25 09:05:06,768 INFO o.a.j.t.JMeterThread: Stopping because end time detected by thread: MainUserLoad 1-410
2026-03-25 09:05:06,768 INFO o.a.j.t.JMeterThread: Thread finished: MainUserLoad 1-410
2026-03-25 09:05:06,771 INFO o.a.j.t.JMeterThread: Stopping because end time detected by thread: MainUserLoad 1-835
2026-03-25 09:05:06,771 INFO o.a.j.t.JMeterThread: Stopping because end time detected by thread: MainUserLoad 1-137
2026-03-25 09:05:06,771 INFO o.a.j.t.JMeterThread: Stopping because end time detected by thread: MainUserLoad 1-159
2026-03-25 09:05:06,771 INFO o.a.j.t.JMeterThread: Thread finished: MainUserLoad 1-835
2026-03-25 09:05:06,771 INFO o.a.j.t.JMeterThread: Thread finished: MainUserLoad 1-137
2026-03-25 09:05:06,771 INFO o.a.j.t.JMeterThread: Thread finished: MainUserLoad 1-159
2026-03-25 09:05:06,771 INFO o.a.j.t.JMeterThread: Stopping because end time detected by thread: MainUserLoad 1-362
2026-03-25 09:05:06,771 INFO o.a.j.t.JMeterThread: Thread finished: MainUserLoad 1-362
2026-03-25 09:05:06,778 INFO o.a.j.t.JMeterThread: Stopping because end time detected by thread: MainUserLoad 1-288
2026-03-25 09:05:06,778 INFO o.a.j.t.JMeterThread: Stopping because end time detected by thread: MainUserLoad 1-781
2026-03-25 09:05:06,778 INFO o.a.j.t.JMeterThread: Thread finished: MainUserLoad 1-288
2026-03-25 09:05:06,778 INFO o.a.j.t.JMeterThread: Thread finished: MainUserLoad 1-781
2026-03-25 09:05:06,781 INFO o.a.j.t.JMeterThread: Stopping because end time detected by thread: MainUserLoad 1-9
2026-03-25 09:05:06,781 INFO o.a.j.t.JMeterThread: Stopping because end time detected by thread: MainUserLoad 1-209
2026-03-25 09:05:06,781 INFO o.a.j.t.JMeterThread: Thread finished: MainUserLoad 1-209
2026-03-25 09:05:06,781 INFO o.a.j.t.JMeterThread: Thread finished: MainUserLoad 1-9
2026-03-25 09:05:06,781 INFO o.a.j.t.JMeterThread: Stopping because end time detected by thread: MainUserLoad 1-702
2026-03-25 09:05:06,781 INFO o.a.j.t.JMeterThread: Thread finished: MainUserLoad 1-702
2026-03-25 09:05:06,782 INFO o.a.j.t.JMeterThread: Stopping because end time detected by thread: MainUserLoad 1-630
2026-03-25 09:05:06,782 INFO o.a.j.t.JMeterThread: Thread finished: MainUserLoad 1-630
2026-03-25 09:05:06,783 INFO o.a.j.t.JMeterThread: Stopping because end time detected by thread: MainUserLoad 1-610
2026-03-25 09:05:06,783 INFO o.a.j.t.JMeterThread: Thread finished: MainUserLoad 1-610
2026-03-25 09:05:06,787 INFO o.a.j.t.JMeterThread: Stopping because end time detected by thread: MainUserLoad 1-306
2026-03-25 09:05:06,788 INFO o.a.j.t.JMeterThread: Thread finished: MainUserLoad 1-306
2026-03-25 09:05:06,792 INFO o.a.j.t.JMeterThread: Stopping because end time detected by thread: MainUserLoad 1-723
2026-03-25 09:05:06,792 INFO o.a.j.t.JMeterThread: Thread finished: MainUserLoad 1-723
2026-03-25 09:05:06,792 INFO o.a.j.t.JMeterThread: Stopping because end time detected by thread: MainUserLoad 1-818
2026-03-25 09:05:06,792 INFO o.a.j.t.JMeterThread: Thread finished: MainUserLoad 1-818
2026-03-25 09:05:06,794 INFO o.a.j.t.JMeterThread: Stopping because end time detected by thread: MainUserLoad 1-239
2026-03-25 09:05:06,794 INFO o.a.j.t.JMeterThread: Stopping because end time detected by thread: MainUserLoad 1-671
2026-03-25 09:05:06,794 INFO o.a.j.t.JMeterThread: Thread finished: MainUserLoad 1-671
2026-03-25 09:05:06,794 INFO o.a.j.t.JMeterThread: Thread finished: MainUserLoad 1-239
2026-03-25 09:05:06,794 INFO o.a.j.t.JMeterThread: Stopping because end time detected by thread: MainUserLoad 1-52
2026-03-25 09:05:06,794 INFO o.a.j.t.JMeterThread: Thread finished: MainUserLoad 1-52
2026-03-25 09:05:06,795 INFO o.a.j.t.JMeterThread: Stopping because end time detected by thread: MainUserLoad 1-633
2026-03-25 09:05:06,795 INFO o.a.j.t.JMeterThread: Thread finished: MainUserLoad 1-633
2026-03-25 09:05:06,795 INFO o.a.j.t.JMeterThread: Stopping because end time detected by thread: MainUserLoad 1-757
2026-03-25 09:05:06,795 INFO o.a.j.t.JMeterThread: Stopping because end time detected by thread: MainUserLoad 1-480
2026-03-25 09:05:06,795 INFO o.a.j.t.JMeterThread: Stopping because end time detected by thread: MainUserLoad 1-463
2026-03-25 09:05:06,796 INFO o.a.j.t.JMeterThread: Stopping because end time detected by thread: MainUserLoad 1-737
2026-03-25 09:05:06,796 INFO o.a.j.t.JMeterThread: Stopping because end time detected by thread: MainUserLoad 1-898
2026-03-25 09:05:06,796 INFO o.a.j.t.JMeterThread: Thread finished: MainUserLoad 1-757
2026-03-25 09:05:06,796 INFO o.a.j.t.JMeterThread: Thread finished: MainUserLoad 1-480
2026-03-25 09:05:06,796 INFO o.a.j.t.JMeterThread: Thread finished: MainUserLoad 1-463
2026-03-25 09:05:06,796 INFO o.a.j.t.JMeterThread: Thread finished: MainUserLoad 1-898
2026-03-25 09:05:06,796 INFO o.a.j.t.JMeterThread: Thread finished: MainUserLoad 1-737
2026-03-25 09:05:06,796 INFO o.a.j.t.JMeterThread: Stopping because end time detected by thread: MainUserLoad 1-825
2026-03-25 09:05:06,797 INFO o.a.j.t.JMeterThread: Thread finished: MainUserLoad 1-825
2026-03-25 09:05:06,797 INFO o.a.j.t.JMeterThread: Stopping because end time detected by thread: MainUserLoad 1-397
2026-03-25 09:05:06,797 INFO o.a.j.t.JMeterThread: Thread finished: MainUserLoad 1-397
2026-03-25 09:05:06,797 INFO o.a.j.t.JMeterThread: Stopping because end time detected by thread: MainUserLoad 1-557
2026-03-25 09:05:06,798 INFO o.a.j.t.JMeterThread: Thread finished: MainUserLoad 1-557
2026-03-25 09:05:06,798 INFO o.a.j.t.JMeterThread: Stopping because end time detected by thread: MainUserLoad 1-398
2026-03-25 09:05:06,798 INFO o.a.j.t.JMeterThread: Thread finished: MainUserLoad 1-398
2026-03-25 09:05:06,799 INFO o.a.j.t.JMeterThread: Stopping because end time detected by thread: MainUserLoad 1-334
2026-03-25 09:05:06,799 INFO o.a.j.t.JMeterThread: Thread finished: MainUserLoad 1-334
2026-03-25 09:05:06,799 INFO o.a.j.t.JMeterThread: Stopping because end time detected by thread: MainUserLoad 1-213
2026-03-25 09:05:06,799 INFO o.a.j.t.JMeterThread: Thread finished: MainUserLoad 1-213
2026-03-25 09:05:06,799 INFO o.a.j.t.JMeterThread: Stopping because end time detected by thread: MainUserLoad 1-70
2026-03-25 09:05:06,799 INFO o.a.j.t.JMeterThread: Thread finished: MainUserLoad 1-70
2026-03-25 09:05:06,799 INFO o.a.j.t.JMeterThread: Stopping because end time detected by thread: MainUserLoad 1-999
2026-03-25 09:05:06,799 INFO o.a.j.t.JMeterThread: Thread finished: MainUserLoad 1-999
2026-03-25 09:05:06,800 INFO o.a.j.t.JMeterThread: Stopping because end time detected by thread: MainUserLoad 1-263
2026-03-25 09:05:06,800 INFO o.a.j.t.JMeterThread: Thread finished: MainUserLoad 1-263
2026-03-25 09:05:06,800 INFO o.a.j.t.JMeterThread: Stopping because end time detected by thread: MainUserLoad 1-605
2026-03-25 09:05:06,800 INFO o.a.j.t.JMeterThread: Thread finished: MainUserLoad 1-605
2026-03-25 09:05:06,807 INFO o.a.j.t.JMeterThread: Stopping because end time detected by thread: MainUserLoad 1-838
2026-03-25 09:05:06,807 INFO o.a.j.t.JMeterThread: Stopping because end time detected by thread: MainUserLoad 1-873
2026-03-25 09:05:06,808 INFO o.a.j.t.JMeterThread: Thread finished: MainUserLoad 1-838
2026-03-25 09:05:06,808 INFO o.a.j.t.JMeterThread: Thread finished: MainUserLoad 1-873
2026-03-25 09:05:06,808 INFO o.a.j.t.JMeterThread: Stopping because end time detected by thread: MainUserLoad 1-224
2026-03-25 09:05:06,808 INFO o.a.j.t.JMeterThread: Thread finished: MainUserLoad 1-224
2026-03-25 09:05:06,808 INFO o.a.j.t.JMeterThread: Stopping because end time detected by thread: MainUserLoad 1-323
2026-03-25 09:05:06,808 INFO o.a.j.t.JMeterThread: Thread finished: MainUserLoad 1-323
2026-03-25 09:05:06,808 INFO o.a.j.t.JMeterThread: Stopping because end time detected by thread: MainUserLoad 1-950
2026-03-25 09:05:06,808 INFO o.a.j.t.JMeterThread: Thread finished: MainUserLoad 1-950
2026-03-25 09:05:06,808 INFO o.a.j.t.JMeterThread: Stopping because end time detected by thread: MainUserLoad 1-83
2026-03-25 09:05:06,808 INFO o.a.j.t.JMeterThread: Thread finished: MainUserLoad 1-83
2026-03-25 09:05:06,809 INFO o.a.j.t.JMeterThread: Stopping because end time detected by thread: MainUserLoad 1-852
2026-03-25 09:05:06,811 INFO o.a.j.t.JMeterThread: Stopping because end time detected by thread: MainUserLoad 1-708
2026-03-25 09:05:06,811 INFO o.a.j.t.JMeterThread: Stopping because end time detected by thread: MainUserLoad 1-19
2026-03-25 09:05:06,811 INFO o.a.j.t.JMeterThread: Thread finished: MainUserLoad 1-708
2026-03-25 09:05:06,811 INFO o.a.j.t.JMeterThread: Thread finished: MainUserLoad 1-852
2026-03-25 09:05:06,809 INFO o.a.j.t.JMeterThread: Stopping because end time detected by thread: MainUserLoad 1-660
2026-03-25 09:05:06,811 INFO o.a.j.t.JMeterThread: Thread finished: MainUserLoad 1-660
2026-03-25 09:05:06,811 INFO o.a.j.t.JMeterThread: Stopping because end time detected by thread: MainUserLoad 1-676
2026-03-25 09:05:06,811 INFO o.a.j.t.JMeterThread: Thread finished: MainUserLoad 1-19
2026-03-25 09:05:06,812 INFO o.a.j.t.JMeterThread: Thread finished: MainUserLoad 1-676
2026-03-25 09:05:06,812 INFO o.a.j.t.JMeterThread: Stopping because end time detected by thread: MainUserLoad 1-819
2026-03-25 09:05:06,812 INFO o.a.j.t.JMeterThread: Stopping because end time detected by thread: MainUserLoad 1-474
2026-03-25 09:05:06,812 INFO o.a.j.t.JMeterThread: Stopping because end time detected by thread: MainUserLoad 1-415
2026-03-25 09:05:06,812 INFO o.a.j.t.JMeterThread: Thread finished: MainUserLoad 1-819
2026-03-25 09:05:06,812 INFO o.a.j.t.JMeterThread: Thread finished: MainUserLoad 1-474
2026-03-25 09:05:06,813 INFO o.a.j.t.JMeterThread: Thread finished: MainUserLoad 1-415
2026-03-25 09:05:06,813 INFO o.a.j.t.JMeterThread: Stopping because end time detected by thread: MainUserLoad 1-430
2026-03-25 09:05:06,813 INFO o.a.j.t.JMeterThread: Thread finished: MainUserLoad 1-430
2026-03-25 09:05:06,815 INFO o.a.j.t.JMeterThread: Stopping because end time detected by thread: MainUserLoad 1-56
2026-03-25 09:05:06,815 INFO o.a.j.t.JMeterThread: Thread finished: MainUserLoad 1-56
2026-03-25 09:05:06,815 INFO o.a.j.t.JMeterThread: Stopping because end time detected by thread: MainUserLoad 1-794
2026-03-25 09:05:06,815 INFO o.a.j.t.JMeterThread: Stopping because end time detected by thread: MainUserLoad 1-247
2026-03-25 09:05:06,815 INFO o.a.j.t.JMeterThread: Thread finished: MainUserLoad 1-794
2026-03-25 09:05:06,815 INFO o.a.j.t.JMeterThread: Thread finished: MainUserLoad 1-247
2026-03-25 09:05:06,816 INFO o.a.j.t.JMeterThread: Stopping because end time detected by thread: MainUserLoad 1-126
2026-03-25 09:05:06,816 INFO o.a.j.t.JMeterThread: Stopping because end time detected by thread: MainUserLoad 1-762
2026-03-25 09:05:06,816 INFO o.a.j.t.JMeterThread: Thread finished: MainUserLoad 1-762
2026-03-25 09:05:06,816 INFO o.a.j.t.JMeterThread: Thread finished: MainUserLoad 1-126
2026-03-25 09:05:06,816 INFO o.a.j.t.JMeterThread: Stopping because end time detected by thread: MainUserLoad 1-517
2026-03-25 09:05:06,816 INFO o.a.j.t.JMeterThread: Thread finished: MainUserLoad 1-517
2026-03-25 09:05:06,817 INFO o.a.j.t.JMeterThread: Stopping because end time detected by thread: MainUserLoad 1-922
2026-03-25 09:05:06,817 INFO o.a.j.t.JMeterThread: Thread finished: MainUserLoad 1-922
2026-03-25 09:05:06,817 INFO o.a.j.t.JMeterThread: Stopping because end time detected by thread: MainUserLoad 1-991
2026-03-25 09:05:06,817 INFO o.a.j.t.JMeterThread: Thread finished: MainUserLoad 1-991
2026-03-25 09:05:06,818 INFO o.a.j.t.JMeterThread: Stopping because end time detected by thread: MainUserLoad 1-913
2026-03-25 09:05:06,818 INFO o.a.j.t.JMeterThread: Thread finished: MainUserLoad 1-913
2026-03-25 09:05:06,818 INFO o.a.j.t.JMeterThread: Stopping because end time detected by thread: MainUserLoad 1-428
2026-03-25 09:05:06,818 INFO o.a.j.t.JMeterThread: Thread finished: MainUserLoad 1-428
2026-03-25 09:05:06,821 INFO o.a.j.t.JMeterThread: Stopping because end time detected by thread: MainUserLoad 1-684
2026-03-25 09:05:06,821 INFO o.a.j.t.JMeterThread: Thread finished: MainUserLoad 1-684
2026-03-25 09:05:06,821 INFO o.a.j.t.JMeterThread: Stopping because end time detected by thread: MainUserLoad 1-906
2026-03-25 09:05:06,821 INFO o.a.j.t.JMeterThread: Thread finished: MainUserLoad 1-906
2026-03-25 09:05:06,821 INFO o.a.j.t.JMeterThread: Stopping because end time detected by thread: MainUserLoad 1-345
2026-03-25 09:05:06,821 INFO o.a.j.t.JMeterThread: Thread finished: MainUserLoad 1-345
2026-03-25 09:05:06,822 INFO o.a.j.t.JMeterThread: Stopping because end time detected by thread: MainUserLoad 1-745
2026-03-25 09:05:06,822 INFO o.a.j.t.JMeterThread: Thread finished: MainUserLoad 1-745
2026-03-25 09:05:06,823 INFO o.a.j.t.JMeterThread: Stopping because end time detected by thread: MainUserLoad 1-43
2026-03-25 09:05:06,823 INFO o.a.j.t.JMeterThread: Stopping because end time detected by thread: MainUserLoad 1-637
2026-03-25 09:05:06,823 INFO o.a.j.t.JMeterThread: Stopping because end time detected by thread: MainUserLoad 1-760
2026-03-25 09:05:06,823 INFO o.a.j.t.JMeterThread: Thread finished: MainUserLoad 1-43
2026-03-25 09:05:06,823 INFO o.a.j.t.JMeterThread: Thread finished: MainUserLoad 1-760
2026-03-25 09:05:06,823 INFO o.a.j.t.JMeterThread: Stopping because end time detected by thread: MainUserLoad 1-732
2026-03-25 09:05:06,825 INFO o.a.j.t.JMeterThread: Thread finished: MainUserLoad 1-732
2026-03-25 09:05:06,825 INFO o.a.j.t.JMeterThread: Thread finished: MainUserLoad 1-637
2026-03-25 09:05:06,825 INFO o.a.j.t.JMeterThread: Stopping because end time detected by thread: MainUserLoad 1-383
2026-03-25 09:05:06,825 INFO o.a.j.t.JMeterThread: Stopping because end time detected by thread: MainUserLoad 1-340
2026-03-25 09:05:06,825 INFO o.a.j.t.JMeterThread: Thread finished: MainUserLoad 1-383
2026-03-25 09:05:06,825 INFO o.a.j.t.JMeterThread: Stopping because end time detected by thread: MainUserLoad 1-846
2026-03-25 09:05:06,825 INFO o.a.j.t.JMeterThread: Thread finished: MainUserLoad 1-340
2026-03-25 09:05:06,825 INFO o.a.j.t.JMeterThread: Thread finished: MainUserLoad 1-846
2026-03-25 09:05:06,826 INFO o.a.j.t.JMeterThread: Stopping because end time detected by thread: MainUserLoad 1-859
2026-03-25 09:05:06,826 INFO o.a.j.t.JMeterThread: Thread finished: MainUserLoad 1-859
2026-03-25 09:05:06,826 INFO o.a.j.t.JMeterThread: Stopping because end time detected by thread: MainUserLoad 1-238
2026-03-25 09:05:06,826 INFO o.a.j.t.JMeterThread: Thread finished: MainUserLoad 1-238
2026-03-25 09:05:06,826 INFO o.a.j.t.JMeterThread: Stopping because end time detected by thread: MainUserLoad 1-933
2026-03-25 09:05:06,826 INFO o.a.j.t.JMeterThread: Thread finished: MainUserLoad 1-933
2026-03-25 09:05:06,827 INFO o.a.j.t.JMeterThread: Stopping because end time detected by thread: MainUserLoad 1-148
2026-03-25 09:05:06,827 INFO o.a.j.t.JMeterThread: Thread finished: MainUserLoad 1-148
2026-03-25 09:05:06,827 INFO o.a.j.t.JMeterThread: Stopping because end time detected by thread: MainUserLoad 1-711
2026-03-25 09:05:06,827 INFO o.a.j.t.JMeterThread: Stopping because end time detected by thread: MainUserLoad 1-357
2026-03-25 09:05:06,827 INFO o.a.j.t.JMeterThread: Thread finished: MainUserLoad 1-711
2026-03-25 09:05:06,827 INFO o.a.j.t.JMeterThread: Thread finished: MainUserLoad 1-357
2026-03-25 09:05:06,827 INFO o.a.j.t.JMeterThread: Stopping because end time detected by thread: MainUserLoad 1-436
2026-03-25 09:05:06,827 INFO o.a.j.t.JMeterThread: Stopping because end time detected by thread: MainUserLoad 1-105
2026-03-25 09:05:06,827 INFO o.a.j.t.JMeterThread: Thread finished: MainUserLoad 1-436
2026-03-25 09:05:06,827 INFO o.a.j.t.JMeterThread: Stopping because end time detected by thread: MainUserLoad 1-399
2026-03-25 09:05:06,827 INFO o.a.j.t.JMeterThread: Thread finished: MainUserLoad 1-105
2026-03-25 09:05:06,827 INFO o.a.j.t.JMeterThread: Thread finished: MainUserLoad 1-399
2026-03-25 09:05:06,829 INFO o.a.j.t.JMeterThread: Stopping because end time detected by thread: MainUserLoad 1-459
2026-03-25 09:05:06,829 INFO o.a.j.t.JMeterThread: Thread finished: MainUserLoad 1-459
2026-03-25 09:05:06,829 INFO o.a.j.t.JMeterThread: Stopping because end time detected by thread: MainUserLoad 1-431
2026-03-25 09:05:06,829 INFO o.a.j.t.JMeterThread: Thread finished: MainUserLoad 1-431
2026-03-25 09:05:06,829 INFO o.a.j.t.JMeterThread: Stopping because end time detected by thread: MainUserLoad 1-594
2026-03-25 09:05:06,829 INFO o.a.j.t.JMeterThread: Thread finished: MainUserLoad 1-594
2026-03-25 09:05:06,829 INFO o.a.j.t.JMeterThread: Stopping because end time detected by thread: MainUserLoad 1-349
2026-03-25 09:05:06,829 INFO o.a.j.t.JMeterThread: Thread finished: MainUserLoad 1-349
2026-03-25 09:05:06,830 INFO o.a.j.t.JMeterThread: Stopping because end time detected by thread: MainUserLoad 1-959
2026-03-25 09:05:06,830 INFO o.a.j.t.JMeterThread: Stopping because end time detected by thread: MainUserLoad 1-511
2026-03-25 09:05:06,830 INFO o.a.j.t.JMeterThread: Stopping because end time detected by thread: MainUserLoad 1-841
2026-03-25 09:05:06,830 INFO o.a.j.t.JMeterThread: Thread finished: MainUserLoad 1-959
2026-03-25 09:05:06,830 INFO o.a.j.t.JMeterThread: Thread finished: MainUserLoad 1-841
2026-03-25 09:05:06,830 INFO o.a.j.t.JMeterThread: Thread finished: MainUserLoad 1-511
2026-03-25 09:05:06,830 INFO o.a.j.t.JMeterThread: Stopping because end time detected by thread: MainUserLoad 1-641
2026-03-25 09:05:06,830 INFO o.a.j.t.JMeterThread: Stopping because end time detected by thread: MainUserLoad 1-424
2026-03-25 09:05:06,830 INFO o.a.j.t.JMeterThread: Thread finished: MainUserLoad 1-641
2026-03-25 09:05:06,830 INFO o.a.j.t.JMeterThread: Thread finished: MainUserLoad 1-424
2026-03-25 09:05:06,830 INFO o.a.j.t.JMeterThread: Stopping because end time detected by thread: MainUserLoad 1-593
2026-03-25 09:05:06,830 INFO o.a.j.t.JMeterThread: Thread finished: MainUserLoad 1-593
2026-03-25 09:05:06,830 INFO o.a.j.t.JMeterThread: Stopping because end time detected by thread: MainUserLoad 1-458
2026-03-25 09:05:06,831 INFO o.a.j.t.JMeterThread: Stopping because end time detected by thread: MainUserLoad 1-985
2026-03-25 09:05:06,831 INFO o.a.j.t.JMeterThread: Thread finished: MainUserLoad 1-458
2026-03-25 09:05:06,831 INFO o.a.j.t.JMeterThread: Thread finished: MainUserLoad 1-985
2026-03-25 09:05:06,832 INFO o.a.j.t.JMeterThread: Stopping because end time detected by thread: MainUserLoad 1-596
2026-03-25 09:05:06,832 INFO o.a.j.t.JMeterThread: Thread finished: MainUserLoad 1-596
2026-03-25 09:05:06,832 INFO o.a.j.t.JMeterThread: Stopping because end time detected by thread: MainUserLoad 1-817
2026-03-25 09:05:06,832 INFO o.a.j.t.JMeterThread: Stopping because end time detected by thread: MainUserLoad 1-257
2026-03-25 09:05:06,832 INFO o.a.j.t.JMeterThread: Stopping because end time detected by thread: MainUserLoad 1-678
2026-03-25 09:05:06,832 INFO o.a.j.t.JMeterThread: Thread finished: MainUserLoad 1-817
2026-03-25 09:05:06,832 INFO o.a.j.t.JMeterThread: Stopping because end time detected by thread: MainUserLoad 1-438
2026-03-25 09:05:06,832 INFO o.a.j.t.JMeterThread: Stopping because end time detected by thread: MainUserLoad 1-724
2026-03-25 09:05:06,832 INFO o.a.j.t.JMeterThread: Thread finished: MainUserLoad 1-724
2026-03-25 09:05:06,832 INFO o.a.j.t.JMeterThread: Stopping because end time detected by thread: MainUserLoad 1-705
2026-03-25 09:05:06,832 INFO o.a.j.t.JMeterThread: Thread finished: MainUserLoad 1-678
2026-03-25 09:05:06,832 INFO o.a.j.t.JMeterThread: Thread finished: MainUserLoad 1-438
2026-03-25 09:05:06,832 INFO o.a.j.t.JMeterThread: Thread finished: MainUserLoad 1-257
2026-03-25 09:05:06,832 INFO o.a.j.t.JMeterThread: Stopping because end time detected by thread: MainUserLoad 1-308
2026-03-25 09:05:06,832 INFO o.a.j.t.JMeterThread: Thread finished: MainUserLoad 1-705
2026-03-25 09:05:06,833 INFO o.a.j.t.JMeterThread: Thread finished: MainUserLoad 1-308
2026-03-25 09:05:06,833 INFO o.a.j.t.JMeterThread: Stopping because end time detected by thread: MainUserLoad 1-894
2026-03-25 09:05:06,833 INFO o.a.j.t.JMeterThread: Thread finished: MainUserLoad 1-894
2026-03-25 09:05:06,833 INFO o.a.j.t.JMeterThread: Stopping because end time detected by thread: MainUserLoad 1-281
2026-03-25 09:05:06,833 INFO o.a.j.t.JMeterThread: Stopping because end time detected by thread: MainUserLoad 1-451
2026-03-25 09:05:06,833 INFO o.a.j.t.JMeterThread: Thread finished: MainUserLoad 1-281
2026-03-25 09:05:06,833 INFO o.a.j.t.JMeterThread: Stopping because end time detected by thread: MainUserLoad 1-311
2026-03-25 09:05:06,833 INFO o.a.j.t.JMeterThread: Stopping because end time detected by thread: MainUserLoad 1-556
2026-03-25 09:05:06,833 INFO o.a.j.t.JMeterThread: Stopping because end time detected by thread: MainUserLoad 1-615
2026-03-25 09:05:06,833 INFO o.a.j.t.JMeterThread: Thread finished: MainUserLoad 1-451
2026-03-25 09:05:06,835 INFO o.a.j.t.JMeterThread: Stopping because end time detected by thread: MainUserLoad 1-834
2026-03-25 09:05:06,835 INFO o.a.j.t.JMeterThread: Stopping because end time detected by thread: MainUserLoad 1-572
2026-03-25 09:05:06,835 INFO o.a.j.t.JMeterThread: Thread finished: MainUserLoad 1-572
2026-03-25 09:05:06,833 INFO o.a.j.t.JMeterThread: Thread finished: MainUserLoad 1-556
2026-03-25 09:05:06,833 INFO o.a.j.t.JMeterThread: Thread finished: MainUserLoad 1-311
2026-03-25 09:05:06,835 INFO o.a.j.t.JMeterThread: Stopping because end time detected by thread: MainUserLoad 1-155
2026-03-25 09:05:06,835 INFO o.a.j.t.JMeterThread: Stopping because end time detected by thread: MainUserLoad 1-76
2026-03-25 09:05:06,835 INFO o.a.j.t.JMeterThread: Thread finished: MainUserLoad 1-834
2026-03-25 09:05:06,835 INFO o.a.j.t.JMeterThread: Thread finished: MainUserLoad 1-615
2026-03-25 09:05:06,835 INFO o.a.j.t.JMeterThread: Thread finished: MainUserLoad 1-155
2026-03-25 09:05:06,835 INFO o.a.j.t.JMeterThread: Stopping because end time detected by thread: MainUserLoad 1-940
2026-03-25 09:05:06,835 INFO o.a.j.t.JMeterThread: Stopping because end time detected by thread: MainUserLoad 1-547
2026-03-25 09:05:06,835 INFO o.a.j.t.JMeterThread: Thread finished: MainUserLoad 1-76
2026-03-25 09:05:06,836 INFO o.a.j.t.JMeterThread: Thread finished: MainUserLoad 1-547
2026-03-25 09:05:06,835 INFO o.a.j.t.JMeterThread: Thread finished: MainUserLoad 1-940
2026-03-25 09:05:06,836 INFO o.a.j.t.JMeterThread: Stopping because end time detected by thread: MainUserLoad 1-981
2026-03-25 09:05:06,836 INFO o.a.j.t.JMeterThread: Stopping because end time detected by thread: MainUserLoad 1-501
2026-03-25 09:05:06,836 INFO o.a.j.t.JMeterThread: Thread finished: MainUserLoad 1-981
2026-03-25 09:05:06,836 INFO o.a.j.t.JMeterThread: Thread finished: MainUserLoad 1-501
2026-03-25 09:05:06,836 INFO o.a.j.t.JMeterThread: Stopping because end time detected by thread: MainUserLoad 1-805
2026-03-25 09:05:06,836 INFO o.a.j.t.JMeterThread: Stopping because end time detected by thread: MainUserLoad 1-943
2026-03-25 09:05:06,836 INFO o.a.j.t.JMeterThread: Thread finished: MainUserLoad 1-943
2026-03-25 09:05:06,837 INFO o.a.j.t.JMeterThread: Stopping because end time detected by thread: MainUserLoad 1-872
2026-03-25 09:05:06,837 INFO o.a.j.t.JMeterThread: Stopping because end time detected by thread: MainUserLoad 1-780
2026-03-25 09:05:06,837 INFO o.a.j.t.JMeterThread: Thread finished: MainUserLoad 1-805
2026-03-25 09:05:06,837 INFO o.a.j.t.JMeterThread: Thread finished: MainUserLoad 1-780
2026-03-25 09:05:06,836 INFO o.a.j.t.JMeterThread: Stopping because end time detected by thread: MainUserLoad 1-427
2026-03-25 09:05:06,837 INFO o.a.j.t.JMeterThread: Thread finished: MainUserLoad 1-427
2026-03-25 09:05:06,837 INFO o.a.j.t.JMeterThread: Thread finished: MainUserLoad 1-872
2026-03-25 09:05:06,837 INFO o.a.j.t.JMeterThread: Stopping because end time detected by thread: MainUserLoad 1-826
2026-03-25 09:05:06,837 INFO o.a.j.t.JMeterThread: Thread finished: MainUserLoad 1-826
2026-03-25 09:05:06,836 INFO o.a.j.t.JMeterThread: Stopping because end time detected by thread: MainUserLoad 1-534
2026-03-25 09:05:06,837 INFO o.a.j.t.JMeterThread: Thread finished: MainUserLoad 1-534
2026-03-25 09:05:06,837 INFO o.a.j.t.JMeterThread: Stopping because end time detected by thread: MainUserLoad 1-659
2026-03-25 09:05:06,837 INFO o.a.j.t.JMeterThread: Thread finished: MainUserLoad 1-659
2026-03-25 09:05:06,838 INFO o.a.j.t.JMeterThread: Stopping because end time detected by thread: MainUserLoad 1-864
2026-03-25 09:05:06,838 INFO o.a.j.t.JMeterThread: Stopping because end time detected by thread: MainUserLoad 1-356
2026-03-25 09:05:06,838 INFO o.a.j.t.JMeterThread: Stopping because end time detected by thread: MainUserLoad 1-570
2026-03-25 09:05:06,838 INFO o.a.j.t.JMeterThread: Stopping because end time detected by thread: MainUserLoad 1-612
2026-03-25 09:05:06,838 INFO o.a.j.t.JMeterThread: Thread finished: MainUserLoad 1-612
2026-03-25 09:05:06,838 INFO o.a.j.t.JMeterThread: Thread finished: MainUserLoad 1-864
2026-03-25 09:05:06,838 INFO o.a.j.t.JMeterThread: Thread finished: MainUserLoad 1-356
2026-03-25 09:05:06,838 INFO o.a.j.t.JMeterThread: Stopping because end time detected by thread: MainUserLoad 1-628
2026-03-25 09:05:06,838 INFO o.a.j.t.JMeterThread: Thread finished: MainUserLoad 1-628
2026-03-25 09:05:06,838 INFO o.a.j.t.JMeterThread: Stopping because end time detected by thread: MainUserLoad 1-82
2026-03-25 09:05:06,838 INFO o.a.j.t.JMeterThread: Stopping because end time detected by thread: MainUserLoad 1-618
2026-03-25 09:05:06,838 INFO o.a.j.t.JMeterThread: Thread finished: MainUserLoad 1-82
2026-03-25 09:05:06,838 INFO o.a.j.t.JMeterThread: Thread finished: MainUserLoad 1-618
2026-03-25 09:05:06,838 INFO o.a.j.t.JMeterThread: Stopping because end time detected by thread: MainUserLoad 1-532
2026-03-25 09:05:06,838 INFO o.a.j.t.JMeterThread: Thread finished: MainUserLoad 1-570
2026-03-25 09:05:06,838 INFO o.a.j.t.JMeterThread: Stopping because end time detected by thread: MainUserLoad 1-862
2026-03-25 09:05:06,838 INFO o.a.j.t.JMeterThread: Stopping because end time detected by thread: MainUserLoad 1-976
2026-03-25 09:05:06,838 INFO o.a.j.t.JMeterThread: Stopping because end time detected by thread: MainUserLoad 1-672
2026-03-25 09:05:06,839 INFO o.a.j.t.JMeterThread: Thread finished: MainUserLoad 1-862
2026-03-25 09:05:06,838 INFO o.a.j.t.JMeterThread: Thread finished: MainUserLoad 1-532
2026-03-25 09:05:06,839 INFO o.a.j.t.JMeterThread: Thread finished: MainUserLoad 1-672
2026-03-25 09:05:06,839 INFO o.a.j.t.JMeterThread: Thread finished: MainUserLoad 1-976
2026-03-25 09:05:06,839 INFO o.a.j.t.JMeterThread: Stopping because end time detected by thread: MainUserLoad 1-477
2026-03-25 09:05:06,839 INFO o.a.j.t.JMeterThread: Stopping because end time detected by thread: MainUserLoad 1-623
2026-03-25 09:05:06,839 INFO o.a.j.t.JMeterThread: Thread finished: MainUserLoad 1-623
2026-03-25 09:05:06,839 INFO o.a.j.t.JMeterThread: Stopping because end time detected by thread: MainUserLoad 1-527
2026-03-25 09:05:06,839 INFO o.a.j.t.JMeterThread: Stopping because end time detected by thread: MainUserLoad 1-205
2026-03-25 09:05:06,839 INFO o.a.j.t.JMeterThread: Stopping because end time detected by thread: MainUserLoad 1-777
2026-03-25 09:05:06,839 INFO o.a.j.t.JMeterThread: Thread finished: MainUserLoad 1-527
2026-03-25 09:05:06,839 INFO o.a.j.t.JMeterThread: Stopping because end time detected by thread: MainUserLoad 1-484
2026-03-25 09:05:06,839 INFO o.a.j.t.JMeterThread: Thread finished: MainUserLoad 1-777
2026-03-25 09:05:06,839 INFO o.a.j.t.JMeterThread: Thread finished: MainUserLoad 1-484
2026-03-25 09:05:06,839 INFO o.a.j.t.JMeterThread: Thread finished: MainUserLoad 1-477
2026-03-25 09:05:06,840 INFO o.a.j.t.JMeterThread: Thread finished: MainUserLoad 1-205
2026-03-25 09:05:06,854 INFO o.a.j.t.JMeterThread: Stopping because end time detected by thread: MainUserLoad 1-186
2026-03-25 09:05:06,854 INFO o.a.j.t.JMeterThread: Thread finished: MainUserLoad 1-186
2026-03-25 09:05:06,857 INFO o.a.j.t.JMeterThread: Stopping because end time detected by thread: MainUserLoad 1-47
2026-03-25 09:05:06,857 INFO o.a.j.t.JMeterThread: Thread finished: MainUserLoad 1-47
2026-03-25 09:05:06,857 INFO o.a.j.t.JMeterThread: Stopping because end time detected by thread: MainUserLoad 1-329
2026-03-25 09:05:06,857 INFO o.a.j.t.JMeterThread: Thread finished: MainUserLoad 1-329
2026-03-25 09:05:06,857 INFO o.a.j.t.JMeterThread: Stopping because end time detected by thread: MainUserLoad 1-144
2026-03-25 09:05:06,857 INFO o.a.j.t.JMeterThread: Stopping because end time detected by thread: MainUserLoad 1-954
2026-03-25 09:05:06,857 INFO o.a.j.t.JMeterThread: Thread finished: MainUserLoad 1-144
2026-03-25 09:05:06,857 INFO o.a.j.t.JMeterThread: Stopping because end time detected by thread: MainUserLoad 1-352
2026-03-25 09:05:06,857 INFO o.a.j.t.JMeterThread: Thread finished: MainUserLoad 1-352
2026-03-25 09:05:06,857 INFO o.a.j.t.JMeterThread: Stopping because end time detected by thread: MainUserLoad 1-264
2026-03-25 09:05:06,857 INFO o.a.j.t.JMeterThread: Stopping because end time detected by thread: MainUserLoad 1-691
2026-03-25 09:05:06,857 INFO o.a.j.t.JMeterThread: Thread finished: MainUserLoad 1-264
2026-03-25 09:05:06,857 INFO o.a.j.t.JMeterThread: Stopping because end time detected by thread: MainUserLoad 1-55
2026-03-25 09:05:06,857 INFO o.a.j.t.JMeterThread: Stopping because end time detected by thread: MainUserLoad 1-127
2026-03-25 09:05:06,857 INFO o.a.j.t.JMeterThread: Thread finished: MainUserLoad 1-55
2026-03-25 09:05:06,857 INFO o.a.j.t.JMeterThread: Thread finished: MainUserLoad 1-954
2026-03-25 09:05:06,858 INFO o.a.j.t.JMeterThread: Thread finished: MainUserLoad 1-127
2026-03-25 09:05:06,857 INFO o.a.j.t.JMeterThread: Thread finished: MainUserLoad 1-691
2026-03-25 09:05:06,858 INFO o.a.j.t.JMeterThread: Stopping because end time detected by thread: MainUserLoad 1-341
2026-03-25 09:05:06,858 INFO o.a.j.t.JMeterThread: Thread finished: MainUserLoad 1-341
2026-03-25 09:05:06,859 INFO o.a.j.t.JMeterThread: Stopping because end time detected by thread: MainUserLoad 1-714
2026-03-25 09:05:06,859 INFO o.a.j.t.JMeterThread: Thread finished: MainUserLoad 1-714
2026-03-25 09:05:06,859 INFO o.a.j.t.JMeterThread: Stopping because end time detected by thread: MainUserLoad 1-870
2026-03-25 09:05:06,859 INFO o.a.j.t.JMeterThread: Thread finished: MainUserLoad 1-870
2026-03-25 09:05:06,859 INFO o.a.j.t.JMeterThread: Stopping because end time detected by thread: MainUserLoad 1-783
2026-03-25 09:05:06,859 INFO o.a.j.t.JMeterThread: Thread finished: MainUserLoad 1-783
2026-03-25 09:05:06,861 INFO o.a.j.t.JMeterThread: Stopping because end time detected by thread: MainUserLoad 1-403
2026-03-25 09:05:06,861 INFO o.a.j.t.JMeterThread: Thread finished: MainUserLoad 1-403
2026-03-25 09:05:06,861 INFO o.a.j.t.JMeterThread: Stopping because end time detected by thread: MainUserLoad 1-830
2026-03-25 09:05:06,861 INFO o.a.j.t.JMeterThread: Thread finished: MainUserLoad 1-830
2026-03-25 09:05:06,864 INFO o.a.j.t.JMeterThread: Stopping because end time detected by thread: MainUserLoad 1-696
2026-03-25 09:05:06,864 INFO o.a.j.t.JMeterThread: Thread finished: MainUserLoad 1-696
2026-03-25 09:05:06,872 INFO o.a.j.t.JMeterThread: Stopping because end time detected by thread: MainUserLoad 1-482
2026-03-25 09:05:06,872 INFO o.a.j.t.JMeterThread: Stopping because end time detected by thread: MainUserLoad 1-419
2026-03-25 09:05:06,872 INFO o.a.j.t.JMeterThread: Stopping because end time detected by thread: MainUserLoad 1-932
2026-03-25 09:05:06,872 INFO o.a.j.t.JMeterThread: Thread finished: MainUserLoad 1-482
2026-03-25 09:05:06,872 INFO o.a.j.t.JMeterThread: Thread finished: MainUserLoad 1-419
2026-03-25 09:05:06,872 INFO o.a.j.t.JMeterThread: Thread finished: MainUserLoad 1-932
2026-03-25 09:05:06,872 INFO o.a.j.t.JMeterThread: Stopping because end time detected by thread: MainUserLoad 1-58
2026-03-25 09:05:06,872 INFO o.a.j.t.JMeterThread: Stopping because end time detected by thread: MainUserLoad 1-734
2026-03-25 09:05:06,872 INFO o.a.j.t.JMeterThread: Thread finished: MainUserLoad 1-58
2026-03-25 09:05:06,872 INFO o.a.j.t.JMeterThread: Thread finished: MainUserLoad 1-734
2026-03-25 09:05:06,874 INFO o.a.j.t.JMeterThread: Stopping because end time detected by thread: MainUserLoad 1-435
2026-03-25 09:05:06,874 INFO o.a.j.t.JMeterThread: Thread finished: MainUserLoad 1-435
2026-03-25 09:05:06,876 INFO o.a.j.t.JMeterThread: Stopping because end time detected by thread: MainUserLoad 1-857
2026-03-25 09:05:06,876 INFO o.a.j.t.JMeterThread: Stopping because end time detected by thread: MainUserLoad 1-953
2026-03-25 09:05:06,876 INFO o.a.j.t.JMeterThread: Stopping because end time detected by thread: MainUserLoad 1-692
2026-03-25 09:05:06,876 INFO o.a.j.t.JMeterThread: Thread finished: MainUserLoad 1-857
2026-03-25 09:05:06,876 INFO o.a.j.t.JMeterThread: Thread finished: MainUserLoad 1-953
2026-03-25 09:05:06,876 INFO o.a.j.t.JMeterThread: Stopping because end time detected by thread: MainUserLoad 1-616
2026-03-25 09:05:06,876 INFO o.a.j.t.JMeterThread: Thread finished: MainUserLoad 1-616
2026-03-25 09:05:06,876 INFO o.a.j.t.JMeterThread: Stopping because end time detected by thread: MainUserLoad 1-371
2026-03-25 09:05:06,876 INFO o.a.j.t.JMeterThread: Thread finished: MainUserLoad 1-692
2026-03-25 09:05:06,876 INFO o.a.j.t.JMeterThread: Thread finished: MainUserLoad 1-371
2026-03-25 09:05:06,878 INFO o.a.j.t.JMeterThread: Stopping because end time detected by thread: MainUserLoad 1-599
2026-03-25 09:05:06,878 INFO o.a.j.t.JMeterThread: Stopping because end time detected by thread: MainUserLoad 1-978
2026-03-25 09:05:06,878 INFO o.a.j.t.JMeterThread: Thread finished: MainUserLoad 1-599
2026-03-25 09:05:06,878 INFO o.a.j.t.JMeterThread: Thread finished: MainUserLoad 1-978
2026-03-25 09:05:06,878 INFO o.a.j.t.JMeterThread: Stopping because end time detected by thread: MainUserLoad 1-752
2026-03-25 09:05:06,878 INFO o.a.j.t.JMeterThread: Thread finished: MainUserLoad 1-752
2026-03-25 09:05:06,878 INFO o.a.j.t.JMeterThread: Stopping because end time detected by thread: MainUserLoad 1-784
2026-03-25 09:05:06,878 INFO o.a.j.t.JMeterThread: Thread finished: MainUserLoad 1-784
2026-03-25 09:05:06,880 INFO o.a.j.t.JMeterThread: Stopping because end time detected by thread: MainUserLoad 1-769
2026-03-25 09:05:06,880 INFO o.a.j.t.JMeterThread: Thread finished: MainUserLoad 1-769
2026-03-25 09:05:06,886 INFO o.a.j.t.JMeterThread: Stopping because end time detected by thread: MainUserLoad 1-902
2026-03-25 09:05:06,886 INFO o.a.j.t.JMeterThread: Thread finished: MainUserLoad 1-902
2026-03-25 09:05:06,886 INFO o.a.j.t.JMeterThread: Stopping because end time detected by thread: MainUserLoad 1-10
2026-03-25 09:05:06,886 INFO o.a.j.t.JMeterThread: Stopping because end time detected by thread: MainUserLoad 1-143
2026-03-25 09:05:06,886 INFO o.a.j.t.JMeterThread: Thread finished: MainUserLoad 1-10
2026-03-25 09:05:06,886 INFO o.a.j.t.JMeterThread: Thread finished: MainUserLoad 1-143
2026-03-25 09:05:06,887 INFO o.a.j.t.JMeterThread: Stopping because end time detected by thread: MainUserLoad 1-648
2026-03-25 09:05:06,887 INFO o.a.j.t.JMeterThread: Stopping because end time detected by thread: MainUserLoad 1-854
2026-03-25 09:05:06,887 INFO o.a.j.t.JMeterThread: Thread finished: MainUserLoad 1-854
2026-03-25 09:05:06,887 INFO o.a.j.t.JMeterThread: Thread finished: MainUserLoad 1-648
2026-03-25 09:05:06,888 INFO o.a.j.t.JMeterThread: Stopping because end time detected by thread: MainUserLoad 1-421
2026-03-25 09:05:06,888 INFO o.a.j.t.JMeterThread: Thread finished: MainUserLoad 1-421
2026-03-25 09:05:06,888 INFO o.a.j.t.JMeterThread: Stopping because end time detected by thread: MainUserLoad 1-563
2026-03-25 09:05:06,888 INFO o.a.j.t.JMeterThread: Stopping because end time detected by thread: MainUserLoad 1-989
2026-03-25 09:05:06,889 INFO o.a.j.t.JMeterThread: Thread finished: MainUserLoad 1-563
2026-03-25 09:05:06,889 INFO o.a.j.t.JMeterThread: Thread finished: MainUserLoad 1-989
2026-03-25 09:05:06,890 INFO o.a.j.t.JMeterThread: Stopping because end time detected by thread: MainUserLoad 1-470
2026-03-25 09:05:06,890 INFO o.a.j.t.JMeterThread: Thread finished: MainUserLoad 1-470
2026-03-25 09:05:06,891 INFO o.a.j.t.JMeterThread: Stopping because end time detected by thread: MainUserLoad 1-701
2026-03-25 09:05:06,891 INFO o.a.j.t.JMeterThread: Stopping because end time detected by thread: MainUserLoad 1-319
2026-03-25 09:05:06,891 INFO o.a.j.t.JMeterThread: Thread finished: MainUserLoad 1-701
2026-03-25 09:05:06,891 INFO o.a.j.t.JMeterThread: Thread finished: MainUserLoad 1-319
2026-03-25 09:05:06,891 INFO o.a.j.t.JMeterThread: Stopping because end time detected by thread: MainUserLoad 1-136
2026-03-25 09:05:06,891 INFO o.a.j.t.JMeterThread: Thread finished: MainUserLoad 1-136
2026-03-25 09:05:06,900 INFO o.a.j.t.JMeterThread: Stopping because end time detected by thread: MainUserLoad 1-935
2026-03-25 09:05:06,900 INFO o.a.j.t.JMeterThread: Stopping because end time detected by thread: MainUserLoad 1-476
2026-03-25 09:05:06,900 INFO o.a.j.t.JMeterThread: Thread finished: MainUserLoad 1-935
2026-03-25 09:05:06,900 INFO o.a.j.t.JMeterThread: Thread finished: MainUserLoad 1-476
2026-03-25 09:05:06,902 INFO o.a.j.t.JMeterThread: Stopping because end time detected by thread: MainUserLoad 1-939
2026-03-25 09:05:06,902 INFO o.a.j.t.JMeterThread: Thread finished: MainUserLoad 1-939
2026-03-25 09:05:06,904 INFO o.a.j.t.JMeterThread: Stopping because end time detected by thread: MainUserLoad 1-303
2026-03-25 09:05:06,904 INFO o.a.j.t.JMeterThread: Thread finished: MainUserLoad 1-303
2026-03-25 09:05:06,905 INFO o.a.j.t.JMeterThread: Stopping because end time detected by thread: MainUserLoad 1-258
2026-03-25 09:05:06,905 INFO o.a.j.t.JMeterThread: Thread finished: MainUserLoad 1-258
2026-03-25 09:05:06,908 INFO o.a.j.t.JMeterThread: Stopping because end time detected by thread: MainUserLoad 1-497
2026-03-25 09:05:06,908 INFO o.a.j.t.JMeterThread: Stopping because end time detected by thread: MainUserLoad 1-823
2026-03-25 09:05:06,908 INFO o.a.j.t.JMeterThread: Thread finished: MainUserLoad 1-497
2026-03-25 09:05:06,908 INFO o.a.j.t.JMeterThread: Thread finished: MainUserLoad 1-823
2026-03-25 09:05:06,909 INFO o.a.j.t.JMeterThread: Stopping because end time detected by thread: MainUserLoad 1-2
2026-03-25 09:05:06,909 INFO o.a.j.t.JMeterThread: Stopping because end time detected by thread: MainUserLoad 1-756
2026-03-25 09:05:06,909 INFO o.a.j.t.JMeterThread: Thread finished: MainUserLoad 1-2
2026-03-25 09:05:06,909 INFO o.a.j.t.JMeterThread: Stopping because end time detected by thread: MainUserLoad 1-975
2026-03-25 09:05:06,909 INFO o.a.j.t.JMeterThread: Thread finished: MainUserLoad 1-756
2026-03-25 09:05:06,909 INFO o.a.j.t.JMeterThread: Thread finished: MainUserLoad 1-975
2026-03-25 09:05:06,911 INFO o.a.j.t.JMeterThread: Stopping because end time detected by thread: MainUserLoad 1-545
2026-03-25 09:05:06,911 INFO o.a.j.t.JMeterThread: Stopping because end time detected by thread: MainUserLoad 1-836
2026-03-25 09:05:06,911 INFO o.a.j.t.JMeterThread: Thread finished: MainUserLoad 1-545
2026-03-25 09:05:06,911 INFO o.a.j.t.JMeterThread: Thread finished: MainUserLoad 1-836
2026-03-25 09:05:06,911 INFO o.a.j.t.JMeterThread: Stopping because end time detected by thread: MainUserLoad 1-3
2026-03-25 09:05:06,911 INFO o.a.j.t.JMeterThread: Thread finished: MainUserLoad 1-3
2026-03-25 09:05:06,911 INFO o.a.j.t.JMeterThread: Stopping because end time detected by thread: MainUserLoad 1-687
2026-03-25 09:05:06,912 INFO o.a.j.t.JMeterThread: Thread finished: MainUserLoad 1-687
2026-03-25 09:05:06,913 INFO o.a.j.t.JMeterThread: Stopping because end time detected by thread: MainUserLoad 1-774
2026-03-25 09:05:06,914 INFO o.a.j.t.JMeterThread: Thread finished: MainUserLoad 1-774
2026-03-25 09:05:06,915 INFO o.a.j.t.JMeterThread: Stopping because end time detected by thread: MainUserLoad 1-685
2026-03-25 09:05:06,915 INFO o.a.j.t.JMeterThread: Thread finished: MainUserLoad 1-685
2026-03-25 09:05:06,917 INFO o.a.j.t.JMeterThread: Stopping because end time detected by thread: MainUserLoad 1-408
2026-03-25 09:05:06,918 INFO o.a.j.t.JMeterThread: Stopping because end time detected by thread: MainUserLoad 1-945
2026-03-25 09:05:06,918 INFO o.a.j.t.JMeterThread: Thread finished: MainUserLoad 1-408
2026-03-25 09:05:06,918 INFO o.a.j.t.JMeterThread: Thread finished: MainUserLoad 1-945
2026-03-25 09:05:06,918 INFO o.a.j.t.JMeterThread: Stopping because end time detected by thread: MainUserLoad 1-135
2026-03-25 09:05:06,918 INFO o.a.j.t.JMeterThread: Stopping because end time detected by thread: MainUserLoad 1-728
2026-03-25 09:05:06,918 INFO o.a.j.t.JMeterThread: Thread finished: MainUserLoad 1-135
2026-03-25 09:05:06,918 INFO o.a.j.t.JMeterThread: Stopping because end time detected by thread: MainUserLoad 1-14
2026-03-25 09:05:06,918 INFO o.a.j.t.JMeterThread: Thread finished: MainUserLoad 1-728
2026-03-25 09:05:06,918 INFO o.a.j.t.JMeterThread: Thread finished: MainUserLoad 1-14
2026-03-25 09:05:06,920 INFO o.a.j.t.JMeterThread: Stopping because end time detected by thread: MainUserLoad 1-390
2026-03-25 09:05:06,920 INFO o.a.j.t.JMeterThread: Thread finished: MainUserLoad 1-390
2026-03-25 09:05:06,921 INFO o.a.j.t.JMeterThread: Stopping because end time detected by thread: MainUserLoad 1-96
2026-03-25 09:05:06,921 INFO o.a.j.t.JMeterThread: Stopping because end time detected by thread: MainUserLoad 1-638
2026-03-25 09:05:06,921 INFO o.a.j.t.JMeterThread: Thread finished: MainUserLoad 1-96
2026-03-25 09:05:06,921 INFO o.a.j.t.JMeterThread: Stopping because end time detected by thread: MainUserLoad 1-455
2026-03-25 09:05:06,921 INFO o.a.j.t.JMeterThread: Stopping because end time detected by thread: MainUserLoad 1-228
2026-03-25 09:05:06,921 INFO o.a.j.t.JMeterThread: Thread finished: MainUserLoad 1-638
2026-03-25 09:05:06,921 INFO o.a.j.t.JMeterThread: Stopping because end time detected by thread: MainUserLoad 1-755
2026-03-25 09:05:06,921 INFO o.a.j.t.JMeterThread: Thread finished: MainUserLoad 1-755
2026-03-25 09:05:06,921 INFO o.a.j.t.JMeterThread: Thread finished: MainUserLoad 1-455
2026-03-25 09:05:06,921 INFO o.a.j.t.JMeterThread: Thread finished: MainUserLoad 1-228
2026-03-25 09:05:06,921 INFO o.a.j.t.JMeterThread: Stopping because end time detected by thread: MainUserLoad 1-280
2026-03-25 09:05:06,922 INFO o.a.j.t.JMeterThread: Stopping because end time detected by thread: MainUserLoad 1-604
2026-03-25 09:05:06,922 INFO o.a.j.t.JMeterThread: Thread finished: MainUserLoad 1-280
2026-03-25 09:05:06,922 INFO o.a.j.t.JMeterThread: Stopping because end time detected by thread: MainUserLoad 1-396
2026-03-25 09:05:06,922 INFO o.a.j.t.JMeterThread: Thread finished: MainUserLoad 1-604
2026-03-25 09:05:06,922 INFO o.a.j.t.JMeterThread: Stopping because end time detected by thread: MainUserLoad 1-886
2026-03-25 09:05:06,922 INFO o.a.j.t.JMeterThread: Stopping because end time detected by thread: MainUserLoad 1-114
2026-03-25 09:05:06,922 INFO o.a.j.t.JMeterThread: Thread finished: MainUserLoad 1-886
2026-03-25 09:05:06,922 INFO o.a.j.t.JMeterThread: Thread finished: MainUserLoad 1-114
2026-03-25 09:05:06,922 INFO o.a.j.t.JMeterThread: Thread finished: MainUserLoad 1-396
2026-03-25 09:05:06,925 INFO o.a.j.t.JMeterThread: Stopping because end time detected by thread: MainUserLoad 1-729
2026-03-25 09:05:06,925 INFO o.a.j.t.JMeterThread: Stopping because end time detected by thread: MainUserLoad 1-811
2026-03-25 09:05:06,925 INFO o.a.j.t.JMeterThread: Thread finished: MainUserLoad 1-729
2026-03-25 09:05:06,925 INFO o.a.j.t.JMeterThread: Stopping because end time detected by thread: MainUserLoad 1-787
2026-03-25 09:05:06,925 INFO o.a.j.t.JMeterThread: Thread finished: MainUserLoad 1-811
2026-03-25 09:05:06,925 INFO o.a.j.t.JMeterThread: Stopping because end time detected by thread: MainUserLoad 1-963
2026-03-25 09:05:06,925 INFO o.a.j.t.JMeterThread: Stopping because end time detected by thread: MainUserLoad 1-483
2026-03-25 09:05:06,925 INFO o.a.j.t.JMeterThread: Thread finished: MainUserLoad 1-963
2026-03-25 09:05:06,925 INFO o.a.j.t.JMeterThread: Stopping because end time detected by thread: MainUserLoad 1-645
2026-03-25 09:05:06,925 INFO o.a.j.t.JMeterThread: Thread finished: MainUserLoad 1-483
2026-03-25 09:05:06,925 INFO o.a.j.t.JMeterThread: Stopping because end time detected by thread: MainUserLoad 1-387
2026-03-25 09:05:06,925 INFO o.a.j.t.JMeterThread: Thread finished: MainUserLoad 1-787
2026-03-25 09:05:06,925 INFO o.a.j.t.JMeterThread: Stopping because end time detected by thread: MainUserLoad 1-198
2026-03-25 09:05:06,925 INFO o.a.j.t.JMeterThread: Thread finished: MainUserLoad 1-387
2026-03-25 09:05:06,925 INFO o.a.j.t.JMeterThread: Thread finished: MainUserLoad 1-645
2026-03-25 09:05:06,926 INFO o.a.j.t.JMeterThread: Thread finished: MainUserLoad 1-198
2026-03-25 09:05:06,926 INFO o.a.j.t.JMeterThread: Stopping because end time detected by thread: MainUserLoad 1-856
2026-03-25 09:05:06,926 INFO o.a.j.t.JMeterThread: Thread finished: MainUserLoad 1-856
2026-03-25 09:05:06,926 INFO o.a.j.t.JMeterThread: Stopping because end time detected by thread: MainUserLoad 1-223
2026-03-25 09:05:06,926 INFO o.a.j.t.JMeterThread: Thread finished: MainUserLoad 1-223
2026-03-25 09:05:06,927 INFO o.a.j.t.JMeterThread: Stopping because end time detected by thread: MainUserLoad 1-432
2026-03-25 09:05:06,927 INFO o.a.j.t.JMeterThread: Thread finished: MainUserLoad 1-432
2026-03-25 09:05:06,927 INFO o.a.j.t.JMeterThread: Stopping because end time detected by thread: MainUserLoad 1-495
2026-03-25 09:05:06,927 INFO o.a.j.t.JMeterThread: Thread finished: MainUserLoad 1-495
2026-03-25 09:05:06,928 INFO o.a.j.t.JMeterThread: Stopping because end time detected by thread: MainUserLoad 1-885
2026-03-25 09:05:06,928 INFO o.a.j.t.JMeterThread: Stopping because end time detected by thread: MainUserLoad 1-502
2026-03-25 09:05:06,928 INFO o.a.j.t.JMeterThread: Thread finished: MainUserLoad 1-885
2026-03-25 09:05:06,928 INFO o.a.j.t.JMeterThread: Thread finished: MainUserLoad 1-502
2026-03-25 09:05:06,929 INFO o.a.j.t.JMeterThread: Stopping because end time detected by thread: MainUserLoad 1-748
2026-03-25 09:05:06,929 INFO o.a.j.t.JMeterThread: Thread finished: MainUserLoad 1-748
2026-03-25 09:05:06,929 INFO o.a.j.t.JMeterThread: Stopping because end time detected by thread: MainUserLoad 1-48
2026-03-25 09:05:06,929 INFO o.a.j.t.JMeterThread: Thread finished: MainUserLoad 1-48
2026-03-25 09:05:06,929 INFO o.a.j.t.JMeterThread: Stopping because end time detected by thread: MainUserLoad 1-626
2026-03-25 09:05:06,929 INFO o.a.j.t.JMeterThread: Thread finished: MainUserLoad 1-626
2026-03-25 09:05:06,930 INFO o.a.j.t.JMeterThread: Stopping because end time detected by thread: MainUserLoad 1-301
2026-03-25 09:05:06,930 INFO o.a.j.t.JMeterThread: Thread finished: MainUserLoad 1-301
2026-03-25 09:05:06,930 INFO o.a.j.t.JMeterThread: Stopping because end time detected by thread: MainUserLoad 1-934
2026-03-25 09:05:06,930 INFO o.a.j.t.JMeterThread: Thread finished: MainUserLoad 1-934
2026-03-25 09:05:06,932 INFO o.a.j.t.JMeterThread: Stopping because end time detected by thread: MainUserLoad 1-279
2026-03-25 09:05:06,932 INFO o.a.j.t.JMeterThread: Stopping because end time detected by thread: MainUserLoad 1-768
2026-03-25 09:05:06,932 INFO o.a.j.t.JMeterThread: Thread finished: MainUserLoad 1-279
2026-03-25 09:05:06,933 INFO o.a.j.t.JMeterThread: Thread finished: MainUserLoad 1-768
2026-03-25 09:05:06,934 INFO o.a.j.t.JMeterThread: Stopping because end time detected by thread: MainUserLoad 1-926
2026-03-25 09:05:06,934 INFO o.a.j.t.JMeterThread: Thread finished: MainUserLoad 1-926
2026-03-25 09:05:06,935 INFO o.a.j.t.JMeterThread: Stopping because end time detected by thread: MainUserLoad 1-561
2026-03-25 09:05:06,935 INFO o.a.j.t.JMeterThread: Stopping because end time detected by thread: MainUserLoad 1-581
2026-03-25 09:05:06,935 INFO o.a.j.t.JMeterThread: Thread finished: MainUserLoad 1-561
2026-03-25 09:05:06,935 INFO o.a.j.t.JMeterThread: Thread finished: MainUserLoad 1-581
2026-03-25 09:05:06,935 INFO o.a.j.t.JMeterThread: Stopping because end time detected by thread: MainUserLoad 1-931
2026-03-25 09:05:06,935 INFO o.a.j.t.JMeterThread: Thread finished: MainUserLoad 1-931
2026-03-25 09:05:06,935 INFO o.a.j.t.JMeterThread: Stopping because end time detected by thread: MainUserLoad 1-60
2026-03-25 09:05:06,936 INFO o.a.j.t.JMeterThread: Thread finished: MainUserLoad 1-60
2026-03-25 09:05:06,936 INFO o.a.j.t.JMeterThread: Stopping because end time detected by thread: MainUserLoad 1-269
2026-03-25 09:05:06,936 INFO o.a.j.t.JMeterThread: Thread finished: MainUserLoad 1-269
2026-03-25 09:05:06,936 INFO o.a.j.t.JMeterThread: Stopping because end time detected by thread: MainUserLoad 1-273
2026-03-25 09:05:06,936 INFO o.a.j.t.JMeterThread: Stopping because end time detected by thread: MainUserLoad 1-523
2026-03-25 09:05:06,936 INFO o.a.j.t.JMeterThread: Thread finished: MainUserLoad 1-273
2026-03-25 09:05:06,936 INFO o.a.j.t.JMeterThread: Thread finished: MainUserLoad 1-523
2026-03-25 09:05:06,936 INFO o.a.j.t.JMeterThread: Stopping because end time detected by thread: MainUserLoad 1-587
2026-03-25 09:05:06,936 INFO o.a.j.t.JMeterThread: Thread finished: MainUserLoad 1-587
2026-03-25 09:05:06,936 INFO o.a.j.t.JMeterThread: Stopping because end time detected by thread: MainUserLoad 1-916
2026-03-25 09:05:06,936 INFO o.a.j.t.JMeterThread: Stopping because end time detected by thread: MainUserLoad 1-414
2026-03-25 09:05:06,937 INFO o.a.j.t.JMeterThread: Stopping because end time detected by thread: MainUserLoad 1-967
2026-03-25 09:05:06,937 INFO o.a.j.t.JMeterThread: Thread finished: MainUserLoad 1-414
2026-03-25 09:05:06,937 INFO o.a.j.t.JMeterThread: Thread finished: MainUserLoad 1-916
2026-03-25 09:05:06,937 INFO o.a.j.t.JMeterThread: Thread finished: MainUserLoad 1-967
2026-03-25 09:05:06,937 INFO o.a.j.t.JMeterThread: Stopping because end time detected by thread: MainUserLoad 1-627
2026-03-25 09:05:06,937 INFO o.a.j.t.JMeterThread: Thread finished: MainUserLoad 1-627
2026-03-25 09:05:06,938 INFO o.a.j.t.JMeterThread: Stopping because end time detected by thread: MainUserLoad 1-359
2026-03-25 09:05:06,938 INFO o.a.j.t.JMeterThread: Stopping because end time detected by thread: MainUserLoad 1-589
2026-03-25 09:05:06,938 INFO o.a.j.t.JMeterThread: Thread finished: MainUserLoad 1-359
2026-03-25 09:05:06,938 INFO o.a.j.t.JMeterThread: Thread finished: MainUserLoad 1-589
2026-03-25 09:05:06,938 INFO o.a.j.t.JMeterThread: Stopping because end time detected by thread: MainUserLoad 1-903
2026-03-25 09:05:06,938 INFO o.a.j.t.JMeterThread: Thread finished: MainUserLoad 1-903
2026-03-25 09:05:06,940 INFO o.a.j.t.JMeterThread: Stopping because end time detected by thread: MainUserLoad 1-651
2026-03-25 09:05:06,940 INFO o.a.j.t.JMeterThread: Stopping because end time detected by thread: MainUserLoad 1-528
2026-03-25 09:05:06,940 INFO o.a.j.t.JMeterThread: Stopping because end time detected by thread: MainUserLoad 1-944
2026-03-25 09:05:06,940 INFO o.a.j.t.JMeterThread: Stopping because end time detected by thread: MainUserLoad 1-385
2026-03-25 09:05:06,940 INFO o.a.j.t.JMeterThread: Thread finished: MainUserLoad 1-528
2026-03-25 09:05:06,941 INFO o.a.j.t.JMeterThread: Thread finished: MainUserLoad 1-385
2026-03-25 09:05:06,940 INFO o.a.j.t.JMeterThread: Thread finished: MainUserLoad 1-651
2026-03-25 09:05:06,940 INFO o.a.j.t.JMeterThread: Thread finished: MainUserLoad 1-944
2026-03-25 09:05:06,941 INFO o.a.j.t.JMeterThread: Stopping because end time detected by thread: MainUserLoad 1-120
2026-03-25 09:05:06,941 INFO o.a.j.t.JMeterThread: Stopping because end time detected by thread: MainUserLoad 1-726
2026-03-25 09:05:06,942 INFO o.a.j.t.JMeterThread: Thread finished: MainUserLoad 1-726
2026-03-25 09:05:06,942 INFO o.a.j.t.JMeterThread: Stopping because end time detected by thread: MainUserLoad 1-929
2026-03-25 09:05:06,942 INFO o.a.j.t.JMeterThread: Thread finished: MainUserLoad 1-120
2026-03-25 09:05:06,942 INFO o.a.j.t.JMeterThread: Thread finished: MainUserLoad 1-929
2026-03-25 09:05:06,942 INFO o.a.j.t.JMeterThread: Stopping because end time detected by thread: MainUserLoad 1-26
2026-03-25 09:05:06,942 INFO o.a.j.t.JMeterThread: Thread finished: MainUserLoad 1-26
2026-03-25 09:05:06,942 INFO o.a.j.t.JMeterThread: Stopping because end time detected by thread: MainUserLoad 1-108
2026-03-25 09:05:06,943 INFO o.a.j.t.JMeterThread: Thread finished: MainUserLoad 1-108
2026-03-25 09:05:06,943 INFO o.a.j.t.JMeterThread: Stopping because end time detected by thread: MainUserLoad 1-562
2026-03-25 09:05:06,943 INFO o.a.j.t.JMeterThread: Thread finished: MainUserLoad 1-562
2026-03-25 09:05:06,944 INFO o.a.j.t.JMeterThread: Stopping because end time detected by thread: MainUserLoad 1-199
2026-03-25 09:05:06,944 INFO o.a.j.t.JMeterThread: Thread finished: MainUserLoad 1-199
2026-03-25 09:05:06,944 INFO o.a.j.t.JMeterThread: Stopping because end time detected by thread: MainUserLoad 1-289
2026-03-25 09:05:06,944 INFO o.a.j.t.JMeterThread: Thread finished: MainUserLoad 1-289
2026-03-25 09:05:06,946 INFO o.a.j.t.JMeterThread: Stopping because end time detected by thread: MainUserLoad 1-112
2026-03-25 09:05:06,946 INFO o.a.j.t.JMeterThread: Thread finished: MainUserLoad 1-112
2026-03-25 09:05:06,947 INFO o.a.j.t.JMeterThread: Stopping because end time detected by thread: MainUserLoad 1-958
2026-03-25 09:05:06,947 INFO o.a.j.t.JMeterThread: Stopping because end time detected by thread: MainUserLoad 1-968
2026-03-25 09:05:06,947 INFO o.a.j.t.JMeterThread: Stopping because end time detected by thread: MainUserLoad 1-995
2026-03-25 09:05:06,947 INFO o.a.j.t.JMeterThread: Thread finished: MainUserLoad 1-958
2026-03-25 09:05:06,947 INFO o.a.j.t.JMeterThread: Stopping because end time detected by thread: MainUserLoad 1-887
2026-03-25 09:05:06,947 INFO o.a.j.t.JMeterThread: Stopping because end time detected by thread: MainUserLoad 1-132
2026-03-25 09:05:06,947 INFO o.a.j.t.JMeterThread: Stopping because end time detected by thread: MainUserLoad 1-153
2026-03-25 09:05:06,947 INFO o.a.j.t.JMeterThread: Thread finished: MainUserLoad 1-887
2026-03-25 09:05:06,947 INFO o.a.j.t.JMeterThread: Thread finished: MainUserLoad 1-153
2026-03-25 09:05:06,947 INFO o.a.j.t.JMeterThread: Stopping because end time detected by thread: MainUserLoad 1-129
2026-03-25 09:05:06,947 INFO o.a.j.t.JMeterThread: Thread finished: MainUserLoad 1-129
2026-03-25 09:05:06,947 INFO o.a.j.t.JMeterThread: Thread finished: MainUserLoad 1-968
2026-03-25 09:05:06,947 INFO o.a.j.t.JMeterThread: Thread finished: MainUserLoad 1-995
2026-03-25 09:05:06,949 INFO o.a.j.t.JMeterThread: Stopping because end time detected by thread: MainUserLoad 1-829
2026-03-25 09:05:06,949 INFO o.a.j.t.JMeterThread: Thread finished: MainUserLoad 1-829
2026-03-25 09:05:06,947 INFO o.a.j.t.JMeterThread: Thread finished: MainUserLoad 1-132
2026-03-25 09:05:06,949 INFO o.a.j.t.JMeterThread: Stopping because end time detected by thread: MainUserLoad 1-713
2026-03-25 09:05:06,949 INFO o.a.j.t.JMeterThread: Thread finished: MainUserLoad 1-713
2026-03-25 09:05:06,950 INFO o.a.j.t.JMeterThread: Stopping because end time detected by thread: MainUserLoad 1-574
2026-03-25 09:05:06,950 INFO o.a.j.t.JMeterThread: Thread finished: MainUserLoad 1-574
2026-03-25 09:05:06,950 INFO o.a.j.t.JMeterThread: Stopping because end time detected by thread: MainUserLoad 1-500
2026-03-25 09:05:06,950 INFO o.a.j.t.JMeterThread: Thread finished: MainUserLoad 1-500
2026-03-25 09:05:06,950 INFO o.a.j.t.JMeterThread: Stopping because end time detected by thread: MainUserLoad 1-992
2026-03-25 09:05:06,950 INFO o.a.j.t.JMeterThread: Thread finished: MainUserLoad 1-992
2026-03-25 09:05:06,950 INFO o.a.j.t.JMeterThread: Stopping because end time detected by thread: MainUserLoad 1-808
2026-03-25 09:05:06,950 INFO o.a.j.t.JMeterThread: Stopping because end time detected by thread: MainUserLoad 1-891
2026-03-25 09:05:06,950 INFO o.a.j.t.JMeterThread: Thread finished: MainUserLoad 1-891
2026-03-25 09:05:06,950 INFO o.a.j.t.JMeterThread: Stopping because end time detected by thread: MainUserLoad 1-417
2026-03-25 09:05:06,950 INFO o.a.j.t.JMeterThread: Stopping because end time detected by thread: MainUserLoad 1-164
2026-03-25 09:05:06,950 INFO o.a.j.t.JMeterThread: Thread finished: MainUserLoad 1-808
2026-03-25 09:05:06,950 INFO o.a.j.t.JMeterThread: Thread finished: MainUserLoad 1-417
2026-03-25 09:05:06,950 INFO o.a.j.t.JMeterThread: Thread finished: MainUserLoad 1-164
2026-03-25 09:05:06,952 INFO o.a.j.t.JMeterThread: Stopping because end time detected by thread: MainUserLoad 1-335
2026-03-25 09:05:06,952 INFO o.a.j.t.JMeterThread: Stopping because end time detected by thread: MainUserLoad 1-579
2026-03-25 09:05:06,952 INFO o.a.j.t.JMeterThread: Thread finished: MainUserLoad 1-335
2026-03-25 09:05:06,952 INFO o.a.j.t.JMeterThread: Thread finished: MainUserLoad 1-579
2026-03-25 09:05:06,952 INFO o.a.j.t.JMeterThread: Stopping because end time detected by thread: MainUserLoad 1-629
2026-03-25 09:05:06,952 INFO o.a.j.t.JMeterThread: Thread finished: MainUserLoad 1-629
2026-03-25 09:05:06,952 INFO o.a.j.t.JMeterThread: Stopping because end time detected by thread: MainUserLoad 1-330
2026-03-25 09:05:06,952 INFO o.a.j.t.JMeterThread: Stopping because end time detected by thread: MainUserLoad 1-698
2026-03-25 09:05:06,952 INFO o.a.j.t.JMeterThread: Thread finished: MainUserLoad 1-330
2026-03-25 09:05:06,953 INFO o.a.j.t.JMeterThread: Thread finished: MainUserLoad 1-698
2026-03-25 09:05:06,953 INFO o.a.j.t.JMeterThread: Stopping because end time detected by thread: MainUserLoad 1-677
2026-03-25 09:05:06,953 INFO o.a.j.t.JMeterThread: Thread finished: MainUserLoad 1-677
2026-03-25 09:05:06,953 INFO o.a.j.t.JMeterThread: Stopping because end time detected by thread: MainUserLoad 1-973
2026-03-25 09:05:06,953 INFO o.a.j.t.JMeterThread: Stopping because end time detected by thread: MainUserLoad 1-262
2026-03-25 09:05:06,954 INFO o.a.j.t.JMeterThread: Thread finished: MainUserLoad 1-973
2026-03-25 09:05:06,954 INFO o.a.j.t.JMeterThread: Thread finished: MainUserLoad 1-262
2026-03-25 09:05:06,957 INFO o.a.j.t.JMeterThread: Stopping because end time detected by thread: MainUserLoad 1-631
2026-03-25 09:05:06,957 INFO o.a.j.t.JMeterThread: Thread finished: MainUserLoad 1-631
2026-03-25 09:05:06,957 INFO o.a.j.t.JMeterThread: Stopping because end time detected by thread: MainUserLoad 1-949
2026-03-25 09:05:06,957 INFO o.a.j.t.JMeterThread: Thread finished: MainUserLoad 1-949
2026-03-25 09:05:06,957 INFO o.a.j.t.JMeterThread: Stopping because end time detected by thread: MainUserLoad 1-771
2026-03-25 09:05:06,957 INFO o.a.j.t.JMeterThread: Thread finished: MainUserLoad 1-771
2026-03-25 09:05:06,957 INFO o.a.j.t.JMeterThread: Stopping because end time detected by thread: MainUserLoad 1-816
2026-03-25 09:05:06,957 INFO o.a.j.t.JMeterThread: Thread finished: MainUserLoad 1-816
2026-03-25 09:05:06,958 INFO o.a.j.t.JMeterThread: Stopping because end time detected by thread: MainUserLoad 1-941
2026-03-25 09:05:06,958 INFO o.a.j.t.JMeterThread: Stopping because end time detected by thread: MainUserLoad 1-176
2026-03-25 09:05:06,958 INFO o.a.j.t.JMeterThread: Thread finished: MainUserLoad 1-941
2026-03-25 09:05:06,958 INFO o.a.j.t.JMeterThread: Thread finished: MainUserLoad 1-176
2026-03-25 09:05:06,958 INFO o.a.j.t.JMeterThread: Stopping because end time detected by thread: MainUserLoad 1-936
2026-03-25 09:05:06,958 INFO o.a.j.t.JMeterThread: Thread finished: MainUserLoad 1-936
2026-03-25 09:05:06,959 INFO o.a.j.t.JMeterThread: Stopping because end time detected by thread: MainUserLoad 1-736
2026-03-25 09:05:06,959 INFO o.a.j.t.JMeterThread: Thread finished: MainUserLoad 1-736
2026-03-25 09:05:06,959 INFO o.a.j.t.JMeterThread: Stopping because end time detected by thread: MainUserLoad 1-376
2026-03-25 09:05:06,959 INFO o.a.j.t.JMeterThread: Thread finished: MainUserLoad 1-376
2026-03-25 09:05:06,960 INFO o.a.j.t.JMeterThread: Stopping because end time detected by thread: MainUserLoad 1-741
2026-03-25 09:05:06,960 INFO o.a.j.t.JMeterThread: Thread finished: MainUserLoad 1-741
2026-03-25 09:05:06,960 INFO o.a.j.t.JMeterThread: Stopping because end time detected by thread: MainUserLoad 1-549
2026-03-25 09:05:06,960 INFO o.a.j.t.JMeterThread: Thread finished: MainUserLoad 1-549
2026-03-25 09:05:06,960 INFO o.a.j.t.JMeterThread: Stopping because end time detected by thread: MainUserLoad 1-440
2026-03-25 09:05:06,960 INFO o.a.j.t.JMeterThread: Thread finished: MainUserLoad 1-440
2026-03-25 09:05:06,960 INFO o.a.j.t.JMeterThread: Stopping because end time detected by thread: MainUserLoad 1-208
2026-03-25 09:05:06,960 INFO o.a.j.t.JMeterThread: Stopping because end time detected by thread: MainUserLoad 1-770
2026-03-25 09:05:06,960 INFO o.a.j.t.JMeterThread: Thread finished: MainUserLoad 1-770
2026-03-25 09:05:06,960 INFO o.a.j.t.JMeterThread: Stopping because end time detected by thread: MainUserLoad 1-174
2026-03-25 09:05:06,960 INFO o.a.j.t.JMeterThread: Thread finished: MainUserLoad 1-174
2026-03-25 09:05:06,960 INFO o.a.j.t.JMeterThread: Thread finished: MainUserLoad 1-208
2026-03-25 09:05:06,961 INFO o.a.j.t.JMeterThread: Stopping because end time detected by thread: MainUserLoad 1-98
2026-03-25 09:05:06,961 INFO o.a.j.t.JMeterThread: Thread finished: MainUserLoad 1-98
2026-03-25 09:05:06,962 INFO o.a.j.t.JMeterThread: Stopping because end time detected by thread: MainUserLoad 1-875
2026-03-25 09:05:06,962 INFO o.a.j.t.JMeterThread: Stopping because end time detected by thread: MainUserLoad 1-620
2026-03-25 09:05:06,962 INFO o.a.j.t.JMeterThread: Thread finished: MainUserLoad 1-620
2026-03-25 09:05:06,962 INFO o.a.j.t.JMeterThread: Thread finished: MainUserLoad 1-875
2026-03-25 09:05:06,962 INFO o.a.j.t.JMeterThread: Stopping because end time detected by thread: MainUserLoad 1-654
2026-03-25 09:05:06,963 INFO o.a.j.t.JMeterThread: Stopping because end time detected by thread: MainUserLoad 1-595
2026-03-25 09:05:06,963 INFO o.a.j.t.JMeterThread: Thread finished: MainUserLoad 1-654
2026-03-25 09:05:06,963 INFO o.a.j.t.JMeterThread: Thread finished: MainUserLoad 1-595
2026-03-25 09:05:06,963 INFO o.a.j.t.JMeterThread: Stopping because end time detected by thread: MainUserLoad 1-97
2026-03-25 09:05:06,963 INFO o.a.j.t.JMeterThread: Thread finished: MainUserLoad 1-97
2026-03-25 09:05:06,963 INFO o.a.j.t.JMeterThread: Stopping because end time detected by thread: MainUserLoad 1-977
2026-03-25 09:05:06,963 INFO o.a.j.t.JMeterThread: Thread finished: MainUserLoad 1-977
2026-03-25 09:05:06,963 INFO o.a.j.t.JMeterThread: Stopping because end time detected by thread: MainUserLoad 1-537
2026-03-25 09:05:06,964 INFO o.a.j.t.JMeterThread: Thread finished: MainUserLoad 1-537
2026-03-25 09:05:06,964 INFO o.a.j.t.JMeterThread: Stopping because end time detected by thread: MainUserLoad 1-680
2026-03-25 09:05:06,964 INFO o.a.j.t.JMeterThread: Thread finished: MainUserLoad 1-680
2026-03-25 09:05:06,964 INFO o.a.j.t.JMeterThread: Stopping because end time detected by thread: MainUserLoad 1-386
2026-03-25 09:05:06,964 INFO o.a.j.t.JMeterThread: Stopping because end time detected by thread: MainUserLoad 1-669
2026-03-25 09:05:06,964 INFO o.a.j.t.JMeterThread: Stopping because end time detected by thread: MainUserLoad 1-99
2026-03-25 09:05:06,964 INFO o.a.j.t.JMeterThread: Thread finished: MainUserLoad 1-386
2026-03-25 09:05:06,964 INFO o.a.j.t.JMeterThread: Thread finished: MainUserLoad 1-99
2026-03-25 09:05:06,964 INFO o.a.j.t.JMeterThread: Thread finished: MainUserLoad 1-669
2026-03-25 09:05:06,965 INFO o.a.j.t.JMeterThread: Stopping because end time detected by thread: MainUserLoad 1-972
2026-03-25 09:05:06,965 INFO o.a.j.t.JMeterThread: Stopping because end time detected by thread: MainUserLoad 1-970
2026-03-25 09:05:06,965 INFO o.a.j.t.JMeterThread: Thread finished: MainUserLoad 1-972
2026-03-25 09:05:06,965 INFO o.a.j.t.JMeterThread: Thread finished: MainUserLoad 1-970
2026-03-25 09:05:06,965 INFO o.a.j.t.JMeterThread: Stopping because end time detected by thread: MainUserLoad 1-611
2026-03-25 09:05:06,965 INFO o.a.j.t.JMeterThread: Stopping because end time detected by thread: MainUserLoad 1-882
2026-03-25 09:05:06,965 INFO o.a.j.t.JMeterThread: Thread finished: MainUserLoad 1-611
2026-03-25 09:05:06,965 INFO o.a.j.t.JMeterThread: Thread finished: MainUserLoad 1-882
2026-03-25 09:05:06,965 INFO o.a.j.t.JMeterThread: Stopping because end time detected by thread: MainUserLoad 1-679
2026-03-25 09:05:06,965 INFO o.a.j.t.JMeterThread: Thread finished: MainUserLoad 1-679
2026-03-25 09:05:06,966 INFO o.a.j.t.JMeterThread: Stopping because end time detected by thread: MainUserLoad 1-673
2026-03-25 09:05:06,966 INFO o.a.j.t.JMeterThread: Stopping because end time detected by thread: MainUserLoad 1-147
2026-03-25 09:05:06,966 INFO o.a.j.t.JMeterThread: Thread finished: MainUserLoad 1-673
2026-03-25 09:05:06,966 INFO o.a.j.t.JMeterThread: Stopping because end time detected by thread: MainUserLoad 1-395
2026-03-25 09:05:06,966 INFO o.a.j.t.JMeterThread: Thread finished: MainUserLoad 1-395
2026-03-25 09:05:06,966 INFO o.a.j.t.JMeterThread: Thread finished: MainUserLoad 1-147
2026-03-25 09:05:06,966 INFO o.a.j.t.JMeterThread: Stopping because end time detected by thread: MainUserLoad 1-504
2026-03-25 09:05:06,966 INFO o.a.j.t.JMeterThread: Stopping because end time detected by thread: MainUserLoad 1-910
2026-03-25 09:05:06,966 INFO o.a.j.t.JMeterThread: Thread finished: MainUserLoad 1-910
2026-03-25 09:05:06,966 INFO o.a.j.t.JMeterThread: Thread finished: MainUserLoad 1-504
2026-03-25 09:05:06,967 INFO o.a.j.t.JMeterThread: Stopping because end time detected by thread: MainUserLoad 1-220
2026-03-25 09:05:06,967 INFO o.a.j.t.JMeterThread: Thread finished: MainUserLoad 1-220
2026-03-25 09:05:06,972 INFO o.a.j.t.JMeterThread: Stopping because end time detected by thread: MainUserLoad 1-765
2026-03-25 09:05:06,972 INFO o.a.j.t.JMeterThread: Stopping because end time detected by thread: MainUserLoad 1-80
2026-03-25 09:05:06,972 INFO o.a.j.t.JMeterThread: Stopping because end time detected by thread: MainUserLoad 1-449
2026-03-25 09:05:06,972 INFO o.a.j.t.JMeterThread: Stopping because end time detected by thread: MainUserLoad 1-927
2026-03-25 09:05:06,972 INFO o.a.j.t.JMeterThread: Thread finished: MainUserLoad 1-449
2026-03-25 09:05:06,972 INFO o.a.j.t.JMeterThread: Thread finished: MainUserLoad 1-765
2026-03-25 09:05:06,972 INFO o.a.j.t.JMeterThread: Thread finished: MainUserLoad 1-80
2026-03-25 09:05:06,972 INFO o.a.j.t.JMeterThread: Stopping because end time detected by thread: MainUserLoad 1-409
2026-03-25 09:05:06,972 INFO o.a.j.t.JMeterThread: Thread finished: MainUserLoad 1-927
2026-03-25 09:05:06,972 INFO o.a.j.t.JMeterThread: Thread finished: MainUserLoad 1-409
2026-03-25 09:05:06,975 INFO o.a.j.t.JMeterThread: Stopping because end time detected by thread: MainUserLoad 1-183
2026-03-25 09:05:06,975 INFO o.a.j.t.JMeterThread: Thread finished: MainUserLoad 1-183
2026-03-25 09:05:06,975 INFO o.a.j.t.JMeterThread: Stopping because end time detected by thread: MainUserLoad 1-321
2026-03-25 09:05:06,975 INFO o.a.j.t.JMeterThread: Stopping because end time detected by thread: MainUserLoad 1-312
2026-03-25 09:05:06,975 INFO o.a.j.t.JMeterThread: Thread finished: MainUserLoad 1-321
2026-03-25 09:05:06,975 INFO o.a.j.t.JMeterThread: Stopping because end time detected by thread: MainUserLoad 1-675
2026-03-25 09:05:06,975 INFO o.a.j.t.JMeterThread: Thread finished: MainUserLoad 1-312
2026-03-25 09:05:06,975 INFO o.a.j.t.JMeterThread: Thread finished: MainUserLoad 1-675
2026-03-25 09:05:06,976 INFO o.a.j.t.JMeterThread: Stopping because end time detected by thread: MainUserLoad 1-799
2026-03-25 09:05:06,976 INFO o.a.j.t.JMeterThread: Thread finished: MainUserLoad 1-799
2026-03-25 09:05:06,977 INFO o.a.j.t.JMeterThread: Stopping because end time detected by thread: MainUserLoad 1-576
2026-03-25 09:05:06,978 INFO o.a.j.t.JMeterThread: Thread finished: MainUserLoad 1-576
2026-03-25 09:05:06,978 INFO o.a.j.t.JMeterThread: Stopping because end time detected by thread: MainUserLoad 1-192
2026-03-25 09:05:06,978 INFO o.a.j.t.JMeterThread: Thread finished: MainUserLoad 1-192
2026-03-25 09:05:06,978 INFO o.a.j.t.JMeterThread: Stopping because end time detected by thread: MainUserLoad 1-445
2026-03-25 09:05:06,978 INFO o.a.j.t.JMeterThread: Thread finished: MainUserLoad 1-445
2026-03-25 09:05:06,983 INFO o.a.j.t.JMeterThread: Stopping because end time detected by thread: MainUserLoad 1-914
2026-03-25 09:05:06,984 INFO o.a.j.t.JMeterThread: Thread finished: MainUserLoad 1-914
2026-03-25 09:05:06,985 INFO o.a.j.t.JMeterThread: Stopping because end time detected by thread: MainUserLoad 1-1
2026-03-25 09:05:06,985 INFO o.a.j.t.JMeterThread: Thread finished: MainUserLoad 1-1
2026-03-25 09:05:06,986 INFO o.a.j.t.JMeterThread: Stopping because end time detected by thread: MainUserLoad 1-488
2026-03-25 09:05:06,986 INFO o.a.j.t.JMeterThread: Thread finished: MainUserLoad 1-488
2026-03-25 09:05:06,986 INFO o.a.j.t.JMeterThread: Stopping because end time detected by thread: MainUserLoad 1-16
2026-03-25 09:05:06,987 INFO o.a.j.t.JMeterThread: Stopping because end time detected by thread: MainUserLoad 1-342
2026-03-25 09:05:06,987 INFO o.a.j.t.JMeterThread: Thread finished: MainUserLoad 1-16
2026-03-25 09:05:06,987 INFO o.a.j.t.JMeterThread: Thread finished: MainUserLoad 1-342
2026-03-25 09:05:06,987 INFO o.a.j.t.JMeterThread: Stopping because end time detected by thread: MainUserLoad 1-866
2026-03-25 09:05:06,987 INFO o.a.j.t.JMeterThread: Thread finished: MainUserLoad 1-866
2026-03-25 09:05:06,988 INFO o.a.j.t.JMeterThread: Stopping because end time detected by thread: MainUserLoad 1-297
2026-03-25 09:05:06,988 INFO o.a.j.t.JMeterThread: Thread finished: MainUserLoad 1-297
2026-03-25 09:05:06,989 INFO o.a.j.t.JMeterThread: Stopping because end time detected by thread: MainUserLoad 1-682
2026-03-25 09:05:06,989 INFO o.a.j.t.JMeterThread: Thread finished: MainUserLoad 1-682
2026-03-25 09:05:06,989 INFO o.a.j.t.JMeterThread: Stopping because end time detected by thread: MainUserLoad 1-469
2026-03-25 09:05:06,989 INFO o.a.j.t.JMeterThread: Thread finished: MainUserLoad 1-469
2026-03-25 09:05:06,989 INFO o.a.j.t.JMeterThread: Stopping because end time detected by thread: MainUserLoad 1-744
2026-03-25 09:05:06,989 INFO o.a.j.t.JMeterThread: Thread finished: MainUserLoad 1-744
2026-03-25 09:05:06,989 INFO o.a.j.t.JMeterThread: Stopping because end time detected by thread: MainUserLoad 1-850
2026-03-25 09:05:06,989 INFO o.a.j.t.JMeterThread: Thread finished: MainUserLoad 1-850
2026-03-25 09:05:06,991 INFO o.a.j.t.JMeterThread: Stopping because end time detected by thread: MainUserLoad 1-267
2026-03-25 09:05:06,992 INFO o.a.j.t.JMeterThread: Stopping because end time detected by thread: MainUserLoad 1-624
2026-03-25 09:05:06,991 INFO o.a.j.t.JMeterThread: Stopping because end time detected by thread: MainUserLoad 1-847
2026-03-25 09:05:06,992 INFO o.a.j.t.JMeterThread: Thread finished: MainUserLoad 1-267
2026-03-25 09:05:06,992 INFO o.a.j.t.JMeterThread: Thread finished: MainUserLoad 1-624
2026-03-25 09:05:06,992 INFO o.a.j.t.JMeterThread: Stopping because end time detected by thread: MainUserLoad 1-175
2026-03-25 09:05:06,992 INFO o.a.j.t.JMeterThread: Thread finished: MainUserLoad 1-847
2026-03-25 09:05:06,992 INFO o.a.j.t.JMeterThread: Stopping because end time detected by thread: MainUserLoad 1-286
2026-03-25 09:05:06,992 INFO o.a.j.t.JMeterThread: Thread finished: MainUserLoad 1-175
2026-03-25 09:05:06,992 INFO o.a.j.t.JMeterThread: Stopping because end time detected by thread: MainUserLoad 1-849
2026-03-25 09:05:06,992 INFO o.a.j.t.JMeterThread: Stopping because end time detected by thread: MainUserLoad 1-930
2026-03-25 09:05:06,992 INFO o.a.j.t.JMeterThread: Thread finished: MainUserLoad 1-286
2026-03-25 09:05:06,992 INFO o.a.j.t.JMeterThread: Stopping because end time detected by thread: MainUserLoad 1-600
2026-03-25 09:05:06,992 INFO o.a.j.t.JMeterThread: Thread finished: MainUserLoad 1-930
2026-03-25 09:05:06,992 INFO o.a.j.t.JMeterThread: Stopping because end time detected by thread: MainUserLoad 1-896
2026-03-25 09:05:06,992 INFO o.a.j.t.JMeterThread: Thread finished: MainUserLoad 1-600
2026-03-25 09:05:06,992 INFO o.a.j.t.JMeterThread: Stopping because end time detected by thread: MainUserLoad 1-260
2026-03-25 09:05:06,992 INFO o.a.j.t.JMeterThread: Thread finished: MainUserLoad 1-849
2026-03-25 09:05:06,992 INFO o.a.j.t.JMeterThread: Thread finished: MainUserLoad 1-896
2026-03-25 09:05:06,992 INFO o.a.j.t.JMeterThread: Stopping because end time detected by thread: MainUserLoad 1-327
2026-03-25 09:05:06,992 INFO o.a.j.t.JMeterThread: Thread finished: MainUserLoad 1-260
2026-03-25 09:05:06,992 INFO o.a.j.t.JMeterThread: Thread finished: MainUserLoad 1-327
2026-03-25 09:05:06,993 INFO o.a.j.t.JMeterThread: Stopping because end time detected by thread: MainUserLoad 1-766
2026-03-25 09:05:06,993 INFO o.a.j.t.JMeterThread: Thread finished: MainUserLoad 1-766
2026-03-25 09:05:06,993 INFO o.a.j.t.JMeterThread: Stopping because end time detected by thread: MainUserLoad 1-588
2026-03-25 09:05:06,993 INFO o.a.j.t.JMeterThread: Thread finished: MainUserLoad 1-588
2026-03-25 09:05:06,993 INFO o.a.j.t.JMeterThread: Stopping because end time detected by thread: MainUserLoad 1-550
2026-03-25 09:05:06,993 INFO o.a.j.t.JMeterThread: Thread finished: MainUserLoad 1-550
2026-03-25 09:05:06,993 INFO o.a.j.t.JMeterThread: Stopping because end time detected by thread: MainUserLoad 1-328
2026-03-25 09:05:06,993 INFO o.a.j.t.JMeterThread: Thread finished: MainUserLoad 1-328
2026-03-25 09:05:06,993 INFO o.a.j.t.JMeterThread: Stopping because end time detected by thread: MainUserLoad 1-844
2026-03-25 09:05:06,994 INFO o.a.j.t.JMeterThread: Thread finished: MainUserLoad 1-844
2026-03-25 09:05:06,994 INFO o.a.j.t.JMeterThread: Stopping because end time detected by thread: MainUserLoad 1-803
2026-03-25 09:05:06,994 INFO o.a.j.t.JMeterThread: Thread finished: MainUserLoad 1-803
2026-03-25 09:05:06,995 INFO o.a.j.t.JMeterThread: Stopping because end time detected by thread: MainUserLoad 1-245
2026-03-25 09:05:06,995 INFO o.a.j.t.JMeterThread: Thread finished: MainUserLoad 1-245
2026-03-25 09:05:06,995 INFO o.a.j.t.JMeterThread: Stopping because end time detected by thread: MainUserLoad 1-607
2026-03-25 09:05:06,995 INFO o.a.j.t.JMeterThread: Stopping because end time detected by thread: MainUserLoad 1-81
2026-03-25 09:05:06,995 INFO o.a.j.t.JMeterThread: Thread finished: MainUserLoad 1-607
2026-03-25 09:05:06,995 INFO o.a.j.t.JMeterThread: Thread finished: MainUserLoad 1-81
2026-03-25 09:05:06,997 INFO o.a.j.t.JMeterThread: Stopping because end time detected by thread: MainUserLoad 1-62
2026-03-25 09:05:06,997 INFO o.a.j.t.JMeterThread: Thread finished: MainUserLoad 1-62
2026-03-25 09:05:06,998 INFO o.a.j.t.JMeterThread: Stopping because end time detected by thread: MainUserLoad 1-688
2026-03-25 09:05:07,000 INFO o.a.j.t.JMeterThread: Thread finished: MainUserLoad 1-688
2026-03-25 09:05:07,002 INFO o.a.j.t.JMeterThread: Stopping because end time detected by thread: MainUserLoad 1-801
2026-03-25 09:05:07,002 INFO o.a.j.t.JMeterThread: Stopping because end time detected by thread: MainUserLoad 1-496
2026-03-25 09:05:07,002 INFO o.a.j.t.JMeterThread: Stopping because end time detected by thread: MainUserLoad 1-72
2026-03-25 09:05:07,002 INFO o.a.j.t.JMeterThread: Thread finished: MainUserLoad 1-801
2026-03-25 09:05:07,002 INFO o.a.j.t.JMeterThread: Thread finished: MainUserLoad 1-72
2026-03-25 09:05:07,002 INFO o.a.j.t.JMeterThread: Stopping because end time detected by thread: MainUserLoad 1-842
2026-03-25 09:05:07,002 INFO o.a.j.t.JMeterThread: Thread finished: MainUserLoad 1-496
2026-03-25 09:05:07,002 INFO o.a.j.t.JMeterThread: Thread finished: MainUserLoad 1-842
2026-03-25 09:05:07,003 INFO o.a.j.t.JMeterThread: Stopping because end time detected by thread: MainUserLoad 1-925
2026-03-25 09:05:07,003 INFO o.a.j.t.JMeterThread: Thread finished: MainUserLoad 1-925
2026-03-25 09:05:07,011 INFO o.a.j.t.JMeterThread: Stopping because end time detected by thread: MainUserLoad 1-452
2026-03-25 09:05:07,012 INFO o.a.j.t.JMeterThread: Thread finished: MainUserLoad 1-452
2026-03-25 09:05:07,012 INFO o.a.j.t.JMeterThread: Stopping because end time detected by thread: MainUserLoad 1-883
2026-03-25 09:05:07,013 INFO o.a.j.t.JMeterThread: Thread finished: MainUserLoad 1-883
2026-03-25 09:05:07,015 INFO o.a.j.t.JMeterThread: Stopping because end time detected by thread: MainUserLoad 1-405
2026-03-25 09:05:07,015 INFO o.a.j.t.JMeterThread: Thread finished: MainUserLoad 1-405
2026-03-25 09:05:07,016 INFO o.a.j.t.JMeterThread: Stopping because end time detected by thread: MainUserLoad 1-391
2026-03-25 09:05:07,016 INFO o.a.j.t.JMeterThread: Thread finished: MainUserLoad 1-391
2026-03-25 09:05:07,024 INFO o.a.j.t.JMeterThread: Stopping because end time detected by thread: MainUserLoad 1-911
2026-03-25 09:05:07,024 INFO o.a.j.t.JMeterThread: Stopping because end time detected by thread: MainUserLoad 1-499
2026-03-25 09:05:07,024 INFO o.a.j.t.JMeterThread: Thread finished: MainUserLoad 1-911
2026-03-25 09:05:07,024 INFO o.a.j.t.JMeterThread: Thread finished: MainUserLoad 1-499
2026-03-25 09:05:07,024 INFO o.a.j.t.JMeterThread: Stopping because end time detected by thread: MainUserLoad 1-761
2026-03-25 09:05:07,024 INFO o.a.j.t.JMeterThread: Stopping because end time detected by thread: MainUserLoad 1-739
2026-03-25 09:05:07,024 INFO o.a.j.t.JMeterThread: Thread finished: MainUserLoad 1-761
2026-03-25 09:05:07,024 INFO o.a.j.t.JMeterThread: Thread finished: MainUserLoad 1-739
2026-03-25 09:05:07,024 INFO o.a.j.t.JMeterThread: Stopping because end time detected by thread: MainUserLoad 1-583
2026-03-25 09:05:07,024 INFO o.a.j.t.JMeterThread: Stopping because end time detected by thread: MainUserLoad 1-190
2026-03-25 09:05:07,024 INFO o.a.j.t.JMeterThread: Stopping because end time detected by thread: MainUserLoad 1-860
2026-03-25 09:05:07,024 INFO o.a.j.t.JMeterThread: Thread finished: MainUserLoad 1-583
2026-03-25 09:05:07,024 INFO o.a.j.t.JMeterThread: Thread finished: MainUserLoad 1-860
2026-03-25 09:05:07,024 INFO o.a.j.t.JMeterThread: Stopping because end time detected by thread: MainUserLoad 1-433
2026-03-25 09:05:07,024 INFO o.a.j.t.JMeterThread: Stopping because end time detected by thread: MainUserLoad 1-597
2026-03-25 09:05:07,024 INFO o.a.j.t.JMeterThread: Thread finished: MainUserLoad 1-433
2026-03-25 09:05:07,024 INFO o.a.j.t.JMeterThread: Stopping because end time detected by thread: MainUserLoad 1-614
2026-03-25 09:05:07,025 INFO o.a.j.t.JMeterThread: Thread finished: MainUserLoad 1-190
2026-03-25 09:05:07,025 INFO o.a.j.t.JMeterThread: Stopping because end time detected by thread: MainUserLoad 1-990
2026-03-25 09:05:07,025 INFO o.a.j.t.JMeterThread: Thread finished: MainUserLoad 1-597
2026-03-25 09:05:07,025 INFO o.a.j.t.JMeterThread: Thread finished: MainUserLoad 1-990
2026-03-25 09:05:07,025 INFO o.a.j.t.JMeterThread: Thread finished: MainUserLoad 1-614
2026-03-25 09:05:07,025 INFO o.a.j.t.JMeterThread: Stopping because end time detected by thread: MainUserLoad 1-293
2026-03-25 09:05:07,025 INFO o.a.j.t.JMeterThread: Stopping because end time detected by thread: MainUserLoad 1-154
2026-03-25 09:05:07,026 INFO o.a.j.t.JMeterThread: Thread finished: MainUserLoad 1-293
2026-03-25 09:05:07,026 INFO o.a.j.t.JMeterThread: Stopping because end time detected by thread: MainUserLoad 1-133
2026-03-25 09:05:07,026 INFO o.a.j.t.JMeterThread: Thread finished: MainUserLoad 1-154
2026-03-25 09:05:07,026 INFO o.a.j.t.JMeterThread: Thread finished: MainUserLoad 1-133
2026-03-25 09:05:07,026 INFO o.a.j.t.JMeterThread: Stopping because end time detected by thread: MainUserLoad 1-788
2026-03-25 09:05:07,026 INFO o.a.j.t.JMeterThread: Thread finished: MainUserLoad 1-788
2026-03-25 09:05:07,026 INFO o.a.j.t.JMeterThread: Stopping because end time detected by thread: MainUserLoad 1-169
2026-03-25 09:05:07,026 INFO o.a.j.t.JMeterThread: Stopping because end time detected by thread: MainUserLoad 1-689
2026-03-25 09:05:07,026 INFO o.a.j.t.JMeterThread: Thread finished: MainUserLoad 1-169
2026-03-25 09:05:07,026 INFO o.a.j.t.JMeterThread: Thread finished: MainUserLoad 1-689
2026-03-25 09:05:07,026 INFO o.a.j.t.JMeterThread: Stopping because end time detected by thread: MainUserLoad 1-368
2026-03-25 09:05:07,026 INFO o.a.j.t.JMeterThread: Thread finished: MainUserLoad 1-368
2026-03-25 09:05:07,026 INFO o.a.j.t.JMeterThread: Stopping because end time detected by thread: MainUserLoad 1-324
2026-03-25 09:05:07,026 INFO o.a.j.t.JMeterThread: Stopping because end time detected by thread: MainUserLoad 1-703
2026-03-25 09:05:07,026 INFO o.a.j.t.JMeterThread: Stopping because end time detected by thread: MainUserLoad 1-401
2026-03-25 09:05:07,026 INFO o.a.j.t.JMeterThread: Thread finished: MainUserLoad 1-324
2026-03-25 09:05:07,027 INFO o.a.j.t.JMeterThread: Thread finished: MainUserLoad 1-401
2026-03-25 09:05:07,027 INFO o.a.j.t.JMeterThread: Thread finished: MainUserLoad 1-703
2026-03-25 09:05:07,027 INFO o.a.j.t.JMeterThread: Stopping because end time detected by thread: MainUserLoad 1-889
2026-03-25 09:05:07,027 INFO o.a.j.t.JMeterThread: Thread finished: MainUserLoad 1-889
2026-03-25 09:05:07,027 INFO o.a.j.t.JMeterThread: Stopping because end time detected by thread: MainUserLoad 1-456
2026-03-25 09:05:07,027 INFO o.a.j.t.JMeterThread: Thread finished: MainUserLoad 1-456
2026-03-25 09:05:07,027 INFO o.a.j.t.JMeterThread: Stopping because end time detected by thread: MainUserLoad 1-923
2026-03-25 09:05:07,027 INFO o.a.j.t.JMeterThread: Stopping because end time detected by thread: MainUserLoad 1-498
2026-03-25 09:05:07,027 INFO o.a.j.t.JMeterThread: Stopping because end time detected by thread: MainUserLoad 1-515
2026-03-25 09:05:07,027 INFO o.a.j.t.JMeterThread: Thread finished: MainUserLoad 1-498
2026-03-25 09:05:07,027 INFO o.a.j.t.JMeterThread: Thread finished: MainUserLoad 1-923
2026-03-25 09:05:07,029 INFO o.a.j.t.JMeterThread: Stopping because end time detected by thread: MainUserLoad 1-548
2026-03-25 09:05:07,029 INFO o.a.j.t.JMeterThread: Stopping because end time detected by thread: MainUserLoad 1-49
2026-03-25 09:05:07,029 INFO o.a.j.t.JMeterThread: Thread finished: MainUserLoad 1-548
2026-03-25 09:05:07,029 INFO o.a.j.t.JMeterThread: Stopping because end time detected by thread: MainUserLoad 1-657
2026-03-25 09:05:07,029 INFO o.a.j.t.JMeterThread: Thread finished: MainUserLoad 1-515
2026-03-25 09:05:07,029 INFO o.a.j.t.JMeterThread: Thread finished: MainUserLoad 1-657
2026-03-25 09:05:07,029 INFO o.a.j.t.JMeterThread: Stopping because end time detected by thread: MainUserLoad 1-453
2026-03-25 09:05:07,029 INFO o.a.j.t.JMeterThread: Stopping because end time detected by thread: MainUserLoad 1-420
2026-03-25 09:05:07,029 INFO o.a.j.t.JMeterThread: Thread finished: MainUserLoad 1-49
2026-03-25 09:05:07,029 INFO o.a.j.t.JMeterThread: Thread finished: MainUserLoad 1-420
2026-03-25 09:05:07,029 INFO o.a.j.t.JMeterThread: Thread finished: MainUserLoad 1-453
2026-03-25 09:05:07,029 INFO o.a.j.t.JMeterThread: Stopping because end time detected by thread: MainUserLoad 1-982
2026-03-25 09:05:07,029 INFO o.a.j.t.JMeterThread: Thread finished: MainUserLoad 1-982
2026-03-25 09:05:07,029 INFO o.a.j.t.JMeterThread: Stopping because end time detected by thread: MainUserLoad 1-125
2026-03-25 09:05:07,029 INFO o.a.j.t.JMeterThread: Thread finished: MainUserLoad 1-125
2026-03-25 09:05:07,029 INFO o.a.j.t.JMeterThread: Stopping because end time detected by thread: MainUserLoad 1-980
2026-03-25 09:05:07,029 INFO o.a.j.t.JMeterThread: Stopping because end time detected by thread: MainUserLoad 1-538
2026-03-25 09:05:07,029 INFO o.a.j.t.JMeterThread: Thread finished: MainUserLoad 1-538
2026-03-25 09:05:07,029 INFO o.a.j.t.JMeterThread: Thread finished: MainUserLoad 1-980
2026-03-25 09:05:07,029 INFO o.a.j.t.JMeterThread: Stopping because end time detected by thread: MainUserLoad 1-955
2026-03-25 09:05:07,029 INFO o.a.j.t.JMeterThread: Thread finished: MainUserLoad 1-955
2026-03-25 09:05:07,029 INFO o.a.j.t.JMeterThread: Stopping because end time detected by thread: MainUserLoad 1-210
2026-03-25 09:05:07,029 INFO o.a.j.t.JMeterThread: Stopping because end time detected by thread: MainUserLoad 1-839
2026-03-25 09:05:07,029 INFO o.a.j.t.JMeterThread: Thread finished: MainUserLoad 1-210
2026-03-25 09:05:07,029 INFO o.a.j.t.JMeterThread: Stopping because end time detected by thread: MainUserLoad 1-874
2026-03-25 09:05:07,029 INFO o.a.j.t.JMeterThread: Thread finished: MainUserLoad 1-839
2026-03-25 09:05:07,029 INFO o.a.j.t.JMeterThread: Stopping because end time detected by thread: MainUserLoad 1-621
2026-03-25 09:05:07,029 INFO o.a.j.t.JMeterThread: Thread finished: MainUserLoad 1-874
2026-03-25 09:05:07,031 INFO o.a.j.t.JMeterThread: Thread finished: MainUserLoad 1-621
2026-03-25 09:05:07,031 INFO o.a.j.t.JMeterThread: Stopping because end time detected by thread: MainUserLoad 1-180
2026-03-25 09:05:07,031 INFO o.a.j.t.JMeterThread: Thread finished: MainUserLoad 1-180
2026-03-25 09:05:07,031 INFO o.a.j.t.JMeterThread: Stopping because end time detected by thread: MainUserLoad 1-513
2026-03-25 09:05:07,031 INFO o.a.j.t.JMeterThread: Stopping because end time detected by thread: MainUserLoad 1-121
2026-03-25 09:05:07,031 INFO o.a.j.t.JMeterThread: Thread finished: MainUserLoad 1-513
2026-03-25 09:05:07,031 INFO o.a.j.t.JMeterThread: Thread finished: MainUserLoad 1-121
2026-03-25 09:05:07,032 INFO o.a.j.t.JMeterThread: Stopping because end time detected by thread: MainUserLoad 1-820
2026-03-25 09:05:07,032 INFO o.a.j.t.JMeterThread: Thread finished: MainUserLoad 1-820
2026-03-25 09:05:07,032 INFO o.a.j.t.JMeterThread: Stopping because end time detected by thread: MainUserLoad 1-231
2026-03-25 09:05:07,033 INFO o.a.j.t.JMeterThread: Thread finished: MainUserLoad 1-231
2026-03-25 09:05:07,034 INFO o.a.j.t.JMeterThread: Stopping because end time detected by thread: MainUserLoad 1-919
2026-03-25 09:05:07,034 INFO o.a.j.t.JMeterThread: Thread finished: MainUserLoad 1-919
2026-03-25 09:05:07,034 INFO o.a.j.t.JMeterThread: Stopping because end time detected by thread: MainUserLoad 1-893
2026-03-25 09:05:07,034 INFO o.a.j.t.JMeterThread: Thread finished: MainUserLoad 1-893
2026-03-25 09:05:07,035 INFO o.a.j.t.JMeterThread: Stopping because end time detected by thread: MainUserLoad 1-832
2026-03-25 09:05:07,036 INFO o.a.j.t.JMeterThread: Thread finished: MainUserLoad 1-832
2026-03-25 09:05:07,036 INFO o.a.j.t.JMeterThread: Stopping because end time detected by thread: MainUserLoad 1-994
2026-03-25 09:05:07,036 INFO o.a.j.t.JMeterThread: Stopping because end time detected by thread: MainUserLoad 1-715
2026-03-25 09:05:07,036 INFO o.a.j.t.JMeterThread: Thread finished: MainUserLoad 1-994
2026-03-25 09:05:07,036 INFO o.a.j.t.JMeterThread: Thread finished: MainUserLoad 1-715
2026-03-25 09:05:07,038 INFO o.a.j.t.JMeterThread: Stopping because end time detected by thread: MainUserLoad 1-996
2026-03-25 09:05:07,038 INFO o.a.j.t.JMeterThread: Stopping because end time detected by thread: MainUserLoad 1-276
2026-03-25 09:05:07,038 INFO o.a.j.t.JMeterThread: Thread finished: MainUserLoad 1-996
2026-03-25 09:05:07,038 INFO o.a.j.t.JMeterThread: Stopping because end time detected by thread: MainUserLoad 1-510
2026-03-25 09:05:07,038 INFO o.a.j.t.JMeterThread: Stopping because end time detected by thread: MainUserLoad 1-118
2026-03-25 09:05:07,038 INFO o.a.j.t.JMeterThread: Thread finished: MainUserLoad 1-276
2026-03-25 09:05:07,038 INFO o.a.j.t.JMeterThread: Thread finished: MainUserLoad 1-510
2026-03-25 09:05:07,038 INFO o.a.j.t.JMeterThread: Stopping because end time detected by thread: MainUserLoad 1-555
2026-03-25 09:05:07,038 INFO o.a.j.t.JMeterThread: Stopping because end time detected by thread: MainUserLoad 1-374
2026-03-25 09:05:07,038 INFO o.a.j.t.JMeterThread: Thread finished: MainUserLoad 1-118
2026-03-25 09:05:07,038 INFO o.a.j.t.JMeterThread: Thread finished: MainUserLoad 1-555
2026-03-25 09:05:07,038 INFO o.a.j.t.JMeterThread: Thread finished: MainUserLoad 1-374
2026-03-25 09:05:07,038 INFO o.a.j.t.JMeterThread: Stopping because end time detected by thread: MainUserLoad 1-145
2026-03-25 09:05:07,038 INFO o.a.j.t.JMeterThread: Thread finished: MainUserLoad 1-145
2026-03-25 09:05:07,039 INFO o.a.j.t.JMeterThread: Stopping because end time detected by thread: MainUserLoad 1-195
2026-03-25 09:05:07,039 INFO o.a.j.t.JMeterThread: Stopping because end time detected by thread: MainUserLoad 1-603
2026-03-25 09:05:07,039 INFO o.a.j.t.JMeterThread: Thread finished: MainUserLoad 1-603
2026-03-25 09:05:07,039 INFO o.a.j.t.JMeterThread: Stopping because end time detected by thread: MainUserLoad 1-674
2026-03-25 09:05:07,041 INFO o.a.j.t.JMeterThread: Stopping because end time detected by thread: MainUserLoad 1-248
2026-03-25 09:05:07,041 INFO o.a.j.t.JMeterThread: Thread finished: MainUserLoad 1-674
2026-03-25 09:05:07,041 INFO o.a.j.t.JMeterThread: Thread finished: MainUserLoad 1-248
2026-03-25 09:05:07,039 INFO o.a.j.t.JMeterThread: Thread finished: MainUserLoad 1-195
2026-03-25 09:05:07,041 INFO o.a.j.t.JMeterThread: Stopping because end time detected by thread: MainUserLoad 1-418
2026-03-25 09:05:07,041 INFO o.a.j.t.JMeterThread: Stopping because end time detected by thread: MainUserLoad 1-905
2026-03-25 09:05:07,041 INFO o.a.j.t.JMeterThread: Thread finished: MainUserLoad 1-418
2026-03-25 09:05:07,039 INFO o.a.j.t.JMeterThread: Stopping because end time detected by thread: MainUserLoad 1-649
2026-03-25 09:05:07,041 INFO o.a.j.t.JMeterThread: Thread finished: MainUserLoad 1-905
2026-03-25 09:05:07,039 INFO o.a.j.t.JMeterThread: Stopping because end time detected by thread: MainUserLoad 1-584
2026-03-25 09:05:07,041 INFO o.a.j.t.JMeterThread: Stopping because end time detected by thread: MainUserLoad 1-45
2026-03-25 09:05:07,041 INFO o.a.j.t.JMeterThread: Thread finished: MainUserLoad 1-584
2026-03-25 09:05:07,041 INFO o.a.j.t.JMeterThread: Stopping because end time detected by thread: MainUserLoad 1-851
2026-03-25 09:05:07,041 INFO o.a.j.t.JMeterThread: Thread finished: MainUserLoad 1-851
2026-03-25 09:05:07,041 INFO o.a.j.t.JMeterThread: Thread finished: MainUserLoad 1-649
2026-03-25 09:05:07,041 INFO o.a.j.t.JMeterThread: Thread finished: MainUserLoad 1-45
2026-03-25 09:05:07,041 INFO o.a.j.t.JMeterThread: Stopping because end time detected by thread: MainUserLoad 1-240
2026-03-25 09:05:07,041 INFO o.a.j.t.JMeterThread: Stopping because end time detected by thread: MainUserLoad 1-921
2026-03-25 09:05:07,041 INFO o.a.j.t.JMeterThread: Thread finished: MainUserLoad 1-240
2026-03-25 09:05:07,041 INFO o.a.j.t.JMeterThread: Thread finished: MainUserLoad 1-921
2026-03-25 09:05:07,041 INFO o.a.j.t.JMeterThread: Stopping because end time detected by thread: MainUserLoad 1-946
2026-03-25 09:05:07,041 INFO o.a.j.t.JMeterThread: Stopping because end time detected by thread: MainUserLoad 1-202
2026-03-25 09:05:07,041 INFO o.a.j.t.JMeterThread: Thread finished: MainUserLoad 1-946
2026-03-25 09:05:07,041 INFO o.a.j.t.JMeterThread: Thread finished: MainUserLoad 1-202
2026-03-25 09:05:07,042 INFO o.a.j.t.JMeterThread: Stopping because end time detected by thread: MainUserLoad 1-800
2026-03-25 09:05:07,042 INFO o.a.j.t.JMeterThread: Thread finished: MainUserLoad 1-800
2026-03-25 09:05:07,042 INFO o.a.j.t.JMeterThread: Stopping because end time detected by thread: MainUserLoad 1-457
2026-03-25 09:05:07,042 INFO o.a.j.t.JMeterThread: Stopping because end time detected by thread: MainUserLoad 1-325
2026-03-25 09:05:07,042 INFO o.a.j.t.JMeterThread: Thread finished: MainUserLoad 1-457
2026-03-25 09:05:07,042 INFO o.a.j.t.JMeterThread: Thread finished: MainUserLoad 1-325
2026-03-25 09:05:07,042 INFO o.a.j.t.JMeterThread: Stopping because end time detected by thread: MainUserLoad 1-622
2026-03-25 09:05:07,042 INFO o.a.j.t.JMeterThread: Stopping because end time detected by thread: MainUserLoad 1-12
2026-03-25 09:05:07,042 INFO o.a.j.t.JMeterThread: Thread finished: MainUserLoad 1-622
2026-03-25 09:05:07,042 INFO o.a.j.t.JMeterThread: Stopping because end time detected by thread: MainUserLoad 1-815
2026-03-25 09:05:07,042 INFO o.a.j.t.JMeterThread: Thread finished: MainUserLoad 1-815
2026-03-25 09:05:07,042 INFO o.a.j.t.JMeterThread: Thread finished: MainUserLoad 1-12
2026-03-25 09:05:07,042 INFO o.a.j.t.JMeterThread: Stopping because end time detected by thread: MainUserLoad 1-33
2026-03-25 09:05:07,042 INFO o.a.j.t.JMeterThread: Thread finished: MainUserLoad 1-33
2026-03-25 09:05:07,042 INFO o.a.j.t.JMeterThread: Stopping because end time detected by thread: MainUserLoad 1-90
2026-03-25 09:05:07,043 INFO o.a.j.t.JMeterThread: Thread finished: MainUserLoad 1-90
2026-03-25 09:05:07,043 INFO o.a.j.t.JMeterThread: Stopping because end time detected by thread: MainUserLoad 1-539
2026-03-25 09:05:07,043 INFO o.a.j.t.JMeterThread: Thread finished: MainUserLoad 1-539
2026-03-25 09:05:07,043 INFO o.a.j.t.JMeterThread: Stopping because end time detected by thread: MainUserLoad 1-666
2026-03-25 09:05:07,043 INFO o.a.j.t.JMeterThread: Stopping because end time detected by thread: MainUserLoad 1-150
2026-03-25 09:05:07,043 INFO o.a.j.t.JMeterThread: Thread finished: MainUserLoad 1-666
2026-03-25 09:05:07,043 INFO o.a.j.t.JMeterThread: Stopping because end time detected by thread: MainUserLoad 1-578
2026-03-25 09:05:07,043 INFO o.a.j.t.JMeterThread: Thread finished: MainUserLoad 1-150
2026-03-25 09:05:07,043 INFO o.a.j.t.JMeterThread: Stopping because end time detected by thread: MainUserLoad 1-567
2026-03-25 09:05:07,043 INFO o.a.j.t.JMeterThread: Thread finished: MainUserLoad 1-578
2026-03-25 09:05:07,043 INFO o.a.j.t.JMeterThread: Stopping because end time detected by thread: MainUserLoad 1-446
2026-03-25 09:05:07,043 INFO o.a.j.t.JMeterThread: Thread finished: MainUserLoad 1-567
2026-03-25 09:05:07,043 INFO o.a.j.t.JMeterThread: Thread finished: MainUserLoad 1-446
2026-03-25 09:05:07,045 INFO o.a.j.t.JMeterThread: Stopping because end time detected by thread: MainUserLoad 1-196
2026-03-25 09:05:07,045 INFO o.a.j.t.JMeterThread: Thread finished: MainUserLoad 1-196
2026-03-25 09:05:07,045 INFO o.a.j.t.JMeterThread: Stopping because end time detected by thread: MainUserLoad 1-277
2026-03-25 09:05:07,045 INFO o.a.j.t.JMeterThread: Thread finished: MainUserLoad 1-277
2026-03-25 09:05:07,045 INFO o.a.j.t.JMeterThread: Stopping because end time detected by thread: MainUserLoad 1-979
2026-03-25 09:05:07,045 INFO o.a.j.t.JMeterThread: Thread finished: MainUserLoad 1-979
2026-03-25 09:05:07,046 INFO o.a.j.t.JMeterThread: Stopping because end time detected by thread: MainUserLoad 1-881
2026-03-25 09:05:07,046 INFO o.a.j.t.JMeterThread: Thread finished: MainUserLoad 1-881
2026-03-25 09:05:07,046 INFO o.a.j.t.JMeterThread: Stopping because end time detected by thread: MainUserLoad 1-699
2026-03-25 09:05:07,046 INFO o.a.j.t.JMeterThread: Stopping because end time detected by thread: MainUserLoad 1-865
2026-03-25 09:05:07,046 INFO o.a.j.t.JMeterThread: Stopping because end time detected by thread: MainUserLoad 1-969
2026-03-25 09:05:07,046 INFO o.a.j.t.JMeterThread: Thread finished: MainUserLoad 1-699
2026-03-25 09:05:07,046 INFO o.a.j.t.JMeterThread: Stopping because end time detected by thread: MainUserLoad 1-317
2026-03-25 09:05:07,046 INFO o.a.j.t.JMeterThread: Thread finished: MainUserLoad 1-865
2026-03-25 09:05:07,046 INFO o.a.j.t.JMeterThread: Thread finished: MainUserLoad 1-317
2026-03-25 09:05:07,046 INFO o.a.j.t.JMeterThread: Stopping because end time detected by thread: MainUserLoad 1-73
2026-03-25 09:05:07,046 INFO o.a.j.t.JMeterThread: Stopping because end time detected by thread: MainUserLoad 1-151
2026-03-25 09:05:07,046 INFO o.a.j.t.JMeterThread: Thread finished: MainUserLoad 1-73
2026-03-25 09:05:07,046 INFO o.a.j.t.JMeterThread: Stopping because end time detected by thread: MainUserLoad 1-339
2026-03-25 09:05:07,046 INFO o.a.j.t.JMeterThread: Thread finished: MainUserLoad 1-969
2026-03-25 09:05:07,046 INFO o.a.j.t.JMeterThread: Thread finished: MainUserLoad 1-151
2026-03-25 09:05:07,047 INFO o.a.j.t.JMeterThread: Thread finished: MainUserLoad 1-339
2026-03-25 09:05:07,047 INFO o.a.j.t.JMeterThread: Stopping because end time detected by thread: MainUserLoad 1-392
2026-03-25 09:05:07,047 INFO o.a.j.t.JMeterThread: Thread finished: MainUserLoad 1-392
2026-03-25 09:05:07,047 INFO o.a.j.t.JMeterThread: Stopping because end time detected by thread: MainUserLoad 1-937
2026-03-25 09:05:07,047 INFO o.a.j.t.JMeterThread: Stopping because end time detected by thread: MainUserLoad 1-460
2026-03-25 09:05:07,047 INFO o.a.j.t.JMeterThread: Thread finished: MainUserLoad 1-937
2026-03-25 09:05:07,048 INFO o.a.j.t.JMeterThread: Thread finished: MainUserLoad 1-460
2026-03-25 09:05:07,048 INFO o.a.j.t.JMeterThread: Stopping because end time detected by thread: MainUserLoad 1-54
2026-03-25 09:05:07,048 INFO o.a.j.t.JMeterThread: Stopping because end time detected by thread: MainUserLoad 1-753
2026-03-25 09:05:07,048 INFO o.a.j.t.JMeterThread: Stopping because end time detected by thread: MainUserLoad 1-749
2026-03-25 09:05:07,048 INFO o.a.j.t.JMeterThread: Thread finished: MainUserLoad 1-54
2026-03-25 09:05:07,048 INFO o.a.j.t.JMeterThread: Thread finished: MainUserLoad 1-749
2026-03-25 09:05:07,048 INFO o.a.j.t.JMeterThread: Stopping because end time detected by thread: MainUserLoad 1-663
2026-03-25 09:05:07,048 INFO o.a.j.t.JMeterThread: Thread finished: MainUserLoad 1-753
2026-03-25 09:05:07,048 INFO o.a.j.t.JMeterThread: Thread finished: MainUserLoad 1-663
2026-03-25 09:05:07,049 INFO o.a.j.t.JMeterThread: Stopping because end time detected by thread: MainUserLoad 1-712
2026-03-25 09:05:07,049 INFO o.a.j.t.JMeterThread: Thread finished: MainUserLoad 1-712
2026-03-25 09:05:07,049 INFO o.a.j.t.JMeterThread: Stopping because end time detected by thread: MainUserLoad 1-466
2026-03-25 09:05:07,049 INFO o.a.j.t.JMeterThread: Thread finished: MainUserLoad 1-466
2026-03-25 09:05:07,055 INFO o.a.j.t.JMeterThread: Stopping because end time detected by thread: MainUserLoad 1-18
2026-03-25 09:05:07,055 INFO o.a.j.t.JMeterThread: Thread finished: MainUserLoad 1-18
2026-03-25 09:05:07,055 INFO o.a.j.t.JMeterThread: Stopping because end time detected by thread: MainUserLoad 1-843
2026-03-25 09:05:07,055 INFO o.a.j.t.JMeterThread: Stopping because end time detected by thread: MainUserLoad 1-586
2026-03-25 09:05:07,056 INFO o.a.j.t.JMeterThread: Thread finished: MainUserLoad 1-586
2026-03-25 09:05:07,055 INFO o.a.j.t.JMeterThread: Thread finished: MainUserLoad 1-843
2026-03-25 09:05:07,056 INFO o.a.j.t.JMeterThread: Stopping because end time detected by thread: MainUserLoad 1-522
2026-03-25 09:05:07,056 INFO o.a.j.t.JMeterThread: Thread finished: MainUserLoad 1-522
2026-03-25 09:05:07,056 INFO o.a.j.t.JMeterThread: Stopping because end time detected by thread: MainUserLoad 1-207
2026-03-25 09:05:07,056 INFO o.a.j.t.JMeterThread: Stopping because end time detected by thread: MainUserLoad 1-219
2026-03-25 09:05:07,057 INFO o.a.j.t.JMeterThread: Thread finished: MainUserLoad 1-207
2026-03-25 09:05:07,057 INFO o.a.j.t.JMeterThread: Thread finished: MainUserLoad 1-219
2026-03-25 09:05:07,057 INFO o.a.j.t.JMeterThread: Stopping because end time detected by thread: MainUserLoad 1-366
2026-03-25 09:05:07,057 INFO o.a.j.t.JMeterThread: Stopping because end time detected by thread: MainUserLoad 1-772
2026-03-25 09:05:07,057 INFO o.a.j.t.JMeterThread: Thread finished: MainUserLoad 1-366
2026-03-25 09:05:07,057 INFO o.a.j.t.JMeterThread: Thread finished: MainUserLoad 1-772
2026-03-25 09:05:07,057 INFO o.a.j.t.JMeterThread: Stopping because end time detected by thread: MainUserLoad 1-821
2026-03-25 09:05:07,057 INFO o.a.j.t.JMeterThread: Thread finished: MainUserLoad 1-821
2026-03-25 09:05:07,057 INFO o.a.j.t.JMeterThread: Stopping because end time detected by thread: MainUserLoad 1-644
2026-03-25 09:05:07,058 INFO o.a.j.t.JMeterThread: Thread finished: MainUserLoad 1-644
2026-03-25 09:05:07,057 INFO o.a.j.t.JMeterThread: Stopping because end time detected by thread: MainUserLoad 1-987
2026-03-25 09:05:07,058 INFO o.a.j.t.JMeterThread: Thread finished: MainUserLoad 1-987
2026-03-25 09:05:07,058 INFO o.a.j.t.JMeterThread: Stopping because end time detected by thread: MainUserLoad 1-512
2026-03-25 09:05:07,058 INFO o.a.j.t.JMeterThread: Thread finished: MainUserLoad 1-512
2026-03-25 09:05:07,058 INFO o.a.j.t.JMeterThread: Stopping because end time detected by thread: MainUserLoad 1-373
2026-03-25 09:05:07,059 INFO o.a.j.t.JMeterThread: Thread finished: MainUserLoad 1-373
2026-03-25 09:05:07,059 INFO o.a.j.t.JMeterThread: Stopping because end time detected by thread: MainUserLoad 1-540
2026-03-25 09:05:07,059 INFO o.a.j.t.JMeterThread: Thread finished: MainUserLoad 1-540
2026-03-25 09:05:07,059 INFO o.a.j.t.JMeterThread: Stopping because end time detected by thread: MainUserLoad 1-316
2026-03-25 09:05:07,059 INFO o.a.j.t.JMeterThread: Thread finished: MainUserLoad 1-316
2026-03-25 09:05:07,059 INFO o.a.j.t.JMeterThread: Stopping because end time detected by thread: MainUserLoad 1-928
2026-03-25 09:05:07,059 INFO o.a.j.t.JMeterThread: Thread finished: MainUserLoad 1-928
2026-03-25 09:05:07,059 INFO o.a.j.t.JMeterThread: Stopping because end time detected by thread: MainUserLoad 1-552
2026-03-25 09:05:07,059 INFO o.a.j.t.JMeterThread: Thread finished: MainUserLoad 1-552
2026-03-25 09:05:07,059 INFO o.a.j.t.JMeterThread: Stopping because end time detected by thread: MainUserLoad 1-92
2026-03-25 09:05:07,061 INFO o.a.j.t.JMeterThread: Thread finished: MainUserLoad 1-92
2026-03-25 09:05:07,061 INFO o.a.j.t.JMeterThread: Stopping because end time detected by thread: MainUserLoad 1-942
2026-03-25 09:05:07,061 INFO o.a.j.t.JMeterThread: Thread finished: MainUserLoad 1-942
2026-03-25 09:05:07,061 INFO o.a.j.t.JMeterThread: Stopping because end time detected by thread: MainUserLoad 1-471
2026-03-25 09:05:07,061 INFO o.a.j.t.JMeterThread: Stopping because end time detected by thread: MainUserLoad 1-658
2026-03-25 09:05:07,061 INFO o.a.j.t.JMeterThread: Stopping because end time detected by thread: MainUserLoad 1-693
2026-03-25 09:05:07,061 INFO o.a.j.t.JMeterThread: Thread finished: MainUserLoad 1-471
2026-03-25 09:05:07,061 INFO o.a.j.t.JMeterThread: Thread finished: MainUserLoad 1-693
2026-03-25 09:05:07,061 INFO o.a.j.t.JMeterThread: Thread finished: MainUserLoad 1-658
2026-03-25 09:05:07,061 INFO o.a.j.t.JMeterThread: Stopping because end time detected by thread: MainUserLoad 1-686
2026-03-25 09:05:07,061 INFO o.a.j.t.JMeterThread: Thread finished: MainUserLoad 1-686
2026-03-25 09:05:07,061 INFO o.a.j.t.JMeterThread: Stopping because end time detected by thread: MainUserLoad 1-564
2026-03-25 09:05:07,061 INFO o.a.j.t.JMeterThread: Thread finished: MainUserLoad 1-564
2026-03-25 09:05:07,061 INFO o.a.j.t.JMeterThread: Stopping because end time detected by thread: MainUserLoad 1-871
2026-03-25 09:05:07,061 INFO o.a.j.t.JMeterThread: Thread finished: MainUserLoad 1-871
2026-03-25 09:05:07,061 INFO o.a.j.t.JMeterThread: Stopping because end time detected by thread: MainUserLoad 1-960
2026-03-25 09:05:07,061 INFO o.a.j.t.JMeterThread: Thread finished: MainUserLoad 1-960
2026-03-25 09:05:07,061 INFO o.a.j.t.JMeterThread: Stopping because end time detected by thread: MainUserLoad 1-948
2026-03-25 09:05:07,061 INFO o.a.j.t.JMeterThread: Thread finished: MainUserLoad 1-948
2026-03-25 09:05:07,062 INFO o.a.j.t.JMeterThread: Stopping because end time detected by thread: MainUserLoad 1-318
2026-03-25 09:05:07,062 INFO o.a.j.t.JMeterThread: Stopping because end time detected by thread: MainUserLoad 1-802
2026-03-25 09:05:07,062 INFO o.a.j.t.JMeterThread: Thread finished: MainUserLoad 1-802
2026-03-25 09:05:07,062 INFO o.a.j.t.JMeterThread: Thread finished: MainUserLoad 1-318
2026-03-25 09:05:07,062 INFO o.a.j.t.JMeterThread: Stopping because end time detected by thread: MainUserLoad 1-331
2026-03-25 09:05:07,062 INFO o.a.j.t.JMeterThread: Stopping because end time detected by thread: MainUserLoad 1-486
2026-03-25 09:05:07,063 INFO o.a.j.t.JMeterThread: Stopping because end time detected by thread: MainUserLoad 1-877
2026-03-25 09:05:07,063 INFO o.a.j.t.JMeterThread: Thread finished: MainUserLoad 1-486
2026-03-25 09:05:07,063 INFO o.a.j.t.JMeterThread: Thread finished: MainUserLoad 1-331
2026-03-25 09:05:07,063 INFO o.a.j.t.JMeterThread: Thread finished: MainUserLoad 1-877
2026-03-25 09:05:07,063 INFO o.a.j.t.JMeterThread: Stopping because end time detected by thread: MainUserLoad 1-444
2026-03-25 09:05:07,063 INFO o.a.j.t.JMeterThread: Thread finished: MainUserLoad 1-444
2026-03-25 09:05:07,063 INFO o.a.j.t.JMeterThread: Stopping because end time detected by thread: MainUserLoad 1-733
2026-03-25 09:05:07,063 INFO o.a.j.t.JMeterThread: Thread finished: MainUserLoad 1-733
2026-03-25 09:05:07,063 INFO o.a.j.t.JMeterThread: Stopping because end time detected by thread: MainUserLoad 1-422
2026-03-25 09:05:07,063 INFO o.a.j.t.JMeterThread: Thread finished: MainUserLoad 1-422
2026-03-25 09:05:07,063 INFO o.a.j.t.JMeterThread: Stopping because end time detected by thread: MainUserLoad 1-947
2026-03-25 09:05:07,063 INFO o.a.j.t.JMeterThread: Thread finished: MainUserLoad 1-947
2026-03-25 09:05:07,063 INFO o.a.j.t.JMeterThread: Stopping because end time detected by thread: MainUserLoad 1-750
2026-03-25 09:05:07,064 INFO o.a.j.t.JMeterThread: Thread finished: MainUserLoad 1-750
2026-03-25 09:05:07,064 INFO o.a.j.t.JMeterThread: Stopping because end time detected by thread: MainUserLoad 1-908
2026-03-25 09:05:07,064 INFO o.a.j.t.JMeterThread: Thread finished: MainUserLoad 1-908
2026-03-25 09:05:07,064 INFO o.a.j.t.JMeterThread: Stopping because end time detected by thread: MainUserLoad 1-900
2026-03-25 09:05:07,064 INFO o.a.j.t.JMeterThread: Stopping because end time detected by thread: MainUserLoad 1-810
2026-03-25 09:05:07,064 INFO o.a.j.t.JMeterThread: Thread finished: MainUserLoad 1-900
2026-03-25 09:05:07,064 INFO o.a.j.t.JMeterThread: Thread finished: MainUserLoad 1-810
2026-03-25 09:05:07,064 INFO o.a.j.t.JMeterThread: Stopping because end time detected by thread: MainUserLoad 1-464
2026-03-25 09:05:07,064 INFO o.a.j.t.JMeterThread: Thread finished: MainUserLoad 1-464
2026-03-25 09:05:07,064 INFO o.a.j.t.JMeterThread: Stopping because end time detected by thread: MainUserLoad 1-448
2026-03-25 09:05:07,064 INFO o.a.j.t.JMeterThread: Stopping because end time detected by thread: MainUserLoad 1-795
2026-03-25 09:05:07,064 INFO o.a.j.t.JMeterThread: Thread finished: MainUserLoad 1-448
2026-03-25 09:05:07,064 INFO o.a.j.t.JMeterThread: Thread finished: MainUserLoad 1-795
2026-03-25 09:05:07,065 INFO o.a.j.t.JMeterThread: Stopping because end time detected by thread: MainUserLoad 1-634
2026-03-25 09:05:07,065 INFO o.a.j.t.JMeterThread: Thread finished: MainUserLoad 1-634
2026-03-25 09:05:07,065 INFO o.a.j.t.JMeterThread: Stopping because end time detected by thread: MainUserLoad 1-157
2026-03-25 09:05:07,065 INFO o.a.j.t.JMeterThread: Stopping because end time detected by thread: MainUserLoad 1-489
2026-03-25 09:05:07,065 INFO o.a.j.t.JMeterThread: Thread finished: MainUserLoad 1-157
2026-03-25 09:05:07,065 INFO o.a.j.t.JMeterThread: Stopping because end time detected by thread: MainUserLoad 1-957
2026-03-25 09:05:07,065 INFO o.a.j.t.JMeterThread: Thread finished: MainUserLoad 1-489
2026-03-25 09:05:07,065 INFO o.a.j.t.JMeterThread: Stopping because end time detected by thread: MainUserLoad 1-635
2026-03-25 09:05:07,065 INFO o.a.j.t.JMeterThread: Stopping because end time detected by thread: MainUserLoad 1-492
2026-03-25 09:05:07,065 INFO o.a.j.t.JMeterThread: Thread finished: MainUserLoad 1-635
2026-03-25 09:05:07,065 INFO o.a.j.t.JMeterThread: Thread finished: MainUserLoad 1-957
2026-03-25 09:05:07,065 INFO o.a.j.t.JMeterThread: Stopping because end time detected by thread: MainUserLoad 1-650
2026-03-25 09:05:07,065 INFO o.a.j.t.JMeterThread: Thread finished: MainUserLoad 1-492
2026-03-25 09:05:07,066 INFO o.a.j.t.JMeterThread: Thread finished: MainUserLoad 1-650
2026-03-25 09:05:07,066 INFO o.a.j.t.JMeterThread: Stopping because end time detected by thread: MainUserLoad 1-41
2026-03-25 09:05:07,066 INFO o.a.j.t.JMeterThread: Thread finished: MainUserLoad 1-41
2026-03-25 09:05:07,067 INFO o.a.j.t.JMeterThread: Stopping because end time detected by thread: MainUserLoad 1-966
2026-03-25 09:05:07,067 INFO o.a.j.t.JMeterThread: Stopping because end time detected by thread: MainUserLoad 1-454
2026-03-25 09:05:07,067 INFO o.a.j.t.JMeterThread: Thread finished: MainUserLoad 1-966
2026-03-25 09:05:07,067 INFO o.a.j.t.JMeterThread: Thread finished: MainUserLoad 1-454
2026-03-25 09:05:07,067 INFO o.a.j.t.JMeterThread: Stopping because end time detected by thread: MainUserLoad 1-332
2026-03-25 09:05:07,067 INFO o.a.j.t.JMeterThread: Thread finished: MainUserLoad 1-332
2026-03-25 09:05:07,067 INFO o.a.j.t.JMeterThread: Stopping because end time detected by thread: MainUserLoad 1-544
2026-03-25 09:05:07,067 INFO o.a.j.t.JMeterThread: Stopping because end time detected by thread: MainUserLoad 1-656
2026-03-25 09:05:07,067 INFO o.a.j.t.JMeterThread: Stopping because end time detected by thread: MainUserLoad 1-411
2026-03-25 09:05:07,067 INFO o.a.j.t.JMeterThread: Thread finished: MainUserLoad 1-544
2026-03-25 09:05:07,067 INFO o.a.j.t.JMeterThread: Thread finished: MainUserLoad 1-411
2026-03-25 09:05:07,068 INFO o.a.j.t.JMeterThread: Stopping because end time detected by thread: MainUserLoad 1-529
2026-03-25 09:05:07,067 INFO o.a.j.t.JMeterThread: Thread finished: MainUserLoad 1-656
2026-03-25 09:05:07,068 INFO o.a.j.t.JMeterThread: Stopping because end time detected by thread: MainUserLoad 1-491
2026-03-25 09:05:07,068 INFO o.a.j.t.JMeterThread: Thread finished: MainUserLoad 1-529
2026-03-25 09:05:07,068 INFO o.a.j.t.JMeterThread: Thread finished: MainUserLoad 1-491
2026-03-25 09:05:07,068 INFO o.a.j.t.JMeterThread: Stopping because end time detected by thread: MainUserLoad 1-993
2026-03-25 09:05:07,068 INFO o.a.j.t.JMeterThread: Thread finished: MainUserLoad 1-993
2026-03-25 09:05:07,068 INFO o.a.j.t.JMeterThread: Stopping because end time detected by thread: MainUserLoad 1-580
2026-03-25 09:05:07,068 INFO o.a.j.t.JMeterThread: Thread finished: MainUserLoad 1-580
2026-03-25 09:05:07,070 INFO o.a.j.t.JMeterThread: Stopping because end time detected by thread: MainUserLoad 1-364
2026-03-25 09:05:07,070 INFO o.a.j.t.JMeterThread: Thread finished: MainUserLoad 1-364
2026-03-25 09:05:07,070 INFO o.a.j.t.JMeterThread: Stopping because end time detected by thread: MainUserLoad 1-667
2026-03-25 09:05:07,070 INFO o.a.j.t.JMeterThread: Thread finished: MainUserLoad 1-667
2026-03-25 09:05:07,070 INFO o.a.j.t.JMeterThread: Stopping because end time detected by thread: MainUserLoad 1-124
2026-03-25 09:05:07,070 INFO o.a.j.t.JMeterThread: Stopping because end time detected by thread: MainUserLoad 1-786
2026-03-25 09:05:07,070 INFO o.a.j.t.JMeterThread: Thread finished: MainUserLoad 1-124
2026-03-25 09:05:07,070 INFO o.a.j.t.JMeterThread: Thread finished: MainUserLoad 1-786
2026-03-25 09:05:07,070 INFO o.a.j.t.JMeterThread: Stopping because end time detected by thread: MainUserLoad 1-938
2026-03-25 09:05:07,070 INFO o.a.j.t.JMeterThread: Thread finished: MainUserLoad 1-938
2026-03-25 09:05:07,071 INFO o.a.j.t.JMeterThread: Stopping because end time detected by thread: MainUserLoad 1-377
2026-03-25 09:05:07,071 INFO o.a.j.t.JMeterThread: Stopping because end time detected by thread: MainUserLoad 1-710
2026-03-25 09:05:07,071 INFO o.a.j.t.JMeterThread: Stopping because end time detected by thread: MainUserLoad 1-738
2026-03-25 09:05:07,071 INFO o.a.j.t.JMeterThread: Thread finished: MainUserLoad 1-710
2026-03-25 09:05:07,071 INFO o.a.j.t.JMeterThread: Stopping because end time detected by thread: MainUserLoad 1-232
2026-03-25 09:05:07,071 INFO o.a.j.t.JMeterThread: Thread finished: MainUserLoad 1-738
2026-03-25 09:05:07,071 INFO o.a.j.t.JMeterThread: Thread finished: MainUserLoad 1-232
2026-03-25 09:05:07,071 INFO o.a.j.t.JMeterThread: Stopping because end time detected by thread: MainUserLoad 1-747
2026-03-25 09:05:07,071 INFO o.a.j.t.JMeterThread: Stopping because end time detected by thread: MainUserLoad 1-508
2026-03-25 09:05:07,071 INFO o.a.j.t.JMeterThread: Thread finished: MainUserLoad 1-747
2026-03-25 09:05:07,071 INFO o.a.j.t.JMeterThread: Thread finished: MainUserLoad 1-377
2026-03-25 09:05:07,071 INFO o.a.j.t.JMeterThread: Thread finished: MainUserLoad 1-508
2026-03-25 09:05:07,071 INFO o.a.j.t.JMeterThread: Stopping because end time detected by thread: MainUserLoad 1-661
2026-03-25 09:05:07,072 INFO o.a.j.t.JMeterThread: Stopping because end time detected by thread: MainUserLoad 1-530
2026-03-25 09:05:07,072 INFO o.a.j.t.JMeterThread: Stopping because end time detected by thread: MainUserLoad 1-884
2026-03-25 09:05:07,072 INFO o.a.j.t.JMeterThread: Thread finished: MainUserLoad 1-530
2026-03-25 09:05:07,072 INFO o.a.j.t.JMeterThread: Stopping because end time detected by thread: MainUserLoad 1-450
2026-03-25 09:05:07,072 INFO o.a.j.t.JMeterThread: Stopping because end time detected by thread: MainUserLoad 1-378
2026-03-25 09:05:07,072 INFO o.a.j.t.JMeterThread: Thread finished: MainUserLoad 1-884
2026-03-25 09:05:07,072 INFO o.a.j.t.JMeterThread: Stopping because end time detected by thread: MainUserLoad 1-974
2026-03-25 09:05:07,072 INFO o.a.j.t.JMeterThread: Thread finished: MainUserLoad 1-661
2026-03-25 09:05:07,072 INFO o.a.j.t.JMeterThread: Stopping because end time detected by thread: MainUserLoad 1-34
2026-03-25 09:05:07,072 INFO o.a.j.t.JMeterThread: Thread finished: MainUserLoad 1-974
2026-03-25 09:05:07,072 INFO o.a.j.t.JMeterThread: Thread finished: MainUserLoad 1-378
2026-03-25 09:05:07,072 INFO o.a.j.t.JMeterThread: Thread finished: MainUserLoad 1-34
2026-03-25 09:05:07,072 INFO o.a.j.t.JMeterThread: Thread finished: MainUserLoad 1-450
2026-03-25 09:05:07,073 INFO o.a.j.t.JMeterThread: Stopping because end time detected by thread: MainUserLoad 1-363
2026-03-25 09:05:07,073 INFO o.a.j.t.JMeterThread: Stopping because end time detected by thread: MainUserLoad 1-351
2026-03-25 09:05:07,073 INFO o.a.j.t.JMeterThread: Thread finished: MainUserLoad 1-363
2026-03-25 09:05:07,073 INFO o.a.j.t.JMeterThread: Thread finished: MainUserLoad 1-351
2026-03-25 09:05:07,073 INFO o.a.j.t.JMeterThread: Stopping because end time detected by thread: MainUserLoad 1-305
2026-03-25 09:05:07,073 INFO o.a.j.t.JMeterThread: Thread finished: MainUserLoad 1-305
2026-03-25 09:05:07,074 INFO o.a.j.t.JMeterThread: Stopping because end time detected by thread: MainUserLoad 1-767
2026-03-25 09:05:07,074 INFO o.a.j.t.JMeterThread: Thread finished: MainUserLoad 1-767
2026-03-25 09:05:07,074 INFO o.a.j.t.JMeterThread: Stopping because end time detected by thread: MainUserLoad 1-416
2026-03-25 09:05:07,074 INFO o.a.j.t.JMeterThread: Thread finished: MainUserLoad 1-416
2026-03-25 09:05:07,074 INFO o.a.j.t.JMeterThread: Stopping because end time detected by thread: MainUserLoad 1-909
2026-03-25 09:05:07,075 INFO o.a.j.t.JMeterThread: Stopping because end time detected by thread: MainUserLoad 1-426
2026-03-25 09:05:07,075 INFO o.a.j.t.JMeterThread: Thread finished: MainUserLoad 1-909
2026-03-25 09:05:07,075 INFO o.a.j.t.JMeterThread: Thread finished: MainUserLoad 1-426
2026-03-25 09:05:07,076 INFO o.a.j.t.JMeterThread: Stopping because end time detected by thread: MainUserLoad 1-722
2026-03-25 09:05:07,076 INFO o.a.j.t.JMeterThread: Thread finished: MainUserLoad 1-722
2026-03-25 09:05:07,076 INFO o.a.j.t.JMeterThread: Stopping because end time detected by thread: MainUserLoad 1-917
2026-03-25 09:05:07,076 INFO o.a.j.t.JMeterThread: Thread finished: MainUserLoad 1-917
2026-03-25 09:05:07,076 INFO o.a.j.t.JMeterThread: Stopping because end time detected by thread: MainUserLoad 1-697
2026-03-25 09:05:07,076 INFO o.a.j.t.JMeterThread: Stopping because end time detected by thread: MainUserLoad 1-742
2026-03-25 09:05:07,076 INFO o.a.j.t.JMeterThread: Thread finished: MainUserLoad 1-697
2026-03-25 09:05:07,076 INFO o.a.j.t.JMeterThread: Thread finished: MainUserLoad 1-742
2026-03-25 09:05:07,076 INFO o.a.j.t.JMeterThread: Stopping because end time detected by thread: MainUserLoad 1-746
2026-03-25 09:05:07,076 INFO o.a.j.t.JMeterThread: Stopping because end time detected by thread: MainUserLoad 1-720
2026-03-25 09:05:07,076 INFO o.a.j.t.JMeterThread: Thread finished: MainUserLoad 1-746
2026-03-25 09:05:07,076 INFO o.a.j.t.JMeterThread: Thread finished: MainUserLoad 1-720
2026-03-25 09:05:07,076 INFO o.a.j.t.JMeterThread: Stopping because end time detected by thread: MainUserLoad 1-551
2026-03-25 09:05:07,076 INFO o.a.j.t.JMeterThread: Thread finished: MainUserLoad 1-551
2026-03-25 09:05:07,076 INFO o.a.j.t.JMeterThread: Stopping because end time detected by thread: MainUserLoad 1-647
2026-03-25 09:05:07,076 INFO o.a.j.t.JMeterThread: Stopping because end time detected by thread: MainUserLoad 1-543
2026-03-25 09:05:07,076 INFO o.a.j.t.JMeterThread: Stopping because end time detected by thread: MainUserLoad 1-642
2026-03-25 09:05:07,076 INFO o.a.j.t.JMeterThread: Thread finished: MainUserLoad 1-647
2026-03-25 09:05:07,076 INFO o.a.j.t.JMeterThread: Thread finished: MainUserLoad 1-543
2026-03-25 09:05:07,076 INFO o.a.j.t.JMeterThread: Thread finished: MainUserLoad 1-642
2026-03-25 09:05:07,078 INFO o.a.j.t.JMeterThread: Stopping because end time detected by thread: MainUserLoad 1-964
2026-03-25 09:05:07,078 INFO o.a.j.t.JMeterThread: Stopping because end time detected by thread: MainUserLoad 1-837
2026-03-25 09:05:07,078 INFO o.a.j.t.JMeterThread: Thread finished: MainUserLoad 1-837
2026-03-25 09:05:07,078 INFO o.a.j.t.JMeterThread: Thread finished: MainUserLoad 1-964
2026-03-25 09:05:07,078 INFO o.a.j.t.JMeterThread: Stopping because end time detected by thread: MainUserLoad 1-807
2026-03-25 09:05:07,079 INFO o.a.j.t.JMeterThread: Thread finished: MainUserLoad 1-807
2026-03-25 09:05:07,079 INFO o.a.j.t.JMeterThread: Stopping because end time detected by thread: MainUserLoad 1-20
2026-03-25 09:05:07,079 INFO o.a.j.t.JMeterThread: Thread finished: MainUserLoad 1-20
2026-03-25 09:05:07,079 INFO o.a.j.t.JMeterThread: Stopping because end time detected by thread: MainUserLoad 1-778
2026-03-25 09:05:07,079 INFO o.a.j.t.JMeterThread: Stopping because end time detected by thread: MainUserLoad 1-233
2026-03-25 09:05:07,080 INFO o.a.j.t.JMeterThread: Thread finished: MainUserLoad 1-778
2026-03-25 09:05:07,080 INFO o.a.j.t.JMeterThread: Stopping because end time detected by thread: MainUserLoad 1-370
2026-03-25 09:05:07,080 INFO o.a.j.t.JMeterThread: Thread finished: MainUserLoad 1-370
2026-03-25 09:05:07,080 INFO o.a.j.t.JMeterThread: Thread finished: MainUserLoad 1-233
2026-03-25 09:05:07,080 INFO o.a.j.t.JMeterThread: Stopping because end time detected by thread: MainUserLoad 1-217
2026-03-25 09:05:07,080 INFO o.a.j.t.JMeterThread: Thread finished: MainUserLoad 1-217
2026-03-25 09:05:07,080 INFO o.a.j.t.JMeterThread: Stopping because end time detected by thread: MainUserLoad 1-255
2026-03-25 09:05:07,080 INFO o.a.j.t.JMeterThread: Thread finished: MainUserLoad 1-255
2026-03-25 09:05:07,082 INFO o.a.j.t.JMeterThread: Stopping because end time detected by thread: MainUserLoad 1-393
2026-03-25 09:05:07,083 INFO o.a.j.t.JMeterThread: Thread finished: MainUserLoad 1-393
2026-03-25 09:05:07,083 INFO o.a.j.t.JMeterThread: Stopping because end time detected by thread: MainUserLoad 1-848
2026-03-25 09:05:07,084 INFO o.a.j.t.JMeterThread: Thread finished: MainUserLoad 1-848
2026-03-25 09:05:07,084 INFO o.a.j.t.JMeterThread: Stopping because end time detected by thread: MainUserLoad 1-812
2026-03-25 09:05:07,084 INFO o.a.j.t.JMeterThread: Thread finished: MainUserLoad 1-812
2026-03-25 09:05:07,084 INFO o.a.j.t.JMeterThread: Stopping because end time detected by thread: MainUserLoad 1-566
2026-03-25 09:05:07,084 INFO o.a.j.t.JMeterThread: Thread finished: MainUserLoad 1-566
2026-03-25 09:05:07,088 INFO o.a.j.t.JMeterThread: Stopping because end time detected by thread: MainUserLoad 1-472
2026-03-25 09:05:07,088 INFO o.a.j.t.JMeterThread: Stopping because end time detected by thread: MainUserLoad 1-619
2026-03-25 09:05:07,088 INFO o.a.j.t.JMeterThread: Thread finished: MainUserLoad 1-619
2026-03-25 09:05:07,088 INFO o.a.j.t.JMeterThread: Stopping because end time detected by thread: MainUserLoad 1-320
2026-03-25 09:05:07,088 INFO o.a.j.t.JMeterThread: Stopping because end time detected by thread: MainUserLoad 1-568
2026-03-25 09:05:07,088 INFO o.a.j.t.JMeterThread: Thread finished: MainUserLoad 1-472
2026-03-25 09:05:07,088 INFO o.a.j.t.JMeterThread: Thread finished: MainUserLoad 1-320
2026-03-25 09:05:07,088 INFO o.a.j.t.JMeterThread: Stopping because end time detected by thread: MainUserLoad 1-487
2026-03-25 09:05:07,089 INFO o.a.j.t.JMeterThread: Thread finished: MainUserLoad 1-568
2026-03-25 09:05:07,089 INFO o.a.j.t.JMeterThread: Thread finished: MainUserLoad 1-487
2026-03-25 09:05:07,089 INFO o.a.j.t.JMeterThread: Stopping because end time detected by thread: MainUserLoad 1-721
2026-03-25 09:05:07,089 INFO o.a.j.t.JMeterThread: Thread finished: MainUserLoad 1-721
2026-03-25 09:05:07,090 INFO o.a.j.t.JMeterThread: Stopping because end time detected by thread: MainUserLoad 1-735
2026-03-25 09:05:07,090 INFO o.a.j.t.JMeterThread: Thread finished: MainUserLoad 1-735
2026-03-25 09:05:07,090 INFO o.a.j.t.JMeterThread: Stopping because end time detected by thread: MainUserLoad 1-664
2026-03-25 09:05:07,090 INFO o.a.j.t.JMeterThread: Thread finished: MainUserLoad 1-664
2026-03-25 09:05:07,090 INFO o.a.j.t.JMeterThread: Stopping because end time detected by thread: MainUserLoad 1-560
2026-03-25 09:05:07,090 INFO o.a.j.t.JMeterThread: Thread finished: MainUserLoad 1-560
2026-03-25 09:05:07,090 INFO o.a.j.t.JMeterThread: Stopping because end time detected by thread: MainUserLoad 1-163
2026-03-25 09:05:07,090 INFO o.a.j.t.JMeterThread: Thread finished: MainUserLoad 1-163
2026-03-25 09:05:07,090 INFO o.a.j.t.JMeterThread: Stopping because end time detected by thread: MainUserLoad 1-888
2026-03-25 09:05:07,090 INFO o.a.j.t.JMeterThread: Stopping because end time detected by thread: MainUserLoad 1-694
2026-03-25 09:05:07,090 INFO o.a.j.t.JMeterThread: Thread finished: MainUserLoad 1-888
2026-03-25 09:05:07,090 INFO o.a.j.t.JMeterThread: Thread finished: MainUserLoad 1-694
2026-03-25 09:05:07,090 INFO o.a.j.t.JMeterThread: Stopping because end time detected by thread: MainUserLoad 1-439
2026-03-25 09:05:07,091 INFO o.a.j.t.JMeterThread: Stopping because end time detected by thread: MainUserLoad 1-598
2026-03-25 09:05:07,091 INFO o.a.j.t.JMeterThread: Thread finished: MainUserLoad 1-439
2026-03-25 09:05:07,091 INFO o.a.j.t.JMeterThread: Stopping because end time detected by thread: MainUserLoad 1-670
2026-03-25 09:05:07,091 INFO o.a.j.t.JMeterThread: Thread finished: MainUserLoad 1-598
2026-03-25 09:05:07,091 INFO o.a.j.t.JMeterThread: Thread finished: MainUserLoad 1-670
2026-03-25 09:05:07,091 INFO o.a.j.t.JMeterThread: Stopping because end time detected by thread: MainUserLoad 1-613
2026-03-25 09:05:07,091 INFO o.a.j.t.JMeterThread: Stopping because end time detected by thread: MainUserLoad 1-473
2026-03-25 09:05:07,091 INFO o.a.j.t.JMeterThread: Thread finished: MainUserLoad 1-613
2026-03-25 09:05:07,091 INFO o.a.j.t.JMeterThread: Thread finished: MainUserLoad 1-473
2026-03-25 09:05:07,091 INFO o.a.j.t.JMeterThread: Stopping because end time detected by thread: MainUserLoad 1-179
2026-03-25 09:05:07,091 INFO o.a.j.t.JMeterThread: Stopping because end time detected by thread: MainUserLoad 1-790
2026-03-25 09:05:07,091 INFO o.a.j.t.JMeterThread: Thread finished: MainUserLoad 1-179
2026-03-25 09:05:07,091 INFO o.a.j.t.JMeterThread: Thread finished: MainUserLoad 1-790
2026-03-25 09:05:07,091 INFO o.a.j.t.JMeterThread: Stopping because end time detected by thread: MainUserLoad 1-119
2026-03-25 09:05:07,093 INFO o.a.j.t.JMeterThread: Stopping because end time detected by thread: MainUserLoad 1-130
2026-03-25 09:05:07,093 INFO o.a.j.t.JMeterThread: Thread finished: MainUserLoad 1-130
2026-03-25 09:05:07,091 INFO o.a.j.t.JMeterThread: Stopping because end time detected by thread: MainUserLoad 1-880
2026-03-25 09:05:07,093 INFO o.a.j.t.JMeterThread: Thread finished: MainUserLoad 1-119
2026-03-25 09:05:07,093 INFO o.a.j.t.JMeterThread: Thread finished: MainUserLoad 1-880
2026-03-25 09:05:07,093 INFO o.a.j.t.JMeterThread: Stopping because end time detected by thread: MainUserLoad 1-181
2026-03-25 09:05:07,093 INFO o.a.j.t.JMeterThread: Thread finished: MainUserLoad 1-181
2026-03-25 09:05:07,093 INFO o.a.j.t.JMeterThread: Stopping because end time detected by thread: MainUserLoad 1-571
2026-03-25 09:05:07,093 INFO o.a.j.t.JMeterThread: Thread finished: MainUserLoad 1-571
2026-03-25 09:05:07,094 INFO o.a.j.t.JMeterThread: Stopping because end time detected by thread: MainUserLoad 1-617
2026-03-25 09:05:07,094 INFO o.a.j.t.JMeterThread: Thread finished: MainUserLoad 1-617
2026-03-25 09:05:07,094 INFO o.a.j.t.JMeterThread: Stopping because end time detected by thread: MainUserLoad 1-804
2026-03-25 09:05:07,094 INFO o.a.j.t.JMeterThread: Stopping because end time detected by thread: MainUserLoad 1-94
2026-03-25 09:05:07,094 INFO o.a.j.t.JMeterThread: Thread finished: MainUserLoad 1-804
2026-03-25 09:05:07,094 INFO o.a.j.t.JMeterThread: Thread finished: MainUserLoad 1-94
2026-03-25 09:05:07,094 INFO o.a.j.t.JMeterThread: Stopping because end time detected by thread: MainUserLoad 1-796
2026-03-25 09:05:07,094 INFO o.a.j.t.JMeterThread: Thread finished: MainUserLoad 1-796
2026-03-25 09:05:07,094 INFO o.a.j.t.JMeterThread: Stopping because end time detected by thread: MainUserLoad 1-569
2026-03-25 09:05:07,094 INFO o.a.j.t.JMeterThread: Stopping because end time detected by thread: MainUserLoad 1-690
2026-03-25 09:05:07,095 INFO o.a.j.t.JMeterThread: Thread finished: MainUserLoad 1-690
2026-03-25 09:05:07,095 INFO o.a.j.t.JMeterThread: Thread finished: MainUserLoad 1-569
2026-03-25 09:05:07,095 INFO o.a.j.t.JMeterThread: Stopping because end time detected by thread: MainUserLoad 1-789
2026-03-25 09:05:07,095 INFO o.a.j.t.JMeterThread: Thread finished: MainUserLoad 1-789
2026-03-25 09:05:07,095 INFO o.a.j.t.JMeterThread: Stopping because end time detected by thread: MainUserLoad 1-246
2026-03-25 09:05:07,095 INFO o.a.j.t.JMeterThread: Stopping because end time detected by thread: MainUserLoad 1-912
2026-03-25 09:05:07,096 INFO o.a.j.t.JMeterThread: Thread finished: MainUserLoad 1-912
2026-03-25 09:05:07,096 INFO o.a.j.t.JMeterThread: Thread finished: MainUserLoad 1-246
2026-03-25 09:05:07,096 INFO o.a.j.t.JMeterThread: Stopping because end time detected by thread: MainUserLoad 1-541
2026-03-25 09:05:07,096 INFO o.a.j.t.JMeterThread: Stopping because end time detected by thread: MainUserLoad 1-730
2026-03-25 09:05:07,096 INFO o.a.j.t.JMeterThread: Stopping because end time detected by thread: MainUserLoad 1-243
2026-03-25 09:05:07,096 INFO o.a.j.t.JMeterThread: Thread finished: MainUserLoad 1-541
2026-03-25 09:05:07,096 INFO o.a.j.t.JMeterThread: Thread finished: MainUserLoad 1-730
2026-03-25 09:05:07,096 INFO o.a.j.t.JMeterThread: Thread finished: MainUserLoad 1-243
2026-03-25 09:05:07,096 INFO o.a.j.t.JMeterThread: Stopping because end time detected by thread: MainUserLoad 1-785
2026-03-25 09:05:07,096 INFO o.a.j.t.JMeterThread: Stopping because end time detected by thread: MainUserLoad 1-901
2026-03-25 09:05:07,096 INFO o.a.j.t.JMeterThread: Thread finished: MainUserLoad 1-901
2026-03-25 09:05:07,096 INFO o.a.j.t.JMeterThread: Stopping because end time detected by thread: MainUserLoad 1-59
2026-03-25 09:05:07,096 INFO o.a.j.t.JMeterThread: Thread finished: MainUserLoad 1-785
2026-03-25 09:05:07,096 INFO o.a.j.t.JMeterThread: Stopping because end time detected by thread: MainUserLoad 1-525
2026-03-25 09:05:07,096 INFO o.a.j.t.JMeterThread: Thread finished: MainUserLoad 1-59
2026-03-25 09:05:07,096 INFO o.a.j.t.JMeterThread: Thread finished: MainUserLoad 1-525
2026-03-25 09:05:07,097 INFO o.a.j.t.JMeterThread: Stopping because end time detected by thread: MainUserLoad 1-278
2026-03-25 09:05:07,097 INFO o.a.j.t.JMeterThread: Thread finished: MainUserLoad 1-278
2026-03-25 09:05:07,098 INFO o.a.j.t.JMeterThread: Stopping because end time detected by thread: MainUserLoad 1-890
2026-03-25 09:05:07,098 INFO o.a.j.t.JMeterThread: Thread finished: MainUserLoad 1-890
2026-03-25 09:05:07,098 INFO o.a.j.t.JMeterThread: Stopping because end time detected by thread: MainUserLoad 1-984
2026-03-25 09:05:07,098 INFO o.a.j.t.JMeterThread: Thread finished: MainUserLoad 1-984
2026-03-25 09:05:07,099 INFO o.a.j.t.JMeterThread: Stopping because end time detected by thread: MainUserLoad 1-653
2026-03-25 09:05:07,099 INFO o.a.j.t.JMeterThread: Thread finished: MainUserLoad 1-653
2026-03-25 09:05:07,099 INFO o.a.j.t.JMeterThread: Stopping because end time detected by thread: MainUserLoad 1-468
2026-03-25 09:05:07,099 INFO o.a.j.t.JMeterThread: Stopping because end time detected by thread: MainUserLoad 1-554
2026-03-25 09:05:07,100 INFO o.a.j.t.JMeterThread: Stopping because end time detected by thread: MainUserLoad 1-413
2026-03-25 09:05:07,100 INFO o.a.j.t.JMeterThread: Stopping because end time detected by thread: MainUserLoad 1-867
2026-03-25 09:05:07,100 INFO o.a.j.t.JMeterThread: Stopping because end time detected by thread: MainUserLoad 1-700
2026-03-25 09:05:07,100 INFO o.a.j.t.JMeterThread: Thread finished: MainUserLoad 1-468
2026-03-25 09:05:07,100 INFO o.a.j.t.JMeterThread: Thread finished: MainUserLoad 1-554
2026-03-25 09:05:07,100 INFO o.a.j.t.JMeterThread: Stopping because end time detected by thread: MainUserLoad 1-533
2026-03-25 09:05:07,100 INFO o.a.j.t.JMeterThread: Thread finished: MainUserLoad 1-867
2026-03-25 09:05:07,100 INFO o.a.j.t.JMeterThread: Thread finished: MainUserLoad 1-533
2026-03-25 09:05:07,100 INFO o.a.j.t.JMeterThread: Thread finished: MainUserLoad 1-413
2026-03-25 09:05:07,100 INFO o.a.j.t.JMeterThread: Stopping because end time detected by thread: MainUserLoad 1-791
2026-03-25 09:05:07,100 INFO o.a.j.t.JMeterThread: Thread finished: MainUserLoad 1-700
2026-03-25 09:05:07,100 INFO o.a.j.t.JMeterThread: Stopping because end time detected by thread: MainUserLoad 1-828
2026-03-25 09:05:07,100 INFO o.a.j.t.JMeterThread: Stopping because end time detected by thread: MainUserLoad 1-253
2026-03-25 09:05:07,100 INFO o.a.j.t.JMeterThread: Thread finished: MainUserLoad 1-828
2026-03-25 09:05:07,100 INFO o.a.j.t.JMeterThread: Thread finished: MainUserLoad 1-791
2026-03-25 09:05:07,100 INFO o.a.j.t.JMeterThread: Thread finished: MainUserLoad 1-253
2026-03-25 09:05:07,100 INFO o.a.j.t.JMeterThread: Stopping because end time detected by thread: MainUserLoad 1-524
2026-03-25 09:05:07,100 INFO o.a.j.t.JMeterThread: Stopping because end time detected by thread: MainUserLoad 1-897
2026-03-25 09:05:07,100 INFO o.a.j.t.JMeterThread: Thread finished: MainUserLoad 1-524
2026-03-25 09:05:07,100 INFO o.a.j.t.JMeterThread: Stopping because end time detected by thread: MainUserLoad 1-367
2026-03-25 09:05:07,100 INFO o.a.j.t.JMeterThread: Thread finished: MainUserLoad 1-897
2026-03-25 09:05:07,100 INFO o.a.j.t.JMeterThread: Thread finished: MainUserLoad 1-367
2026-03-25 09:05:07,100 INFO o.a.j.t.JMeterThread: Stopping because end time detected by thread: MainUserLoad 1-575
2026-03-25 09:05:07,102 INFO o.a.j.t.JMeterThread: Stopping because end time detected by thread: MainUserLoad 1-740
2026-03-25 09:05:07,102 INFO o.a.j.t.JMeterThread: Thread finished: MainUserLoad 1-575
2026-03-25 09:05:07,102 INFO o.a.j.t.JMeterThread: Thread finished: MainUserLoad 1-740
2026-03-25 09:05:07,108 INFO o.a.j.t.JMeterThread: Stopping because end time detected by thread: MainUserLoad 1-751
2026-03-25 09:05:07,108 INFO o.a.j.t.JMeterThread: Stopping because end time detected by thread: MainUserLoad 1-365
2026-03-25 09:05:07,108 INFO o.a.j.t.JMeterThread: Stopping because end time detected by thread: MainUserLoad 1-146
2026-03-25 09:05:07,108 INFO o.a.j.t.JMeterThread: Thread finished: MainUserLoad 1-751
2026-03-25 09:05:07,108 INFO o.a.j.t.JMeterThread: Thread finished: MainUserLoad 1-365
2026-03-25 09:05:07,108 INFO o.a.j.t.JMeterThread: Stopping because end time detected by thread: MainUserLoad 1-394
2026-03-25 09:05:07,108 INFO o.a.j.t.JMeterThread: Stopping because end time detected by thread: MainUserLoad 1-719
2026-03-25 09:05:07,108 INFO o.a.j.t.JMeterThread: Stopping because end time detected by thread: MainUserLoad 1-434
2026-03-25 09:05:07,108 INFO o.a.j.t.JMeterThread: Stopping because end time detected by thread: MainUserLoad 1-1000
2026-03-25 09:05:07,108 INFO o.a.j.t.JMeterThread: Stopping because end time detected by thread: MainUserLoad 1-924
2026-03-25 09:05:07,108 INFO o.a.j.t.JMeterThread: Thread finished: MainUserLoad 1-924
2026-03-25 09:05:07,108 INFO o.a.j.t.JMeterThread: Thread finished: MainUserLoad 1-146
2026-03-25 09:05:07,108 INFO o.a.j.t.JMeterThread: Thread finished: MainUserLoad 1-1000
2026-03-25 09:05:07,108 INFO o.a.j.t.JMeterThread: Stopping because end time detected by thread: MainUserLoad 1-372
2026-03-25 09:05:07,108 INFO o.a.j.t.JMeterThread: Stopping because end time detected by thread: MainUserLoad 1-997
2026-03-25 09:05:07,108 INFO o.a.j.t.JMeterThread: Stopping because end time detected by thread: MainUserLoad 1-241
2026-03-25 09:05:07,108 INFO o.a.j.t.JMeterThread: Thread finished: MainUserLoad 1-719
2026-03-25 09:05:07,108 INFO o.a.j.t.JMeterThread: Thread finished: MainUserLoad 1-394
2026-03-25 09:05:07,109 INFO o.a.j.t.JMeterThread: Thread finished: MainUserLoad 1-241
2026-03-25 09:05:07,108 INFO o.a.j.t.JMeterThread: Thread finished: MainUserLoad 1-997
2026-03-25 09:05:07,109 INFO o.a.j.t.JMeterThread: Thread finished: MainUserLoad 1-434
2026-03-25 09:05:07,108 INFO o.a.j.t.JMeterThread: Stopping because end time detected by thread: MainUserLoad 1-831
2026-03-25 09:05:07,109 INFO o.a.j.t.JMeterThread: Stopping because end time detected by thread: MainUserLoad 1-191
2026-03-25 09:05:07,109 INFO o.a.j.t.JMeterThread: Thread finished: MainUserLoad 1-191
2026-03-25 09:05:07,109 INFO o.a.j.t.JMeterThread: Thread finished: MainUserLoad 1-372
2026-03-25 09:05:07,109 INFO o.a.j.t.JMeterThread: Thread finished: MainUserLoad 1-831
2026-03-25 09:05:07,110 INFO o.a.j.t.JMeterThread: Stopping because end time detected by thread: MainUserLoad 1-853
2026-03-25 09:05:07,110 INFO o.a.j.t.JMeterThread: Thread finished: MainUserLoad 1-853
2026-03-25 09:05:07,110 INFO o.a.j.t.JMeterThread: Stopping because end time detected by thread: MainUserLoad 1-412
2026-03-25 09:05:07,110 INFO o.a.j.t.JMeterThread: Stopping because end time detected by thread: MainUserLoad 1-526
2026-03-25 09:05:07,110 INFO o.a.j.t.JMeterThread: Thread finished: MainUserLoad 1-412
2026-03-25 09:05:07,110 INFO o.a.j.t.JMeterThread: Stopping because end time detected by thread: MainUserLoad 1-361
2026-03-25 09:05:07,110 INFO o.a.j.t.JMeterThread: Thread finished: MainUserLoad 1-526
2026-03-25 09:05:07,110 INFO o.a.j.t.JMeterThread: Thread finished: MainUserLoad 1-361
2026-03-25 09:05:07,111 INFO o.a.j.t.JMeterThread: Stopping because end time detected by thread: MainUserLoad 1-776
2026-03-25 09:05:07,111 INFO o.a.j.t.JMeterThread: Stopping because end time detected by thread: MainUserLoad 1-31
2026-03-25 09:05:07,111 INFO o.a.j.t.JMeterThread: Thread finished: MainUserLoad 1-776
2026-03-25 09:05:07,111 INFO o.a.j.t.JMeterThread: Thread finished: MainUserLoad 1-31
2026-03-25 09:05:07,112 INFO o.a.j.t.JMeterThread: Stopping because end time detected by thread: MainUserLoad 1-592
2026-03-25 09:05:07,112 INFO o.a.j.t.JMeterThread: Thread finished: MainUserLoad 1-592
2026-03-25 09:05:07,116 INFO o.a.j.t.JMeterThread: Stopping because end time detected by thread: MainUserLoad 1-375
2026-03-25 09:05:07,116 INFO o.a.j.t.JMeterThread: Stopping because end time detected by thread: MainUserLoad 1-876
2026-03-25 09:05:07,116 INFO o.a.j.t.JMeterThread: Stopping because end time detected by thread: MainUserLoad 1-779
2026-03-25 09:05:07,116 INFO o.a.j.t.JMeterThread: Stopping because end time detected by thread: MainUserLoad 1-131
2026-03-25 09:05:07,117 INFO o.a.j.t.JMeterThread: Thread finished: MainUserLoad 1-876
2026-03-25 09:05:07,117 INFO o.a.j.t.JMeterThread: Thread finished: MainUserLoad 1-779
2026-03-25 09:05:07,117 INFO o.a.j.t.JMeterThread: Stopping because end time detected by thread: MainUserLoad 1-272
2026-03-25 09:05:07,117 INFO o.a.j.t.JMeterThread: Stopping because end time detected by thread: MainUserLoad 1-441
2026-03-25 09:05:07,116 INFO o.a.j.t.JMeterThread: Thread finished: MainUserLoad 1-375
2026-03-25 09:05:07,117 INFO o.a.j.t.JMeterThread: Stopping because end time detected by thread: MainUserLoad 1-437
2026-03-25 09:05:07,117 INFO o.a.j.t.JMeterThread: Thread finished: MainUserLoad 1-441
2026-03-25 09:05:07,117 INFO o.a.j.t.JMeterThread: Stopping because end time detected by thread: MainUserLoad 1-344
2026-03-25 09:05:07,117 INFO o.a.j.t.JMeterThread: Thread finished: MainUserLoad 1-272
2026-03-25 09:05:07,117 INFO o.a.j.t.JMeterThread: Stopping because end time detected by thread: MainUserLoad 1-868
2026-03-25 09:05:07,117 INFO o.a.j.t.JMeterThread: Thread finished: MainUserLoad 1-344
2026-03-25 09:05:07,117 INFO o.a.j.t.JMeterThread: Stopping because end time detected by thread: MainUserLoad 1-384
2026-03-25 09:05:07,117 INFO o.a.j.t.JMeterThread: Stopping because end time detected by thread: MainUserLoad 1-222
2026-03-25 09:05:07,117 INFO o.a.j.t.JMeterThread: Thread finished: MainUserLoad 1-437
2026-03-25 09:05:07,117 INFO o.a.j.t.JMeterThread: Thread finished: MainUserLoad 1-868
2026-03-25 09:05:07,117 INFO o.a.j.t.JMeterThread: Thread finished: MainUserLoad 1-131
2026-03-25 09:05:07,117 INFO o.a.j.t.JMeterThread: Thread finished: MainUserLoad 1-222
2026-03-25 09:05:07,117 INFO o.a.j.t.JMeterThread: Thread finished: MainUserLoad 1-384
2026-03-25 09:05:07,118 INFO o.a.j.t.JMeterThread: Stopping because end time detected by thread: MainUserLoad 1-920
2026-03-25 09:05:07,118 INFO o.a.j.t.JMeterThread: Thread finished: MainUserLoad 1-920
2026-03-25 09:05:07,118 INFO o.a.j.t.JMeterThread: Stopping because end time detected by thread: MainUserLoad 1-602
2026-03-25 09:05:07,120 INFO o.a.j.t.JMeterThread: Thread finished: MainUserLoad 1-602
2026-03-25 09:05:07,121 INFO o.a.j.e.StandardJMeterEngine: Notifying test listeners of end of test
2026-03-25 09:05:07,122 INFO o.a.j.g.u.JMeterMenuBar: setRunning(false, *local*)
2026-03-25 09:07:13,320 INFO o.a.j.e.StandardJMeterEngine: Running the test!
2026-03-25 09:07:13,321 INFO o.a.j.s.SampleEvent: List of sample_variables: []
2026-03-25 09:07:13,324 INFO o.a.j.g.u.JMeterMenuBar: setRunning(true, *local*)
2026-03-25 09:07:13,450 INFO o.a.j.e.StandardJMeterEngine: Starting ThreadGroup: 1 : MainUserLoad
2026-03-25 09:07:13,451 INFO o.a.j.e.StandardJMeterEngine: Starting 1000 threads for group MainUserLoad.
2026-03-25 09:07:13,451 INFO o.a.j.e.StandardJMeterEngine: Thread will continue on error
2026-03-25 09:07:13,452 INFO o.a.j.t.ThreadGroup: Starting thread group... number=1 threads=1000 ramp-up=30 delayedStart=false
2026-03-25 09:07:13,457 INFO o.a.j.t.JMeterThread: Thread started: MainUserLoad 1-1
2026-03-25 09:07:13,486 INFO o.a.j.t.JMeterThread: Thread started: MainUserLoad 1-2
2026-03-25 09:07:13,518 INFO o.a.j.t.JMeterThread: Thread started: MainUserLoad 1-3
2026-03-25 09:07:13,545 INFO o.a.j.t.JMeterThread: Thread started: MainUserLoad 1-4
2026-03-25 09:07:13,576 INFO o.a.j.t.JMeterThread: Thread started: MainUserLoad 1-5
2026-03-25 09:07:13,606 INFO o.a.j.t.JMeterThread: Thread started: MainUserLoad 1-6
2026-03-25 09:07:13,634 INFO o.a.j.t.JMeterThread: Thread started: MainUserLoad 1-7
2026-03-25 09:07:13,664 INFO o.a.j.t.JMeterThread: Thread started: MainUserLoad 1-8
2026-03-25 09:07:13,694 INFO o.a.j.t.JMeterThread: Thread started: MainUserLoad 1-9
2026-03-25 09:07:13,724 INFO o.a.j.t.JMeterThread: Thread started: MainUserLoad 1-10
2026-03-25 09:07:13,755 INFO o.a.j.t.JMeterThread: Thread started: MainUserLoad 1-11
2026-03-25 09:07:13,785 INFO o.a.j.t.JMeterThread: Thread started: MainUserLoad 1-12
2026-03-25 09:07:13,797 INFO o.a.j.t.ThreadGroup: Started thread group number 1
2026-03-25 09:07:13,797 INFO o.a.j.e.StandardJMeterEngine: All thread groups have been started
2026-03-25 09:07:13,815 INFO o.a.j.t.JMeterThread: Thread started: MainUserLoad 1-13
2026-03-25 09:07:13,844 INFO o.a.j.t.JMeterThread: Thread started: MainUserLoad 1-14
2026-03-25 09:07:13,874 INFO o.a.j.t.JMeterThread: Thread started: MainUserLoad 1-15
2026-03-25 09:07:13,905 INFO o.a.j.t.JMeterThread: Thread started: MainUserLoad 1-16
2026-03-25 09:07:13,934 INFO o.a.j.t.JMeterThread: Thread started: MainUserLoad 1-17
2026-03-25 09:07:13,965 INFO o.a.j.t.JMeterThread: Thread started: MainUserLoad 1-18
2026-03-25 09:07:13,995 INFO o.a.j.t.JMeterThread: Thread started: MainUserLoad 1-19
2026-03-25 09:07:14,024 INFO o.a.j.t.JMeterThread: Thread started: MainUserLoad 1-20
2026-03-25 09:07:14,055 INFO o.a.j.t.JMeterThread: Thread started: MainUserLoad 1-21
2026-03-25 09:07:14,084 INFO o.a.j.t.JMeterThread: Thread started: MainUserLoad 1-22
2026-03-25 09:07:14,114 INFO o.a.j.t.JMeterThread: Thread started: MainUserLoad 1-23
2026-03-25 09:07:14,145 INFO o.a.j.t.JMeterThread: Thread started: MainUserLoad 1-24
2026-03-25 09:07:14,175 INFO o.a.j.t.JMeterThread: Thread started: MainUserLoad 1-25
2026-03-25 09:07:14,205 INFO o.a.j.t.JMeterThread: Thread started: MainUserLoad 1-26
2026-03-25 09:07:14,237 INFO o.a.j.t.JMeterThread: Thread started: MainUserLoad 1-27
2026-03-25 09:07:14,266 INFO o.a.j.t.JMeterThread: Thread started: MainUserLoad 1-28
2026-03-25 09:07:14,296 INFO o.a.j.t.JMeterThread: Thread started: MainUserLoad 1-29
2026-03-25 09:07:14,325 INFO o.a.j.t.JMeterThread: Thread started: MainUserLoad 1-30
2026-03-25 09:07:14,355 INFO o.a.j.t.JMeterThread: Thread started: MainUserLoad 1-31
2026-03-25 09:07:14,385 INFO o.a.j.t.JMeterThread: Thread started: MainUserLoad 1-32
2026-03-25 09:07:14,414 INFO o.a.j.t.JMeterThread: Thread started: MainUserLoad 1-33
2026-03-25 09:07:14,445 INFO o.a.j.t.JMeterThread: Thread started: MainUserLoad 1-34
2026-03-25 09:07:14,476 INFO o.a.j.t.JMeterThread: Thread started: MainUserLoad 1-35
2026-03-25 09:07:14,504 INFO o.a.j.t.JMeterThread: Thread started: MainUserLoad 1-36
2026-03-25 09:07:14,533 INFO o.a.j.t.JMeterThread: Thread started: MainUserLoad 1-37
2026-03-25 09:07:14,563 INFO o.a.j.t.JMeterThread: Thread started: MainUserLoad 1-38
2026-03-25 09:07:14,594 INFO o.a.j.t.JMeterThread: Thread started: MainUserLoad 1-39
2026-03-25 09:07:14,624 INFO o.a.j.t.JMeterThread: Thread started: MainUserLoad 1-40
2026-03-25 09:07:14,653 INFO o.a.j.t.JMeterThread: Thread started: MainUserLoad 1-41
2026-03-25 09:07:14,685 INFO o.a.j.t.JMeterThread: Thread started: MainUserLoad 1-42
2026-03-25 09:07:14,714 INFO o.a.j.t.JMeterThread: Thread started: MainUserLoad 1-43
2026-03-25 09:07:14,744 INFO o.a.j.t.JMeterThread: Thread started: MainUserLoad 1-44
2026-03-25 09:07:14,773 INFO o.a.j.t.JMeterThread: Thread started: MainUserLoad 1-45
2026-03-25 09:07:14,803 INFO o.a.j.t.JMeterThread: Thread started: MainUserLoad 1-46
2026-03-25 09:07:14,833 INFO o.a.j.t.JMeterThread: Thread started: MainUserLoad 1-47
2026-03-25 09:07:14,865 INFO o.a.j.t.JMeterThread: Thread started: MainUserLoad 1-48
2026-03-25 09:07:14,895 INFO o.a.j.t.JMeterThread: Thread started: MainUserLoad 1-49
2026-03-25 09:07:14,924 INFO o.a.j.t.JMeterThread: Thread started: MainUserLoad 1-50
2026-03-25 09:07:14,955 INFO o.a.j.t.JMeterThread: Thread started: MainUserLoad 1-51
2026-03-25 09:07:14,984 INFO o.a.j.t.JMeterThread: Thread started: MainUserLoad 1-52
2026-03-25 09:07:15,012 INFO o.a.j.t.JMeterThread: Thread started: MainUserLoad 1-53
2026-03-25 09:07:15,044 INFO o.a.j.t.JMeterThread: Thread started: MainUserLoad 1-54
2026-03-25 09:07:15,074 INFO o.a.j.t.JMeterThread: Thread started: MainUserLoad 1-55
2026-03-25 09:07:15,104 INFO o.a.j.t.JMeterThread: Thread started: MainUserLoad 1-56
2026-03-25 09:07:15,133 INFO o.a.j.t.JMeterThread: Thread started: MainUserLoad 1-57
2026-03-25 09:07:15,164 INFO o.a.j.t.JMeterThread: Thread started: MainUserLoad 1-58
2026-03-25 09:07:15,195 INFO o.a.j.t.JMeterThread: Thread started: MainUserLoad 1-59
2026-03-25 09:07:15,224 INFO o.a.j.t.JMeterThread: Thread started: MainUserLoad 1-60
2026-03-25 09:07:15,253 INFO o.a.j.t.JMeterThread: Thread started: MainUserLoad 1-61
2026-03-25 09:07:15,284 INFO o.a.j.t.JMeterThread: Thread started: MainUserLoad 1-62
2026-03-25 09:07:15,314 INFO o.a.j.t.JMeterThread: Thread started: MainUserLoad 1-63
2026-03-25 09:07:15,344 INFO o.a.j.t.JMeterThread: Thread started: MainUserLoad 1-64
2026-03-25 09:07:15,375 INFO o.a.j.t.JMeterThread: Thread started: MainUserLoad 1-65
2026-03-25 09:07:15,405 INFO o.a.j.t.JMeterThread: Thread started: MainUserLoad 1-66
2026-03-25 09:07:15,435 INFO o.a.j.t.JMeterThread: Thread started: MainUserLoad 1-67
2026-03-25 09:07:15,467 INFO o.a.j.t.JMeterThread: Thread started: MainUserLoad 1-68
2026-03-25 09:07:15,497 INFO o.a.j.t.JMeterThread: Thread started: MainUserLoad 1-69
2026-03-25 09:07:15,526 INFO o.a.j.t.JMeterThread: Thread started: MainUserLoad 1-70
2026-03-25 09:07:15,560 INFO o.a.j.t.JMeterThread: Thread started: MainUserLoad 1-71
2026-03-25 09:07:15,590 INFO o.a.j.t.JMeterThread: Thread started: MainUserLoad 1-72
2026-03-25 09:07:15,618 INFO o.a.j.t.JMeterThread: Thread started: MainUserLoad 1-73
2026-03-25 09:07:15,648 INFO o.a.j.t.JMeterThread: Thread started: MainUserLoad 1-74
2026-03-25 09:07:15,679 INFO o.a.j.t.JMeterThread: Thread started: MainUserLoad 1-75
2026-03-25 09:07:15,709 INFO o.a.j.t.JMeterThread: Thread started: MainUserLoad 1-76
2026-03-25 09:07:15,738 INFO o.a.j.t.JMeterThread: Thread started: MainUserLoad 1-77
2026-03-25 09:07:15,767 INFO o.a.j.t.JMeterThread: Thread started: MainUserLoad 1-78
2026-03-25 09:07:15,797 INFO o.a.j.t.JMeterThread: Thread started: MainUserLoad 1-79
2026-03-25 09:07:15,822 INFO o.a.j.t.JMeterThread: Thread started: MainUserLoad 1-80
2026-03-25 09:07:15,859 INFO o.a.j.t.JMeterThread: Thread started: MainUserLoad 1-81
2026-03-25 09:07:15,882 INFO o.a.j.t.JMeterThread: Thread started: MainUserLoad 1-82
2026-03-25 09:07:15,920 INFO o.a.j.t.JMeterThread: Thread started: MainUserLoad 1-83
2026-03-25 09:07:15,948 INFO o.a.j.t.JMeterThread: Thread started: MainUserLoad 1-84
2026-03-25 09:07:15,977 INFO o.a.j.t.JMeterThread: Thread started: MainUserLoad 1-85
2026-03-25 09:07:16,007 INFO o.a.j.t.JMeterThread: Thread started: MainUserLoad 1-86
2026-03-25 09:07:16,036 INFO o.a.j.t.JMeterThread: Thread started: MainUserLoad 1-87
2026-03-25 09:07:16,066 INFO o.a.j.t.JMeterThread: Thread started: MainUserLoad 1-88
2026-03-25 09:07:16,095 INFO o.a.j.t.JMeterThread: Thread started: MainUserLoad 1-89
2026-03-25 09:07:16,124 INFO o.a.j.t.JMeterThread: Thread started: MainUserLoad 1-90
2026-03-25 09:07:16,155 INFO o.a.j.t.JMeterThread: Thread started: MainUserLoad 1-91
2026-03-25 09:07:16,187 INFO o.a.j.t.JMeterThread: Thread started: MainUserLoad 1-92
2026-03-25 09:07:16,217 INFO o.a.j.t.JMeterThread: Thread started: MainUserLoad 1-93
2026-03-25 09:07:16,247 INFO o.a.j.t.JMeterThread: Thread started: MainUserLoad 1-94
2026-03-25 09:07:16,277 INFO o.a.j.t.JMeterThread: Thread started: MainUserLoad 1-95
2026-03-25 09:07:16,305 INFO o.a.j.t.JMeterThread: Thread started: MainUserLoad 1-96
2026-03-25 09:07:16,335 INFO o.a.j.t.JMeterThread: Thread started: MainUserLoad 1-97
2026-03-25 09:07:16,366 INFO o.a.j.t.JMeterThread: Thread started: MainUserLoad 1-98
2026-03-25 09:07:16,395 INFO o.a.j.t.JMeterThread: Thread started: MainUserLoad 1-99
2026-03-25 09:07:16,425 INFO o.a.j.t.JMeterThread: Thread started: MainUserLoad 1-100
2026-03-25 09:07:16,454 INFO o.a.j.t.JMeterThread: Thread started: MainUserLoad 1-101
2026-03-25 09:07:16,483 INFO o.a.j.t.JMeterThread: Thread started: MainUserLoad 1-102
2026-03-25 09:07:16,514 INFO o.a.j.t.JMeterThread: Thread started: MainUserLoad 1-103
2026-03-25 09:07:16,543 INFO o.a.j.t.JMeterThread: Thread started: MainUserLoad 1-104
2026-03-25 09:07:16,575 INFO o.a.j.t.JMeterThread: Thread started: MainUserLoad 1-105
2026-03-25 09:07:16,606 INFO o.a.j.t.JMeterThread: Thread started: MainUserLoad 1-106
2026-03-25 09:07:16,636 INFO o.a.j.t.JMeterThread: Thread started: MainUserLoad 1-107
2026-03-25 09:07:16,667 INFO o.a.j.t.JMeterThread: Thread started: MainUserLoad 1-108
2026-03-25 09:07:16,696 INFO o.a.j.t.JMeterThread: Thread started: MainUserLoad 1-109
2026-03-25 09:07:16,727 INFO o.a.j.t.JMeterThread: Thread started: MainUserLoad 1-110
2026-03-25 09:07:16,756 INFO o.a.j.t.JMeterThread: Thread started: MainUserLoad 1-111
2026-03-25 09:07:16,786 INFO o.a.j.t.JMeterThread: Thread started: MainUserLoad 1-112
2026-03-25 09:07:16,816 INFO o.a.j.t.JMeterThread: Thread started: MainUserLoad 1-113
2026-03-25 09:07:16,845 INFO o.a.j.t.JMeterThread: Thread started: MainUserLoad 1-114
2026-03-25 09:07:16,875 INFO o.a.j.t.JMeterThread: Thread started: MainUserLoad 1-115
2026-03-25 09:07:16,907 INFO o.a.j.t.JMeterThread: Thread started: MainUserLoad 1-116
2026-03-25 09:07:16,937 INFO o.a.j.t.JMeterThread: Thread started: MainUserLoad 1-117
2026-03-25 09:07:16,967 INFO o.a.j.t.JMeterThread: Thread started: MainUserLoad 1-118
2026-03-25 09:07:16,996 INFO o.a.j.t.JMeterThread: Thread started: MainUserLoad 1-119
2026-03-25 09:07:17,028 INFO o.a.j.t.JMeterThread: Thread started: MainUserLoad 1-120
2026-03-25 09:07:17,059 INFO o.a.j.t.JMeterThread: Thread started: MainUserLoad 1-121
2026-03-25 09:07:17,084 INFO o.a.j.t.JMeterThread: Thread started: MainUserLoad 1-122
2026-03-25 09:07:17,116 INFO o.a.j.t.JMeterThread: Thread started: MainUserLoad 1-123
2026-03-25 09:07:17,146 INFO o.a.j.t.JMeterThread: Thread started: MainUserLoad 1-124
2026-03-25 09:07:17,174 INFO o.a.j.t.JMeterThread: Thread started: MainUserLoad 1-125
2026-03-25 09:07:17,205 INFO o.a.j.t.JMeterThread: Thread started: MainUserLoad 1-126
2026-03-25 09:07:17,234 INFO o.a.j.t.JMeterThread: Thread started: MainUserLoad 1-127
2026-03-25 09:07:17,266 INFO o.a.j.t.JMeterThread: Thread started: MainUserLoad 1-128
2026-03-25 09:07:17,295 INFO o.a.j.t.JMeterThread: Thread started: MainUserLoad 1-129
2026-03-25 09:07:17,324 INFO o.a.j.t.JMeterThread: Thread started: MainUserLoad 1-130
2026-03-25 09:07:17,355 INFO o.a.j.t.JMeterThread: Thread started: MainUserLoad 1-131
2026-03-25 09:07:17,383 INFO o.a.j.t.JMeterThread: Thread started: MainUserLoad 1-132
2026-03-25 09:07:17,412 INFO o.a.j.t.JMeterThread: Thread started: MainUserLoad 1-133
2026-03-25 09:07:17,446 INFO o.a.j.t.JMeterThread: Thread started: MainUserLoad 1-134
2026-03-25 09:07:17,475 INFO o.a.j.t.JMeterThread: Thread started: MainUserLoad 1-135
2026-03-25 09:07:17,504 INFO o.a.j.t.JMeterThread: Thread started: MainUserLoad 1-136
2026-03-25 09:07:17,534 INFO o.a.j.t.JMeterThread: Thread started: MainUserLoad 1-137
2026-03-25 09:07:17,565 INFO o.a.j.t.JMeterThread: Thread started: MainUserLoad 1-138
2026-03-25 09:07:17,595 INFO o.a.j.t.JMeterThread: Thread started: MainUserLoad 1-139
2026-03-25 09:07:17,627 INFO o.a.j.t.JMeterThread: Thread started: MainUserLoad 1-140
2026-03-25 09:07:17,656 INFO o.a.j.t.JMeterThread: Thread started: MainUserLoad 1-141
2026-03-25 09:07:17,686 INFO o.a.j.t.JMeterThread: Thread started: MainUserLoad 1-142
2026-03-25 09:07:17,715 INFO o.a.j.t.JMeterThread: Thread started: MainUserLoad 1-143
2026-03-25 09:07:17,745 INFO o.a.j.t.JMeterThread: Thread started: MainUserLoad 1-144
2026-03-25 09:07:17,774 INFO o.a.j.t.JMeterThread: Thread started: MainUserLoad 1-145
2026-03-25 09:07:17,804 INFO o.a.j.t.JMeterThread: Thread started: MainUserLoad 1-146
2026-03-25 09:07:17,837 INFO o.a.j.t.JMeterThread: Thread started: MainUserLoad 1-147
2026-03-25 09:07:17,866 INFO o.a.j.t.JMeterThread: Thread started: MainUserLoad 1-148
2026-03-25 09:07:17,897 INFO o.a.j.t.JMeterThread: Thread started: MainUserLoad 1-149
2026-03-25 09:07:17,925 INFO o.a.j.t.JMeterThread: Thread started: MainUserLoad 1-150
2026-03-25 09:07:17,957 INFO o.a.j.t.JMeterThread: Thread started: MainUserLoad 1-151
2026-03-25 09:07:17,984 INFO o.a.j.t.JMeterThread: Thread started: MainUserLoad 1-152
2026-03-25 09:07:18,015 INFO o.a.j.t.JMeterThread: Thread started: MainUserLoad 1-153
2026-03-25 09:07:18,045 INFO o.a.j.t.JMeterThread: Thread started: MainUserLoad 1-154
2026-03-25 09:07:18,075 INFO o.a.j.t.JMeterThread: Thread started: MainUserLoad 1-155
2026-03-25 09:07:18,105 INFO o.a.j.t.JMeterThread: Thread started: MainUserLoad 1-156
2026-03-25 09:07:18,134 INFO o.a.j.t.JMeterThread: Thread started: MainUserLoad 1-157
2026-03-25 09:07:18,164 INFO o.a.j.t.JMeterThread: Thread started: MainUserLoad 1-158
2026-03-25 09:07:18,193 INFO o.a.j.t.JMeterThread: Thread started: MainUserLoad 1-159
2026-03-25 09:07:18,223 INFO o.a.j.t.JMeterThread: Thread started: MainUserLoad 1-160
2026-03-25 09:07:18,253 INFO o.a.j.t.JMeterThread: Thread started: MainUserLoad 1-161
2026-03-25 09:07:18,285 INFO o.a.j.t.JMeterThread: Thread started: MainUserLoad 1-162
2026-03-25 09:07:18,314 INFO o.a.j.t.JMeterThread: Thread started: MainUserLoad 1-163
2026-03-25 09:07:18,344 INFO o.a.j.t.JMeterThread: Thread started: MainUserLoad 1-164
2026-03-25 09:07:18,381 INFO o.a.j.t.JMeterThread: Thread started: MainUserLoad 1-165
2026-03-25 09:07:18,404 INFO o.a.j.t.JMeterThread: Thread started: MainUserLoad 1-166
2026-03-25 09:07:18,436 INFO o.a.j.t.JMeterThread: Thread started: MainUserLoad 1-167
2026-03-25 09:07:18,464 INFO o.a.j.t.JMeterThread: Thread started: MainUserLoad 1-168
2026-03-25 09:07:18,492 INFO o.a.j.t.JMeterThread: Thread started: MainUserLoad 1-169
2026-03-25 09:07:18,528 INFO o.a.j.t.JMeterThread: Thread started: MainUserLoad 1-170
2026-03-25 09:07:18,557 INFO o.a.j.t.JMeterThread: Thread started: MainUserLoad 1-171
2026-03-25 09:07:18,586 INFO o.a.j.t.JMeterThread: Thread started: MainUserLoad 1-172
2026-03-25 09:07:18,616 INFO o.a.j.t.JMeterThread: Thread started: MainUserLoad 1-173
2026-03-25 09:07:18,646 INFO o.a.j.t.JMeterThread: Thread started: MainUserLoad 1-174
2026-03-25 09:07:18,675 INFO o.a.j.t.JMeterThread: Thread started: MainUserLoad 1-175
2026-03-25 09:07:18,709 INFO o.a.j.t.JMeterThread: Thread started: MainUserLoad 1-176
2026-03-25 09:07:18,734 INFO o.a.j.t.JMeterThread: Thread started: MainUserLoad 1-177
2026-03-25 09:07:18,766 INFO o.a.j.t.JMeterThread: Thread started: MainUserLoad 1-178
2026-03-25 09:07:18,793 INFO o.a.j.t.JMeterThread: Thread started: MainUserLoad 1-179
2026-03-25 09:07:18,822 INFO o.a.j.t.JMeterThread: Thread started: MainUserLoad 1-180
2026-03-25 09:07:18,854 INFO o.a.j.t.JMeterThread: Thread started: MainUserLoad 1-181
2026-03-25 09:07:18,884 INFO o.a.j.t.JMeterThread: Thread started: MainUserLoad 1-182
2026-03-25 09:07:18,914 INFO o.a.j.t.JMeterThread: Thread started: MainUserLoad 1-183
2026-03-25 09:07:18,943 INFO o.a.j.t.JMeterThread: Thread started: MainUserLoad 1-184
2026-03-25 09:07:18,972 INFO o.a.j.t.JMeterThread: Thread started: MainUserLoad 1-185
2026-03-25 09:07:19,004 INFO o.a.j.t.JMeterThread: Thread started: MainUserLoad 1-186
2026-03-25 09:07:19,034 INFO o.a.j.t.JMeterThread: Thread started: MainUserLoad 1-187
2026-03-25 09:07:19,069 INFO o.a.j.t.JMeterThread: Thread started: MainUserLoad 1-188
2026-03-25 09:07:19,097 INFO o.a.j.t.JMeterThread: Thread started: MainUserLoad 1-189
2026-03-25 09:07:19,126 INFO o.a.j.t.JMeterThread: Thread started: MainUserLoad 1-190
2026-03-25 09:07:19,158 INFO o.a.j.t.JMeterThread: Thread started: MainUserLoad 1-191
2026-03-25 09:07:19,186 INFO o.a.j.t.JMeterThread: Thread started: MainUserLoad 1-192
2026-03-25 09:07:19,216 INFO o.a.j.t.JMeterThread: Thread started: MainUserLoad 1-193
2026-03-25 09:07:19,243 INFO o.a.j.t.JMeterThread: Thread started: MainUserLoad 1-194
2026-03-25 09:07:19,278 INFO o.a.j.t.JMeterThread: Thread started: MainUserLoad 1-195
2026-03-25 09:07:19,307 INFO o.a.j.t.JMeterThread: Thread started: MainUserLoad 1-196
2026-03-25 09:07:19,336 INFO o.a.j.t.JMeterThread: Thread started: MainUserLoad 1-197
2026-03-25 09:07:19,366 INFO o.a.j.t.JMeterThread: Thread started: MainUserLoad 1-198
2026-03-25 09:07:19,402 INFO o.a.j.t.JMeterThread: Thread started: MainUserLoad 1-199
2026-03-25 09:07:19,433 INFO o.a.j.t.JMeterThread: Thread started: MainUserLoad 1-200
2026-03-25 09:07:19,465 INFO o.a.j.t.JMeterThread: Thread started: MainUserLoad 1-201
2026-03-25 09:07:19,492 INFO o.a.j.t.JMeterThread: Thread started: MainUserLoad 1-202
2026-03-25 09:07:19,519 INFO o.a.j.t.JMeterThread: Thread started: MainUserLoad 1-203
2026-03-25 09:07:19,550 INFO o.a.j.t.JMeterThread: Thread started: MainUserLoad 1-204
2026-03-25 09:07:19,578 INFO o.a.j.t.JMeterThread: Thread started: MainUserLoad 1-205
2026-03-25 09:07:19,603 INFO o.a.j.t.JMeterThread: Thread started: MainUserLoad 1-206
2026-03-25 09:07:19,640 INFO o.a.j.t.JMeterThread: Thread started: MainUserLoad 1-207
2026-03-25 09:07:19,664 INFO o.a.j.t.JMeterThread: Thread started: MainUserLoad 1-208
2026-03-25 09:07:19,699 INFO o.a.j.t.JMeterThread: Thread started: MainUserLoad 1-209
2026-03-25 09:07:19,734 INFO o.a.j.t.JMeterThread: Thread started: MainUserLoad 1-210
2026-03-25 09:07:19,765 INFO o.a.j.t.JMeterThread: Thread started: MainUserLoad 1-211
2026-03-25 09:07:19,793 INFO o.a.j.t.JMeterThread: Thread started: MainUserLoad 1-212
2026-03-25 09:07:19,819 INFO o.a.j.t.JMeterThread: Thread started: MainUserLoad 1-213
2026-03-25 09:07:19,851 INFO o.a.j.t.JMeterThread: Thread started: MainUserLoad 1-214
2026-03-25 09:07:19,894 INFO o.a.j.t.JMeterThread: Thread started: MainUserLoad 1-215
2026-03-25 09:07:19,903 INFO o.a.j.t.JMeterThread: Thread started: MainUserLoad 1-216
2026-03-25 09:07:19,941 INFO o.a.j.t.JMeterThread: Thread started: MainUserLoad 1-217
2026-03-25 09:07:19,971 INFO o.a.j.t.JMeterThread: Thread started: MainUserLoad 1-218
2026-03-25 09:07:20,000 INFO o.a.j.t.JMeterThread: Thread started: MainUserLoad 1-219
2026-03-25 09:07:20,031 INFO o.a.j.t.JMeterThread: Thread started: MainUserLoad 1-220
2026-03-25 09:07:20,071 INFO o.a.j.t.JMeterThread: Thread started: MainUserLoad 1-221
2026-03-25 09:07:20,089 INFO o.a.j.t.JMeterThread: Thread started: MainUserLoad 1-222
2026-03-25 09:07:20,119 INFO o.a.j.t.JMeterThread: Thread started: MainUserLoad 1-223
2026-03-25 09:07:20,148 INFO o.a.j.t.JMeterThread: Thread started: MainUserLoad 1-224
2026-03-25 09:07:20,178 INFO o.a.j.t.JMeterThread: Thread started: MainUserLoad 1-225
2026-03-25 09:07:20,210 INFO o.a.j.t.JMeterThread: Thread started: MainUserLoad 1-226
2026-03-25 09:07:20,239 INFO o.a.j.t.JMeterThread: Thread started: MainUserLoad 1-227
2026-03-25 09:07:20,269 INFO o.a.j.t.JMeterThread: Thread started: MainUserLoad 1-228
2026-03-25 09:07:20,300 INFO o.a.j.t.JMeterThread: Thread started: MainUserLoad 1-229
2026-03-25 09:07:20,328 INFO o.a.j.t.JMeterThread: Thread started: MainUserLoad 1-230
2026-03-25 09:07:20,358 INFO o.a.j.t.JMeterThread: Thread started: MainUserLoad 1-231
2026-03-25 09:07:20,383 INFO o.a.j.t.JMeterThread: Thread started: MainUserLoad 1-232
2026-03-25 09:07:20,419 INFO o.a.j.t.JMeterThread: Thread started: MainUserLoad 1-233
2026-03-25 09:07:20,443 INFO o.a.j.t.JMeterThread: Thread started: MainUserLoad 1-234
2026-03-25 09:07:20,478 INFO o.a.j.t.JMeterThread: Thread started: MainUserLoad 1-235
2026-03-25 09:07:20,520 INFO o.a.j.t.JMeterThread: Thread started: MainUserLoad 1-236
2026-03-25 09:07:20,540 INFO o.a.j.t.JMeterThread: Thread started: MainUserLoad 1-237
2026-03-25 09:07:20,581 INFO o.a.j.t.JMeterThread: Thread started: MainUserLoad 1-238
2026-03-25 09:07:20,605 INFO o.a.j.t.JMeterThread: Thread started: MainUserLoad 1-239
2026-03-25 09:07:20,635 INFO o.a.j.t.JMeterThread: Thread started: MainUserLoad 1-240
2026-03-25 09:07:20,653 INFO o.a.j.t.JMeterThread: Thread started: MainUserLoad 1-241
2026-03-25 09:07:20,698 INFO o.a.j.t.JMeterThread: Thread started: MainUserLoad 1-242
2026-03-25 09:07:20,727 INFO o.a.j.t.JMeterThread: Thread started: MainUserLoad 1-243
2026-03-25 09:07:20,757 INFO o.a.j.t.JMeterThread: Thread started: MainUserLoad 1-244
2026-03-25 09:07:20,785 INFO o.a.j.t.JMeterThread: Thread started: MainUserLoad 1-245
2026-03-25 09:07:20,815 INFO o.a.j.t.JMeterThread: Thread started: MainUserLoad 1-246
2026-03-25 09:07:20,834 INFO o.a.j.t.JMeterThread: Thread started: MainUserLoad 1-247
2026-03-25 09:07:20,875 INFO o.a.j.t.JMeterThread: Thread started: MainUserLoad 1-248
2026-03-25 09:07:20,907 INFO o.a.j.t.JMeterThread: Thread started: MainUserLoad 1-249
2026-03-25 09:07:20,947 INFO o.a.j.t.JMeterThread: Thread started: MainUserLoad 1-250
2026-03-25 09:07:20,966 INFO o.a.j.t.JMeterThread: Thread started: MainUserLoad 1-251
2026-03-25 09:07:20,995 INFO o.a.j.t.JMeterThread: Thread started: MainUserLoad 1-252
2026-03-25 09:07:21,025 INFO o.a.j.t.JMeterThread: Thread started: MainUserLoad 1-253
2026-03-25 09:07:21,055 INFO o.a.j.t.JMeterThread: Thread started: MainUserLoad 1-254
2026-03-25 09:07:21,074 INFO o.a.j.t.JMeterThread: Thread started: MainUserLoad 1-255
2026-03-25 09:07:21,106 INFO o.a.j.t.JMeterThread: Thread started: MainUserLoad 1-256
2026-03-25 09:07:21,144 INFO o.a.j.t.JMeterThread: Thread started: MainUserLoad 1-257
2026-03-25 09:07:21,172 INFO o.a.j.t.JMeterThread: Thread started: MainUserLoad 1-258
2026-03-25 09:07:21,205 INFO o.a.j.t.JMeterThread: Thread started: MainUserLoad 1-259
2026-03-25 09:07:21,231 INFO o.a.j.t.JMeterThread: Thread started: MainUserLoad 1-260
2026-03-25 09:07:21,261 INFO o.a.j.t.JMeterThread: Thread started: MainUserLoad 1-261
2026-03-25 09:07:21,293 INFO o.a.j.t.JMeterThread: Thread started: MainUserLoad 1-262
2026-03-25 09:07:21,319 INFO o.a.j.t.JMeterThread: Thread started: MainUserLoad 1-263
2026-03-25 09:07:21,350 INFO o.a.j.t.JMeterThread: Thread started: MainUserLoad 1-264
2026-03-25 09:07:21,380 INFO o.a.j.t.JMeterThread: Thread started: MainUserLoad 1-265
2026-03-25 09:07:21,425 INFO o.a.j.t.JMeterThread: Thread started: MainUserLoad 1-266
2026-03-25 09:07:21,440 INFO o.a.j.t.JMeterThread: Thread started: MainUserLoad 1-267
2026-03-25 09:07:21,470 INFO o.a.j.t.JMeterThread: Thread started: MainUserLoad 1-268
2026-03-25 09:07:21,499 INFO o.a.j.t.JMeterThread: Thread started: MainUserLoad 1-269
2026-03-25 09:07:21,529 INFO o.a.j.t.JMeterThread: Thread started: MainUserLoad 1-270
2026-03-25 09:07:21,575 INFO o.a.j.t.JMeterThread: Thread started: MainUserLoad 1-271
2026-03-25 09:07:21,589 INFO o.a.j.t.JMeterThread: Thread started: MainUserLoad 1-272
2026-03-25 09:07:21,618 INFO o.a.j.t.JMeterThread: Thread started: MainUserLoad 1-273
2026-03-25 09:07:21,666 INFO o.a.j.t.JMeterThread: Thread started: MainUserLoad 1-274
2026-03-25 09:07:21,680 INFO o.a.j.t.JMeterThread: Thread started: MainUserLoad 1-275
2026-03-25 09:07:21,709 INFO o.a.j.t.JMeterThread: Thread started: MainUserLoad 1-276
2026-03-25 09:07:21,739 INFO o.a.j.t.JMeterThread: Thread started: MainUserLoad 1-277
2026-03-25 09:07:21,772 INFO o.a.j.t.JMeterThread: Thread started: MainUserLoad 1-278
2026-03-25 09:07:21,793 INFO o.a.j.t.JMeterThread: Thread started: MainUserLoad 1-279
2026-03-25 09:07:21,833 INFO o.a.j.t.JMeterThread: Thread started: MainUserLoad 1-280
2026-03-25 09:07:21,862 INFO o.a.j.t.JMeterThread: Thread started: MainUserLoad 1-281
2026-03-25 09:07:21,900 INFO o.a.j.t.JMeterThread: Thread started: MainUserLoad 1-282
2026-03-25 09:07:21,930 INFO o.a.j.t.JMeterThread: Thread started: MainUserLoad 1-283
2026-03-25 09:07:21,962 INFO o.a.j.t.JMeterThread: Thread started: MainUserLoad 1-284
2026-03-25 09:07:21,989 INFO o.a.j.t.JMeterThread: Thread started: MainUserLoad 1-285
2026-03-25 09:07:22,042 INFO o.a.j.t.JMeterThread: Thread started: MainUserLoad 1-286
2026-03-25 09:07:22,071 INFO o.a.j.t.JMeterThread: Thread started: MainUserLoad 1-287
2026-03-25 09:07:22,079 INFO o.a.j.t.JMeterThread: Thread started: MainUserLoad 1-288
2026-03-25 09:07:22,092 INFO o.a.j.t.JMeterThread: Thread started: MainUserLoad 1-289
2026-03-25 09:07:22,140 INFO o.a.j.t.JMeterThread: Thread started: MainUserLoad 1-290
2026-03-25 09:07:22,170 INFO o.a.j.t.JMeterThread: Thread started: MainUserLoad 1-291
2026-03-25 09:07:22,227 INFO o.a.j.t.JMeterThread: Thread started: MainUserLoad 1-292
2026-03-25 09:07:22,229 INFO o.a.j.t.JMeterThread: Thread started: MainUserLoad 1-293
2026-03-25 09:07:22,247 INFO o.a.j.t.JMeterThread: Thread started: MainUserLoad 1-294
2026-03-25 09:07:22,291 INFO o.a.j.t.JMeterThread: Thread started: MainUserLoad 1-295
2026-03-25 09:07:22,345 INFO o.a.j.t.JMeterThread: Thread started: MainUserLoad 1-296
2026-03-25 09:07:22,354 INFO o.a.j.t.JMeterThread: Thread started: MainUserLoad 1-297
2026-03-25 09:07:22,363 INFO o.a.j.t.JMeterThread: Thread started: MainUserLoad 1-298
2026-03-25 09:07:22,410 INFO o.a.j.t.JMeterThread: Thread started: MainUserLoad 1-299
2026-03-25 09:07:22,440 INFO o.a.j.t.JMeterThread: Thread started: MainUserLoad 1-300
2026-03-25 09:07:22,470 INFO o.a.j.t.JMeterThread: Thread started: MainUserLoad 1-301
2026-03-25 09:07:22,498 INFO o.a.j.t.JMeterThread: Thread started: MainUserLoad 1-302
2026-03-25 09:07:22,528 INFO o.a.j.t.JMeterThread: Thread started: MainUserLoad 1-303
2026-03-25 09:07:22,559 INFO o.a.j.t.JMeterThread: Thread started: MainUserLoad 1-304
2026-03-25 09:07:22,589 INFO o.a.j.t.JMeterThread: Thread started: MainUserLoad 1-305
2026-03-25 09:07:22,620 INFO o.a.j.t.JMeterThread: Thread started: MainUserLoad 1-306
2026-03-25 09:07:22,659 INFO o.a.j.t.JMeterThread: Thread started: MainUserLoad 1-307
2026-03-25 09:07:22,690 INFO o.a.j.t.JMeterThread: Thread started: MainUserLoad 1-308
2026-03-25 09:07:22,735 INFO o.a.j.t.JMeterThread: Thread started: MainUserLoad 1-309
2026-03-25 09:07:22,766 INFO o.a.j.t.JMeterThread: Thread started: MainUserLoad 1-310
2026-03-25 09:07:22,792 INFO o.a.j.t.JMeterThread: Thread started: MainUserLoad 1-311
2026-03-25 09:07:22,802 INFO o.a.j.t.JMeterThread: Thread started: MainUserLoad 1-312
2026-03-25 09:07:22,834 INFO o.a.j.t.JMeterThread: Thread started: MainUserLoad 1-313
2026-03-25 09:07:22,869 INFO o.a.j.t.JMeterThread: Thread started: MainUserLoad 1-314
2026-03-25 09:07:22,899 INFO o.a.j.t.JMeterThread: Thread started: MainUserLoad 1-315
2026-03-25 09:07:22,926 INFO o.a.j.t.JMeterThread: Thread started: MainUserLoad 1-316
2026-03-25 09:07:22,958 INFO o.a.j.t.JMeterThread: Thread started: MainUserLoad 1-317
2026-03-25 09:07:22,986 INFO o.a.j.t.JMeterThread: Thread started: MainUserLoad 1-318
2026-03-25 09:07:23,017 INFO o.a.j.t.JMeterThread: Thread started: MainUserLoad 1-319
2026-03-25 09:07:23,050 INFO o.a.j.t.JMeterThread: Thread started: MainUserLoad 1-320
2026-03-25 09:07:23,079 INFO o.a.j.t.JMeterThread: Thread started: MainUserLoad 1-321
2026-03-25 09:07:23,110 INFO o.a.j.t.JMeterThread: Thread started: MainUserLoad 1-322
2026-03-25 09:07:23,138 INFO o.a.j.t.JMeterThread: Thread started: MainUserLoad 1-323
2026-03-25 09:07:23,167 INFO o.a.j.t.JMeterThread: Thread started: MainUserLoad 1-324
2026-03-25 09:07:23,197 INFO o.a.j.t.JMeterThread: Thread started: MainUserLoad 1-325
2026-03-25 09:07:23,228 INFO o.a.j.t.JMeterThread: Thread started: MainUserLoad 1-326
2026-03-25 09:07:23,257 INFO o.a.j.t.JMeterThread: Thread started: MainUserLoad 1-327
2026-03-25 09:07:23,287 INFO o.a.j.t.JMeterThread: Thread started: MainUserLoad 1-328
2026-03-25 09:07:23,316 INFO o.a.j.t.JMeterThread: Thread started: MainUserLoad 1-329
2026-03-25 09:07:23,350 INFO o.a.j.t.JMeterThread: Thread started: MainUserLoad 1-330
2026-03-25 09:07:23,374 INFO o.a.j.t.JMeterThread: Thread started: MainUserLoad 1-331
2026-03-25 09:07:23,403 INFO o.a.j.t.JMeterThread: Thread started: MainUserLoad 1-332
2026-03-25 09:07:23,435 INFO o.a.j.t.JMeterThread: Thread started: MainUserLoad 1-333
2026-03-25 09:07:23,465 INFO o.a.j.t.JMeterThread: Thread started: MainUserLoad 1-334
2026-03-25 09:07:23,494 INFO o.a.j.t.JMeterThread: Thread started: MainUserLoad 1-335
2026-03-25 09:07:23,502 INFO o.a.j.t.JMeterThread: Thread started: MainUserLoad 1-336
2026-03-25 09:07:23,555 INFO o.a.j.t.JMeterThread: Thread started: MainUserLoad 1-337
2026-03-25 09:07:23,563 INFO o.a.j.t.JMeterThread: Thread started: MainUserLoad 1-338
2026-03-25 09:07:23,614 INFO o.a.j.t.JMeterThread: Thread started: MainUserLoad 1-339
2026-03-25 09:07:23,646 INFO o.a.j.t.JMeterThread: Thread started: MainUserLoad 1-340
2026-03-25 09:07:23,655 INFO o.a.j.t.JMeterThread: Thread started: MainUserLoad 1-341
2026-03-25 09:07:23,706 INFO o.a.j.t.JMeterThread: Thread started: MainUserLoad 1-342
2026-03-25 09:07:23,714 INFO o.a.j.t.JMeterThread: Thread started: MainUserLoad 1-343
2026-03-25 09:07:23,768 INFO o.a.j.t.JMeterThread: Thread started: MainUserLoad 1-344
2026-03-25 09:07:23,824 INFO o.a.j.t.JMeterThread: Thread started: MainUserLoad 1-345
2026-03-25 09:07:23,828 INFO o.a.j.t.JMeterThread: Thread started: MainUserLoad 1-346
2026-03-25 09:07:23,858 INFO o.a.j.t.JMeterThread: Thread started: MainUserLoad 1-347
2026-03-25 09:07:23,888 INFO o.a.j.t.JMeterThread: Thread started: MainUserLoad 1-348
2026-03-25 09:07:23,918 INFO o.a.j.t.JMeterThread: Thread started: MainUserLoad 1-349
2026-03-25 09:07:23,947 INFO o.a.j.t.JMeterThread: Thread started: MainUserLoad 1-350
2026-03-25 09:07:23,978 INFO o.a.j.t.JMeterThread: Thread started: MainUserLoad 1-351
2026-03-25 09:07:24,007 INFO o.a.j.t.JMeterThread: Thread started: MainUserLoad 1-352
2026-03-25 09:07:24,015 INFO o.a.j.t.JMeterThread: Thread started: MainUserLoad 1-353
2026-03-25 09:07:24,068 INFO o.a.j.t.JMeterThread: Thread started: MainUserLoad 1-354
2026-03-25 09:07:24,095 INFO o.a.j.t.JMeterThread: Thread started: MainUserLoad 1-355
2026-03-25 09:07:24,126 INFO o.a.j.t.JMeterThread: Thread started: MainUserLoad 1-356
2026-03-25 09:07:24,180 INFO o.a.j.t.JMeterThread: Thread started: MainUserLoad 1-357
2026-03-25 09:07:24,211 INFO o.a.j.t.JMeterThread: Thread started: MainUserLoad 1-358
2026-03-25 09:07:24,213 INFO o.a.j.t.JMeterThread: Thread started: MainUserLoad 1-359
2026-03-25 09:07:24,245 INFO o.a.j.t.JMeterThread: Thread started: MainUserLoad 1-360
2026-03-25 09:07:24,273 INFO o.a.j.t.JMeterThread: Thread started: MainUserLoad 1-361
2026-03-25 09:07:24,286 INFO o.a.j.t.JMeterThread: Thread started: MainUserLoad 1-362
2026-03-25 09:07:24,332 INFO o.a.j.t.JMeterThread: Thread started: MainUserLoad 1-363
2026-03-25 09:07:24,345 INFO o.a.j.t.JMeterThread: Thread started: MainUserLoad 1-364
2026-03-25 09:07:24,392 INFO o.a.j.t.JMeterThread: Thread started: MainUserLoad 1-365
2026-03-25 09:07:24,420 INFO o.a.j.t.JMeterThread: Thread started: MainUserLoad 1-366
2026-03-25 09:07:24,451 INFO o.a.j.t.JMeterThread: Thread started: MainUserLoad 1-367
2026-03-25 09:07:24,485 INFO o.a.j.t.JMeterThread: Thread started: MainUserLoad 1-368
2026-03-25 09:07:24,509 INFO o.a.j.t.JMeterThread: Thread started: MainUserLoad 1-369
2026-03-25 09:07:24,542 INFO o.a.j.t.JMeterThread: Thread started: MainUserLoad 1-370
2026-03-25 09:07:24,568 INFO o.a.j.t.JMeterThread: Thread started: MainUserLoad 1-371
2026-03-25 09:07:24,599 INFO o.a.j.t.JMeterThread: Thread started: MainUserLoad 1-372
2026-03-25 09:07:24,630 INFO o.a.j.t.JMeterThread: Thread started: MainUserLoad 1-373
2026-03-25 09:07:24,660 INFO o.a.j.t.JMeterThread: Thread started: MainUserLoad 1-374
2026-03-25 09:07:24,690 INFO o.a.j.t.JMeterThread: Thread started: MainUserLoad 1-375
2026-03-25 09:07:24,718 INFO o.a.j.t.JMeterThread: Thread started: MainUserLoad 1-376
2026-03-25 09:07:24,748 INFO o.a.j.t.JMeterThread: Thread started: MainUserLoad 1-377
2026-03-25 09:07:24,782 INFO o.a.j.t.JMeterThread: Thread started: MainUserLoad 1-378
2026-03-25 09:07:24,808 INFO o.a.j.t.JMeterThread: Thread started: MainUserLoad 1-379
2026-03-25 09:07:24,864 INFO o.a.j.t.JMeterThread: Thread started: MainUserLoad 1-380
2026-03-25 09:07:24,869 INFO o.a.j.t.JMeterThread: Thread started: MainUserLoad 1-381
2026-03-25 09:07:24,900 INFO o.a.j.t.JMeterThread: Thread started: MainUserLoad 1-382
2026-03-25 09:07:24,931 INFO o.a.j.t.JMeterThread: Thread started: MainUserLoad 1-383
2026-03-25 09:07:24,964 INFO o.a.j.t.JMeterThread: Thread started: MainUserLoad 1-384
2026-03-25 09:07:24,994 INFO o.a.j.t.JMeterThread: Thread started: MainUserLoad 1-385
2026-03-25 09:07:25,023 INFO o.a.j.t.JMeterThread: Thread started: MainUserLoad 1-386
2026-03-25 09:07:25,081 INFO o.a.j.t.JMeterThread: Thread started: MainUserLoad 1-387
2026-03-25 09:07:25,085 INFO o.a.j.t.JMeterThread: Thread started: MainUserLoad 1-388
2026-03-25 09:07:25,142 INFO o.a.j.t.JMeterThread: Thread started: MainUserLoad 1-389
2026-03-25 09:07:25,145 INFO o.a.j.t.JMeterThread: Thread started: MainUserLoad 1-390
2026-03-25 09:07:25,203 INFO o.a.j.t.JMeterThread: Thread started: MainUserLoad 1-391
2026-03-25 09:07:25,205 INFO o.a.j.t.JMeterThread: Thread started: MainUserLoad 1-392
2026-03-25 09:07:25,236 INFO o.a.j.t.JMeterThread: Thread started: MainUserLoad 1-393
2026-03-25 09:07:25,268 INFO o.a.j.t.JMeterThread: Thread started: MainUserLoad 1-394
2026-03-25 09:07:25,295 INFO o.a.j.t.JMeterThread: Thread started: MainUserLoad 1-395
2026-03-25 09:07:25,325 INFO o.a.j.t.JMeterThread: Thread started: MainUserLoad 1-396
2026-03-25 09:07:25,356 INFO o.a.j.t.JMeterThread: Thread started: MainUserLoad 1-397
2026-03-25 09:07:25,385 INFO o.a.j.t.JMeterThread: Thread started: MainUserLoad 1-398
2026-03-25 09:07:25,417 INFO o.a.j.t.JMeterThread: Thread started: MainUserLoad 1-399
2026-03-25 09:07:25,448 INFO o.a.j.t.JMeterThread: Thread started: MainUserLoad 1-400
2026-03-25 09:07:25,475 INFO o.a.j.t.JMeterThread: Thread started: MainUserLoad 1-401
2026-03-25 09:07:25,506 INFO o.a.j.t.JMeterThread: Thread started: MainUserLoad 1-402
2026-03-25 09:07:25,537 INFO o.a.j.t.JMeterThread: Thread started: MainUserLoad 1-403
2026-03-25 09:07:25,568 INFO o.a.j.t.JMeterThread: Thread started: MainUserLoad 1-404
2026-03-25 09:07:25,598 INFO o.a.j.t.JMeterThread: Thread started: MainUserLoad 1-405
2026-03-25 09:07:25,657 INFO o.a.j.t.JMeterThread: Thread started: MainUserLoad 1-407
2026-03-25 09:07:25,672 INFO o.a.j.t.JMeterThread: Thread started: MainUserLoad 1-406
2026-03-25 09:07:25,687 INFO o.a.j.t.JMeterThread: Thread started: MainUserLoad 1-408
2026-03-25 09:07:25,720 INFO o.a.j.t.JMeterThread: Thread started: MainUserLoad 1-409
2026-03-25 09:07:25,748 INFO o.a.j.t.JMeterThread: Thread started: MainUserLoad 1-410
2026-03-25 09:07:25,753 INFO o.a.j.t.JMeterThread: Thread started: MainUserLoad 1-411
2026-03-25 09:07:25,836 INFO o.a.j.t.JMeterThread: Thread started: MainUserLoad 1-413
2026-03-25 09:07:25,842 INFO o.a.j.t.JMeterThread: Thread started: MainUserLoad 1-412
2026-03-25 09:07:25,867 INFO o.a.j.t.JMeterThread: Thread started: MainUserLoad 1-414
2026-03-25 09:07:25,897 INFO o.a.j.t.JMeterThread: Thread started: MainUserLoad 1-415
2026-03-25 09:07:25,928 INFO o.a.j.t.JMeterThread: Thread started: MainUserLoad 1-416
2026-03-25 09:07:25,957 INFO o.a.j.t.JMeterThread: Thread started: MainUserLoad 1-417
2026-03-25 09:07:25,962 INFO o.a.j.t.JMeterThread: Thread started: MainUserLoad 1-418
2026-03-25 09:07:25,993 INFO o.a.j.t.JMeterThread: Thread started: MainUserLoad 1-419
2026-03-25 09:07:26,052 INFO o.a.j.t.JMeterThread: Thread started: MainUserLoad 1-420
2026-03-25 09:07:26,107 INFO o.a.j.t.JMeterThread: Thread started: MainUserLoad 1-422
2026-03-25 09:07:26,109 INFO o.a.j.t.JMeterThread: Thread started: MainUserLoad 1-421
2026-03-25 09:07:26,167 INFO o.a.j.t.JMeterThread: Thread started: MainUserLoad 1-424
2026-03-25 09:07:26,169 INFO o.a.j.t.JMeterThread: Thread started: MainUserLoad 1-423
2026-03-25 09:07:26,196 INFO o.a.j.t.JMeterThread: Thread started: MainUserLoad 1-425
2026-03-25 09:07:26,227 INFO o.a.j.t.JMeterThread: Thread started: MainUserLoad 1-426
2026-03-25 09:07:26,258 INFO o.a.j.t.JMeterThread: Thread started: MainUserLoad 1-427
2026-03-25 09:07:26,290 INFO o.a.j.t.JMeterThread: Thread started: MainUserLoad 1-428
2026-03-25 09:07:26,320 INFO o.a.j.t.JMeterThread: Thread started: MainUserLoad 1-429
2026-03-25 09:07:26,350 INFO o.a.j.t.JMeterThread: Thread started: MainUserLoad 1-430
2026-03-25 09:07:26,381 INFO o.a.j.t.JMeterThread: Thread started: MainUserLoad 1-431
2026-03-25 09:07:26,409 INFO o.a.j.t.JMeterThread: Thread started: MainUserLoad 1-432
2026-03-25 09:07:26,440 INFO o.a.j.t.JMeterThread: Thread started: MainUserLoad 1-433
2026-03-25 09:07:26,469 INFO o.a.j.t.JMeterThread: Thread started: MainUserLoad 1-434
2026-03-25 09:07:26,499 INFO o.a.j.t.JMeterThread: Thread started: MainUserLoad 1-435
2026-03-25 09:07:26,504 INFO o.a.j.t.JMeterThread: Thread started: MainUserLoad 1-436
2026-03-25 09:07:26,559 INFO o.a.j.t.JMeterThread: Thread started: MainUserLoad 1-437
2026-03-25 09:07:26,590 INFO o.a.j.t.JMeterThread: Thread started: MainUserLoad 1-438
2026-03-25 09:07:26,621 INFO o.a.j.t.JMeterThread: Thread started: MainUserLoad 1-439
2026-03-25 09:07:26,652 INFO o.a.j.t.JMeterThread: Thread started: MainUserLoad 1-440
2026-03-25 09:07:26,710 INFO o.a.j.t.JMeterThread: Thread started: MainUserLoad 1-442
2026-03-25 09:07:26,740 INFO o.a.j.t.JMeterThread: Thread started: MainUserLoad 1-443
2026-03-25 09:07:26,769 INFO o.a.j.t.JMeterThread: Thread started: MainUserLoad 1-444
2026-03-25 09:07:26,800 INFO o.a.j.t.JMeterThread: Thread started: MainUserLoad 1-445
2026-03-25 09:07:26,826 INFO o.a.j.t.JMeterThread: Thread started: MainUserLoad 1-441
2026-03-25 09:07:26,861 INFO o.a.j.t.JMeterThread: Thread started: MainUserLoad 1-447
2026-03-25 09:07:26,891 INFO o.a.j.t.JMeterThread: Thread started: MainUserLoad 1-446
2026-03-25 09:07:26,892 INFO o.a.j.t.JMeterThread: Thread started: MainUserLoad 1-448
2026-03-25 09:07:26,920 INFO o.a.j.t.JMeterThread: Thread started: MainUserLoad 1-449
2026-03-25 09:07:26,950 INFO o.a.j.t.JMeterThread: Thread started: MainUserLoad 1-450
2026-03-25 09:07:26,980 INFO o.a.j.t.JMeterThread: Thread started: MainUserLoad 1-451
2026-03-25 09:07:26,984 INFO o.a.j.t.JMeterThread: Thread started: MainUserLoad 1-452
2026-03-25 09:07:27,014 INFO o.a.j.t.JMeterThread: Thread started: MainUserLoad 1-453
2026-03-25 09:07:27,044 INFO o.a.j.t.JMeterThread: Thread started: MainUserLoad 1-454
2026-03-25 09:07:27,098 INFO o.a.j.t.JMeterThread: Thread started: MainUserLoad 1-455
2026-03-25 09:07:27,129 INFO o.a.j.t.JMeterThread: Thread started: MainUserLoad 1-456
2026-03-25 09:07:27,158 INFO o.a.j.t.JMeterThread: Thread started: MainUserLoad 1-457
2026-03-25 09:07:27,190 INFO o.a.j.t.JMeterThread: Thread started: MainUserLoad 1-458
2026-03-25 09:07:27,220 INFO o.a.j.t.JMeterThread: Thread started: MainUserLoad 1-459
2026-03-25 09:07:27,250 INFO o.a.j.t.JMeterThread: Thread started: MainUserLoad 1-460
2026-03-25 09:07:27,281 INFO o.a.j.t.JMeterThread: Thread started: MainUserLoad 1-461
2026-03-25 09:07:27,311 INFO o.a.j.t.JMeterThread: Thread started: MainUserLoad 1-462
2026-03-25 09:07:27,341 INFO o.a.j.t.JMeterThread: Thread started: MainUserLoad 1-463
2026-03-25 09:07:27,371 INFO o.a.j.t.JMeterThread: Thread started: MainUserLoad 1-464
2026-03-25 09:07:27,403 INFO o.a.j.t.JMeterThread: Thread started: MainUserLoad 1-465
2026-03-25 09:07:27,463 INFO o.a.j.t.JMeterThread: Thread started: MainUserLoad 1-467
2026-03-25 09:07:27,492 INFO o.a.j.t.JMeterThread: Thread started: MainUserLoad 1-468
2026-03-25 09:07:27,522 INFO o.a.j.t.JMeterThread: Thread started: MainUserLoad 1-469
2026-03-25 09:07:27,553 INFO o.a.j.t.JMeterThread: Thread started: MainUserLoad 1-470
2026-03-25 09:07:27,554 INFO o.a.j.t.JMeterThread: Thread started: MainUserLoad 1-471
2026-03-25 09:07:27,584 INFO o.a.j.t.JMeterThread: Thread started: MainUserLoad 1-466
2026-03-25 09:07:27,616 INFO o.a.j.t.JMeterThread: Thread started: MainUserLoad 1-472
2026-03-25 09:07:27,646 INFO o.a.j.t.JMeterThread: Thread started: MainUserLoad 1-473
2026-03-25 09:07:27,678 INFO o.a.j.t.JMeterThread: Thread started: MainUserLoad 1-474
2026-03-25 09:07:27,709 INFO o.a.j.t.JMeterThread: Thread started: MainUserLoad 1-475
2026-03-25 09:07:27,737 INFO o.a.j.t.JMeterThread: Thread started: MainUserLoad 1-476
2026-03-25 09:07:27,764 INFO o.a.j.t.JMeterThread: Thread started: MainUserLoad 1-478
2026-03-25 09:07:27,765 INFO o.a.j.t.JMeterThread: Thread started: MainUserLoad 1-477
2026-03-25 09:07:27,825 INFO o.a.j.t.JMeterThread: Thread started: MainUserLoad 1-479
2026-03-25 09:07:27,857 INFO o.a.j.t.JMeterThread: Thread started: MainUserLoad 1-480
2026-03-25 09:07:27,884 INFO o.a.j.t.JMeterThread: Thread started: MainUserLoad 1-482
2026-03-25 09:07:27,886 INFO o.a.j.t.JMeterThread: Thread started: MainUserLoad 1-481
2026-03-25 09:07:27,912 INFO o.a.j.t.JMeterThread: Thread started: MainUserLoad 1-483
2026-03-25 09:07:27,975 INFO o.a.j.t.JMeterThread: Thread started: MainUserLoad 1-484
2026-03-25 09:07:28,006 INFO o.a.j.t.JMeterThread: Thread started: MainUserLoad 1-485
2026-03-25 09:07:28,035 INFO o.a.j.t.JMeterThread: Thread started: MainUserLoad 1-486
2026-03-25 09:07:28,065 INFO o.a.j.t.JMeterThread: Thread started: MainUserLoad 1-487
2026-03-25 09:07:28,094 INFO o.a.j.t.JMeterThread: Thread started: MainUserLoad 1-488
2026-03-25 09:07:28,126 INFO o.a.j.t.JMeterThread: Thread started: MainUserLoad 1-489
2026-03-25 09:07:28,161 INFO o.a.j.t.JMeterThread: Thread started: MainUserLoad 1-490
2026-03-25 09:07:28,188 INFO o.a.j.t.JMeterThread: Thread started: MainUserLoad 1-491
2026-03-25 09:07:28,222 INFO o.a.j.t.JMeterThread: Thread started: MainUserLoad 1-492
2026-03-25 09:07:28,252 INFO o.a.j.t.JMeterThread: Thread started: MainUserLoad 1-493
2026-03-25 09:07:28,282 INFO o.a.j.t.JMeterThread: Thread started: MainUserLoad 1-494
2026-03-25 09:07:28,310 INFO o.a.j.t.JMeterThread: Thread started: MainUserLoad 1-495
2026-03-25 09:07:28,343 INFO o.a.j.t.JMeterThread: Thread started: MainUserLoad 1-496
2026-03-25 09:07:28,372 INFO o.a.j.t.JMeterThread: Thread started: MainUserLoad 1-497
2026-03-25 09:07:28,404 INFO o.a.j.t.JMeterThread: Thread started: MainUserLoad 1-498
2026-03-25 09:07:28,465 INFO o.a.j.t.JMeterThread: Thread started: MainUserLoad 1-500
2026-03-25 09:07:28,503 INFO o.a.j.t.JMeterThread: Thread started: MainUserLoad 1-499
2026-03-25 09:07:28,526 INFO o.a.j.t.JMeterThread: Thread started: MainUserLoad 1-502
2026-03-25 09:07:28,564 INFO o.a.j.t.JMeterThread: Thread started: MainUserLoad 1-503
2026-03-25 09:07:28,573 INFO o.a.j.t.JMeterThread: Thread started: MainUserLoad 1-501
2026-03-25 09:07:28,594 INFO o.a.j.t.JMeterThread: Thread started: MainUserLoad 1-504
2026-03-25 09:07:28,625 INFO o.a.j.t.JMeterThread: Thread started: MainUserLoad 1-505
2026-03-25 09:07:28,653 INFO o.a.j.t.JMeterThread: Thread started: MainUserLoad 1-506
2026-03-25 09:07:28,684 INFO o.a.j.t.JMeterThread: Thread started: MainUserLoad 1-507
2026-03-25 09:07:28,713 INFO o.a.j.t.JMeterThread: Thread started: MainUserLoad 1-508
2026-03-25 09:07:28,744 INFO o.a.j.t.JMeterThread: Thread started: MainUserLoad 1-509
2026-03-25 09:07:28,774 INFO o.a.j.t.JMeterThread: Thread started: MainUserLoad 1-510
2026-03-25 09:07:28,835 INFO o.a.j.t.JMeterThread: Thread started: MainUserLoad 1-512
2026-03-25 09:07:28,884 INFO o.a.j.t.JMeterThread: Thread started: MainUserLoad 1-511
2026-03-25 09:07:28,900 INFO o.a.j.t.JMeterThread: Thread started: MainUserLoad 1-514
2026-03-25 09:07:28,930 INFO o.a.j.t.JMeterThread: Thread started: MainUserLoad 1-515
2026-03-25 09:07:28,948 INFO o.a.j.t.JMeterThread: Thread started: MainUserLoad 1-513
2026-03-25 09:07:28,960 INFO o.a.j.t.JMeterThread: Thread started: MainUserLoad 1-516
2026-03-25 09:07:28,992 INFO o.a.j.t.JMeterThread: Thread started: MainUserLoad 1-517
2026-03-25 09:07:29,021 INFO o.a.j.t.JMeterThread: Thread started: MainUserLoad 1-518
2026-03-25 09:07:29,023 INFO o.a.j.t.JMeterThread: Thread started: MainUserLoad 1-520
2026-03-25 09:07:29,053 INFO o.a.j.t.JMeterThread: Thread started: MainUserLoad 1-519
2026-03-25 09:07:29,112 INFO o.a.j.t.JMeterThread: Thread started: MainUserLoad 1-521
2026-03-25 09:07:29,143 INFO o.a.j.t.JMeterThread: Thread started: MainUserLoad 1-522
2026-03-25 09:07:29,205 INFO o.a.j.t.JMeterThread: Thread started: MainUserLoad 1-524
2026-03-25 09:07:29,237 INFO o.a.j.t.JMeterThread: Thread started: MainUserLoad 1-525
2026-03-25 09:07:29,262 INFO o.a.j.t.JMeterThread: Thread started: MainUserLoad 1-523
2026-03-25 09:07:29,265 INFO o.a.j.t.JMeterThread: Thread started: MainUserLoad 1-526
2026-03-25 09:07:29,293 INFO o.a.j.t.JMeterThread: Thread started: MainUserLoad 1-527
2026-03-25 09:07:29,323 INFO o.a.j.t.JMeterThread: Thread started: MainUserLoad 1-530
2026-03-25 09:07:29,324 INFO o.a.j.t.JMeterThread: Thread started: MainUserLoad 1-528
2026-03-25 09:07:29,353 INFO o.a.j.t.JMeterThread: Thread started: MainUserLoad 1-529
2026-03-25 09:07:29,414 INFO o.a.j.t.JMeterThread: Thread started: MainUserLoad 1-531
2026-03-25 09:07:29,444 INFO o.a.j.t.JMeterThread: Thread started: MainUserLoad 1-532
2026-03-25 09:07:29,473 INFO o.a.j.t.JMeterThread: Thread started: MainUserLoad 1-533
2026-03-25 09:07:29,503 INFO o.a.j.t.JMeterThread: Thread started: MainUserLoad 1-534
2026-03-25 09:07:29,536 INFO o.a.j.t.JMeterThread: Thread started: MainUserLoad 1-535
2026-03-25 09:07:29,602 INFO o.a.j.t.JMeterThread: Thread started: MainUserLoad 1-537
2026-03-25 09:07:29,653 INFO o.a.j.t.JMeterThread: Thread started: MainUserLoad 1-536
2026-03-25 09:07:29,660 INFO o.a.j.t.JMeterThread: Thread started: MainUserLoad 1-539
2026-03-25 09:07:29,690 INFO o.a.j.t.JMeterThread: Thread started: MainUserLoad 1-540
2026-03-25 09:07:29,713 INFO o.a.j.t.JMeterThread: Thread started: MainUserLoad 1-538
2026-03-25 09:07:29,721 INFO o.a.j.t.JMeterThread: Thread started: MainUserLoad 1-541
2026-03-25 09:07:29,750 INFO o.a.j.t.JMeterThread: Thread started: MainUserLoad 1-542
2026-03-25 09:07:29,780 INFO o.a.j.t.JMeterThread: Thread started: MainUserLoad 1-543
2026-03-25 09:07:29,811 INFO o.a.j.t.JMeterThread: Thread started: MainUserLoad 1-544
2026-03-25 09:07:29,840 INFO o.a.j.t.JMeterThread: Thread started: MainUserLoad 1-545
2026-03-25 09:07:29,870 INFO o.a.j.t.JMeterThread: Thread started: MainUserLoad 1-546
2026-03-25 09:07:29,932 INFO o.a.j.t.JMeterThread: Thread started: MainUserLoad 1-548
2026-03-25 09:07:29,961 INFO o.a.j.t.JMeterThread: Thread started: MainUserLoad 1-549
2026-03-25 09:07:29,989 INFO o.a.j.t.JMeterThread: Thread started: MainUserLoad 1-547
2026-03-25 09:07:29,993 INFO o.a.j.t.JMeterThread: Thread started: MainUserLoad 1-550
2026-03-25 09:07:30,020 INFO o.a.j.t.JMeterThread: Thread started: MainUserLoad 1-551
2026-03-25 09:07:30,051 INFO o.a.j.t.JMeterThread: Thread started: MainUserLoad 1-552
2026-03-25 09:07:30,075 INFO o.a.j.t.JMeterThread: Thread started: MainUserLoad 1-555
2026-03-25 09:07:30,080 INFO o.a.j.t.JMeterThread: Thread started: MainUserLoad 1-553
2026-03-25 09:07:30,110 INFO o.a.j.t.JMeterThread: Thread started: MainUserLoad 1-554
2026-03-25 09:07:30,173 INFO o.a.j.t.JMeterThread: Thread started: MainUserLoad 1-556
2026-03-25 09:07:30,202 INFO o.a.j.t.JMeterThread: Thread started: MainUserLoad 1-557
2026-03-25 09:07:30,233 INFO o.a.j.t.JMeterThread: Thread started: MainUserLoad 1-558
2026-03-25 09:07:30,294 INFO o.a.j.t.JMeterThread: Thread started: MainUserLoad 1-560
2026-03-25 09:07:30,352 INFO o.a.j.t.JMeterThread: Thread started: MainUserLoad 1-559
2026-03-25 09:07:30,355 INFO o.a.j.t.JMeterThread: Thread started: MainUserLoad 1-562
2026-03-25 09:07:30,384 INFO o.a.j.t.JMeterThread: Thread started: MainUserLoad 1-563
2026-03-25 09:07:30,409 INFO o.a.j.t.JMeterThread: Thread started: MainUserLoad 1-561
2026-03-25 09:07:30,412 INFO o.a.j.t.JMeterThread: Thread started: MainUserLoad 1-564
2026-03-25 09:07:30,441 INFO o.a.j.t.JMeterThread: Thread started: MainUserLoad 1-565
2026-03-25 09:07:30,471 INFO o.a.j.t.JMeterThread: Thread started: MainUserLoad 1-566
2026-03-25 09:07:30,501 INFO o.a.j.t.JMeterThread: Thread started: MainUserLoad 1-567
2026-03-25 09:07:30,532 INFO o.a.j.t.JMeterThread: Thread started: MainUserLoad 1-568
2026-03-25 09:07:30,559 INFO o.a.j.t.JMeterThread: Thread started: MainUserLoad 1-569
2026-03-25 09:07:30,590 INFO o.a.j.t.JMeterThread: Thread started: MainUserLoad 1-570
2026-03-25 09:07:30,654 INFO o.a.j.t.JMeterThread: Thread started: MainUserLoad 1-572
2026-03-25 09:07:30,684 INFO o.a.j.t.JMeterThread: Thread started: MainUserLoad 1-573
2026-03-25 09:07:30,708 INFO o.a.j.t.JMeterThread: Thread started: MainUserLoad 1-571
2026-03-25 09:07:30,714 INFO o.a.j.t.JMeterThread: Thread started: MainUserLoad 1-574
2026-03-25 09:07:30,743 INFO o.a.j.t.JMeterThread: Thread started: MainUserLoad 1-575
2026-03-25 09:07:30,772 INFO o.a.j.t.JMeterThread: Thread started: MainUserLoad 1-576
2026-03-25 09:07:30,801 INFO o.a.j.t.JMeterThread: Thread started: MainUserLoad 1-577
2026-03-25 09:07:30,830 INFO o.a.j.t.JMeterThread: Thread started: MainUserLoad 1-578
2026-03-25 09:07:30,860 INFO o.a.j.t.JMeterThread: Thread started: MainUserLoad 1-579
2026-03-25 09:07:30,891 INFO o.a.j.t.JMeterThread: Thread started: MainUserLoad 1-580
2026-03-25 09:07:30,921 INFO o.a.j.t.JMeterThread: Thread started: MainUserLoad 1-581
2026-03-25 09:07:30,952 INFO o.a.j.t.JMeterThread: Thread started: MainUserLoad 1-582
2026-03-25 09:07:30,984 INFO o.a.j.t.JMeterThread: Thread started: MainUserLoad 1-583
2026-03-25 09:07:31,040 INFO o.a.j.t.JMeterThread: Thread started: MainUserLoad 1-585
2026-03-25 09:07:31,070 INFO o.a.j.t.JMeterThread: Thread started: MainUserLoad 1-586
2026-03-25 09:07:31,099 INFO o.a.j.t.JMeterThread: Thread started: MainUserLoad 1-587
2026-03-25 09:07:31,099 INFO o.a.j.t.JMeterThread: Thread started: MainUserLoad 1-584
2026-03-25 09:07:31,128 INFO o.a.j.t.JMeterThread: Thread started: MainUserLoad 1-588
2026-03-25 09:07:31,160 INFO o.a.j.t.JMeterThread: Thread started: MainUserLoad 1-589
2026-03-25 09:07:31,188 INFO o.a.j.t.JMeterThread: Thread started: MainUserLoad 1-590
2026-03-25 09:07:31,249 INFO o.a.j.t.JMeterThread: Thread started: MainUserLoad 1-592
2026-03-25 09:07:31,278 INFO o.a.j.t.JMeterThread: Thread started: MainUserLoad 1-593
2026-03-25 09:07:31,309 INFO o.a.j.t.JMeterThread: Thread started: MainUserLoad 1-591
2026-03-25 09:07:31,309 INFO o.a.j.t.JMeterThread: Thread started: MainUserLoad 1-594
2026-03-25 09:07:31,338 INFO o.a.j.t.JMeterThread: Thread started: MainUserLoad 1-595
2026-03-25 09:07:31,398 INFO o.a.j.t.JMeterThread: Thread started: MainUserLoad 1-597
2026-03-25 09:07:31,428 INFO o.a.j.t.JMeterThread: Thread started: MainUserLoad 1-598
2026-03-25 09:07:31,457 INFO o.a.j.t.JMeterThread: Thread started: MainUserLoad 1-596
2026-03-25 09:07:31,458 INFO o.a.j.t.JMeterThread: Thread started: MainUserLoad 1-599
2026-03-25 09:07:31,488 INFO o.a.j.t.JMeterThread: Thread started: MainUserLoad 1-600
2026-03-25 09:07:31,514 INFO o.a.j.t.JMeterThread: Thread started: MainUserLoad 1-603
2026-03-25 09:07:31,519 INFO o.a.j.t.JMeterThread: Thread started: MainUserLoad 1-601
2026-03-25 09:07:31,549 INFO o.a.j.t.JMeterThread: Thread started: MainUserLoad 1-602
2026-03-25 09:07:31,612 INFO o.a.j.t.JMeterThread: Thread started: MainUserLoad 1-604
2026-03-25 09:07:31,644 INFO o.a.j.t.JMeterThread: Thread started: MainUserLoad 1-605
2026-03-25 09:07:31,709 INFO o.a.j.t.JMeterThread: Thread started: MainUserLoad 1-607
2026-03-25 09:07:31,741 INFO o.a.j.t.JMeterThread: Thread started: MainUserLoad 1-608
2026-03-25 09:07:31,757 INFO o.a.j.t.JMeterThread: Thread started: MainUserLoad 1-606
2026-03-25 09:07:31,773 INFO o.a.j.t.JMeterThread: Thread started: MainUserLoad 1-609
2026-03-25 09:07:31,801 INFO o.a.j.t.JMeterThread: Thread started: MainUserLoad 1-610
2026-03-25 09:07:31,832 INFO o.a.j.t.JMeterThread: Thread started: MainUserLoad 1-611
2026-03-25 09:07:31,842 INFO o.a.j.t.JMeterThread: Thread started: MainUserLoad 1-614
2026-03-25 09:07:31,859 INFO o.a.j.t.JMeterThread: Thread started: MainUserLoad 1-612
2026-03-25 09:07:31,889 INFO o.a.j.t.JMeterThread: Thread started: MainUserLoad 1-613
2026-03-25 09:07:31,950 INFO o.a.j.t.JMeterThread: Thread started: MainUserLoad 1-615
2026-03-25 09:07:31,980 INFO o.a.j.t.JMeterThread: Thread started: MainUserLoad 1-616
2026-03-25 09:07:32,009 INFO o.a.j.t.JMeterThread: Thread started: MainUserLoad 1-617
2026-03-25 09:07:32,040 INFO o.a.j.t.JMeterThread: Thread started: MainUserLoad 1-618
2026-03-25 09:07:32,070 INFO o.a.j.t.JMeterThread: Thread started: MainUserLoad 1-619
2026-03-25 09:07:32,103 INFO o.a.j.t.JMeterThread: Thread started: MainUserLoad 1-620
2026-03-25 09:07:32,128 INFO o.a.j.t.JMeterThread: Thread started: MainUserLoad 1-621
2026-03-25 09:07:32,158 INFO o.a.j.t.JMeterThread: Thread started: MainUserLoad 1-622
2026-03-25 09:07:32,218 INFO o.a.j.t.JMeterThread: Thread started: MainUserLoad 1-624
2026-03-25 09:07:32,241 INFO o.a.j.t.JMeterThread: Thread started: MainUserLoad 1-625
2026-03-25 09:07:32,262 INFO o.a.j.t.JMeterThread: Thread started: MainUserLoad 1-623
2026-03-25 09:07:32,273 INFO o.a.j.t.JMeterThread: Thread started: MainUserLoad 1-626
2026-03-25 09:07:32,305 INFO o.a.j.t.JMeterThread: Thread started: MainUserLoad 1-627
2026-03-25 09:07:32,332 INFO o.a.j.t.JMeterThread: Thread started: MainUserLoad 1-628
2026-03-25 09:07:32,364 INFO o.a.j.t.JMeterThread: Thread started: MainUserLoad 1-629
2026-03-25 09:07:32,398 INFO o.a.j.t.JMeterThread: Thread started: MainUserLoad 1-630
2026-03-25 09:07:32,429 INFO o.a.j.t.JMeterThread: Thread started: MainUserLoad 1-631
2026-03-25 09:07:32,446 INFO o.a.j.t.JMeterThread: Thread started: MainUserLoad 1-634
2026-03-25 09:07:32,463 INFO o.a.j.t.JMeterThread: Thread started: MainUserLoad 1-632
2026-03-25 09:07:32,501 INFO o.a.j.t.JMeterThread: Thread started: MainUserLoad 1-633
2026-03-25 09:07:32,555 INFO o.a.j.t.JMeterThread: Thread started: MainUserLoad 1-635
2026-03-25 09:07:32,585 INFO o.a.j.t.JMeterThread: Thread started: MainUserLoad 1-636
2026-03-25 09:07:32,595 INFO o.a.j.t.JMeterThread: Thread started: MainUserLoad 1-639
2026-03-25 09:07:32,616 INFO o.a.j.t.JMeterThread: Thread started: MainUserLoad 1-637
2026-03-25 09:07:32,647 INFO o.a.j.t.JMeterThread: Thread started: MainUserLoad 1-638
2026-03-25 09:07:32,709 INFO o.a.j.t.JMeterThread: Thread started: MainUserLoad 1-640
2026-03-25 09:07:32,737 INFO o.a.j.t.JMeterThread: Thread started: MainUserLoad 1-641
2026-03-25 09:07:32,767 INFO o.a.j.t.JMeterThread: Thread started: MainUserLoad 1-642
2026-03-25 09:07:32,793 INFO o.a.j.t.JMeterThread: Thread started: MainUserLoad 1-643
2026-03-25 09:07:32,825 INFO o.a.j.t.JMeterThread: Thread started: MainUserLoad 1-644
2026-03-25 09:07:32,883 INFO o.a.j.t.JMeterThread: Thread started: MainUserLoad 1-646
2026-03-25 09:07:32,913 INFO o.a.j.t.JMeterThread: Thread started: MainUserLoad 1-647
2026-03-25 09:07:32,921 INFO o.a.j.t.JMeterThread: Thread started: MainUserLoad 1-645
2026-03-25 09:07:32,943 INFO o.a.j.t.JMeterThread: Thread started: MainUserLoad 1-648
2026-03-25 09:07:32,973 INFO o.a.j.t.JMeterThread: Thread started: MainUserLoad 1-649
2026-03-25 09:07:33,004 INFO o.a.j.t.JMeterThread: Thread started: MainUserLoad 1-650
2026-03-25 09:07:33,034 INFO o.a.j.t.JMeterThread: Thread started: MainUserLoad 1-651
2026-03-25 09:07:33,066 INFO o.a.j.t.JMeterThread: Thread started: MainUserLoad 1-652
2026-03-25 09:07:33,095 INFO o.a.j.t.JMeterThread: Thread started: MainUserLoad 1-653
2026-03-25 09:07:33,128 INFO o.a.j.t.JMeterThread: Thread started: MainUserLoad 1-654
2026-03-25 09:07:33,187 INFO o.a.j.t.JMeterThread: Thread started: MainUserLoad 1-656
2026-03-25 09:07:33,220 INFO o.a.j.t.JMeterThread: Thread started: MainUserLoad 1-657
2026-03-25 09:07:33,220 INFO o.a.j.t.JMeterThread: Thread started: MainUserLoad 1-655
2026-03-25 09:07:33,250 INFO o.a.j.t.JMeterThread: Thread started: MainUserLoad 1-658
2026-03-25 09:07:33,280 INFO o.a.j.t.JMeterThread: Thread started: MainUserLoad 1-659
2026-03-25 09:07:33,284 INFO o.a.j.t.JMeterThread: Thread started: MainUserLoad 1-662
2026-03-25 09:07:33,311 INFO o.a.j.t.JMeterThread: Thread started: MainUserLoad 1-660
2026-03-25 09:07:33,340 INFO o.a.j.t.JMeterThread: Thread started: MainUserLoad 1-661
2026-03-25 09:07:33,344 INFO o.a.j.t.JMeterThread: Thread started: MainUserLoad 1-664
2026-03-25 09:07:33,402 INFO o.a.j.t.JMeterThread: Thread started: MainUserLoad 1-663
2026-03-25 09:07:33,462 INFO o.a.j.t.JMeterThread: Thread started: MainUserLoad 1-665
2026-03-25 09:07:33,491 INFO o.a.j.t.JMeterThread: Thread started: MainUserLoad 1-666
2026-03-25 09:07:33,521 INFO o.a.j.t.JMeterThread: Thread started: MainUserLoad 1-667
2026-03-25 09:07:33,552 INFO o.a.j.t.JMeterThread: Thread started: MainUserLoad 1-668
2026-03-25 09:07:33,580 INFO o.a.j.t.JMeterThread: Thread started: MainUserLoad 1-669
2026-03-25 09:07:33,641 INFO o.a.j.t.JMeterThread: Thread started: MainUserLoad 1-671
2026-03-25 09:07:33,645 INFO o.a.j.t.JMeterThread: Thread started: MainUserLoad 1-674
2026-03-25 09:07:33,669 INFO o.a.j.t.JMeterThread: Thread started: MainUserLoad 1-670
2026-03-25 09:07:33,671 INFO o.a.j.t.JMeterThread: Thread started: MainUserLoad 1-672
2026-03-25 09:07:33,701 INFO o.a.j.t.JMeterThread: Thread started: MainUserLoad 1-673
2026-03-25 09:07:33,763 INFO o.a.j.t.JMeterThread: Thread started: MainUserLoad 1-675
2026-03-25 09:07:33,792 INFO o.a.j.t.JMeterThread: Thread started: MainUserLoad 1-676
2026-03-25 09:07:33,821 INFO o.a.j.t.JMeterThread: Thread started: MainUserLoad 1-677
2026-03-25 09:07:33,851 INFO o.a.j.t.JMeterThread: Thread started: MainUserLoad 1-678
2026-03-25 09:07:33,882 INFO o.a.j.t.JMeterThread: Thread started: MainUserLoad 1-679
2026-03-25 09:07:33,913 INFO o.a.j.t.JMeterThread: Thread started: MainUserLoad 1-680
2026-03-25 09:07:33,915 INFO o.a.j.t.JMeterThread: Thread started: MainUserLoad 1-683
2026-03-25 09:07:33,942 INFO o.a.j.t.JMeterThread: Thread started: MainUserLoad 1-681
2026-03-25 09:07:33,973 INFO o.a.j.t.JMeterThread: Thread started: MainUserLoad 1-682
2026-03-25 09:07:34,032 INFO o.a.j.t.JMeterThread: Thread started: MainUserLoad 1-684
2026-03-25 09:07:34,063 INFO o.a.j.t.JMeterThread: Thread started: MainUserLoad 1-685
2026-03-25 09:07:34,092 INFO o.a.j.t.JMeterThread: Thread started: MainUserLoad 1-686
2026-03-25 09:07:34,123 INFO o.a.j.t.JMeterThread: Thread started: MainUserLoad 1-687
2026-03-25 09:07:34,152 INFO o.a.j.t.JMeterThread: Thread started: MainUserLoad 1-688
2026-03-25 09:07:34,182 INFO o.a.j.t.JMeterThread: Thread started: MainUserLoad 1-689
2026-03-25 09:07:34,211 INFO o.a.j.t.JMeterThread: Thread started: MainUserLoad 1-690
2026-03-25 09:07:34,241 INFO o.a.j.t.JMeterThread: Thread started: MainUserLoad 1-691
2026-03-25 09:07:34,303 INFO o.a.j.t.JMeterThread: Thread started: MainUserLoad 1-693
2026-03-25 09:07:34,327 INFO o.a.j.t.JMeterThread: Thread started: MainUserLoad 1-692
2026-03-25 09:07:34,333 INFO o.a.j.t.JMeterThread: Thread started: MainUserLoad 1-694
2026-03-25 09:07:34,362 INFO o.a.j.t.JMeterThread: Thread started: MainUserLoad 1-695
2026-03-25 09:07:34,422 INFO o.a.j.t.JMeterThread: Thread started: MainUserLoad 1-697
2026-03-25 09:07:34,449 INFO o.a.j.t.JMeterThread: Thread started: MainUserLoad 1-696
2026-03-25 09:07:34,453 INFO o.a.j.t.JMeterThread: Thread started: MainUserLoad 1-698
2026-03-25 09:07:34,481 INFO o.a.j.t.JMeterThread: Thread started: MainUserLoad 1-699
2026-03-25 09:07:34,513 INFO o.a.j.t.JMeterThread: Thread started: MainUserLoad 1-700
2026-03-25 09:07:34,542 INFO o.a.j.t.JMeterThread: Thread started: MainUserLoad 1-701
2026-03-25 09:07:34,571 INFO o.a.j.t.JMeterThread: Thread started: MainUserLoad 1-702
2026-03-25 09:07:34,601 INFO o.a.j.t.JMeterThread: Thread started: MainUserLoad 1-703
2026-03-25 09:07:34,632 INFO o.a.j.t.JMeterThread: Thread started: MainUserLoad 1-704
2026-03-25 09:07:34,661 INFO o.a.j.t.JMeterThread: Thread started: MainUserLoad 1-705
2026-03-25 09:07:34,693 INFO o.a.j.t.JMeterThread: Thread started: MainUserLoad 1-706
2026-03-25 09:07:34,721 INFO o.a.j.t.JMeterThread: Thread started: MainUserLoad 1-707
2026-03-25 09:07:34,751 INFO o.a.j.t.JMeterThread: Thread started: MainUserLoad 1-708
2026-03-25 09:07:34,754 INFO o.a.j.t.JMeterThread: Thread started: MainUserLoad 1-711
2026-03-25 09:07:34,779 INFO o.a.j.t.JMeterThread: Thread started: MainUserLoad 1-709
2026-03-25 09:07:34,810 INFO o.a.j.t.JMeterThread: Thread started: MainUserLoad 1-710
2026-03-25 09:07:34,871 INFO o.a.j.t.JMeterThread: Thread started: MainUserLoad 1-712
2026-03-25 09:07:34,901 INFO o.a.j.t.JMeterThread: Thread started: MainUserLoad 1-713
2026-03-25 09:07:34,932 INFO o.a.j.t.JMeterThread: Thread started: MainUserLoad 1-714
2026-03-25 09:07:34,962 INFO o.a.j.t.JMeterThread: Thread started: MainUserLoad 1-715
2026-03-25 09:07:34,991 INFO o.a.j.t.JMeterThread: Thread started: MainUserLoad 1-716
2026-03-25 09:07:35,022 INFO o.a.j.t.JMeterThread: Thread started: MainUserLoad 1-717
2026-03-25 09:07:35,051 INFO o.a.j.t.JMeterThread: Thread started: MainUserLoad 1-718
2026-03-25 09:07:35,079 INFO o.a.j.t.JMeterThread: Thread started: MainUserLoad 1-719
2026-03-25 09:07:35,110 INFO o.a.j.t.JMeterThread: Thread started: MainUserLoad 1-720
2026-03-25 09:07:35,140 INFO o.a.j.t.JMeterThread: Thread started: MainUserLoad 1-721
2026-03-25 09:07:35,171 INFO o.a.j.t.JMeterThread: Thread started: MainUserLoad 1-722
2026-03-25 09:07:35,175 INFO o.a.j.t.JMeterThread: Thread started: MainUserLoad 1-725
2026-03-25 09:07:35,200 INFO o.a.j.t.JMeterThread: Thread started: MainUserLoad 1-723
2026-03-25 09:07:35,229 INFO o.a.j.t.JMeterThread: Thread started: MainUserLoad 1-724
2026-03-25 09:07:35,291 INFO o.a.j.t.JMeterThread: Thread started: MainUserLoad 1-726
2026-03-25 09:07:35,319 INFO o.a.j.t.JMeterThread: Thread started: MainUserLoad 1-727
2026-03-25 09:07:35,349 INFO o.a.j.t.JMeterThread: Thread started: MainUserLoad 1-728
2026-03-25 09:07:35,379 INFO o.a.j.t.JMeterThread: Thread started: MainUserLoad 1-729
2026-03-25 09:07:35,409 INFO o.a.j.t.JMeterThread: Thread started: MainUserLoad 1-730
2026-03-25 09:07:35,439 INFO o.a.j.t.JMeterThread: Thread started: MainUserLoad 1-731
2026-03-25 09:07:35,500 INFO o.a.j.t.JMeterThread: Thread started: MainUserLoad 1-732
2026-03-25 09:07:35,500 INFO o.a.j.t.JMeterThread: Thread started: MainUserLoad 1-733
2026-03-25 09:07:35,529 INFO o.a.j.t.JMeterThread: Thread started: MainUserLoad 1-734
2026-03-25 09:07:35,558 INFO o.a.j.t.JMeterThread: Thread started: MainUserLoad 1-735
2026-03-25 09:07:35,589 INFO o.a.j.t.JMeterThread: Thread started: MainUserLoad 1-736
2026-03-25 09:07:35,620 INFO o.a.j.t.JMeterThread: Thread started: MainUserLoad 1-737
2026-03-25 09:07:35,650 INFO o.a.j.t.JMeterThread: Thread started: MainUserLoad 1-738
2026-03-25 09:07:35,679 INFO o.a.j.t.JMeterThread: Thread started: MainUserLoad 1-739
2026-03-25 09:07:35,712 INFO o.a.j.t.JMeterThread: Thread started: MainUserLoad 1-740
2026-03-25 09:07:35,714 INFO o.a.j.t.JMeterThread: Thread started: MainUserLoad 1-743
2026-03-25 09:07:35,739 INFO o.a.j.t.JMeterThread: Thread started: MainUserLoad 1-741
2026-03-25 09:07:35,770 INFO o.a.j.t.JMeterThread: Thread started: MainUserLoad 1-742
2026-03-25 09:07:35,829 INFO o.a.j.t.JMeterThread: Thread started: MainUserLoad 1-744
2026-03-25 09:07:35,833 INFO o.a.j.t.JMeterThread: Thread started: MainUserLoad 1-747
2026-03-25 09:07:35,859 INFO o.a.j.t.JMeterThread: Thread started: MainUserLoad 1-745
2026-03-25 09:07:35,888 INFO o.a.j.t.JMeterThread: Thread started: MainUserLoad 1-746
2026-03-25 09:07:35,948 INFO o.a.j.t.JMeterThread: Thread started: MainUserLoad 1-748
2026-03-25 09:07:35,978 INFO o.a.j.t.JMeterThread: Thread started: MainUserLoad 1-749
2026-03-25 09:07:36,008 INFO o.a.j.t.JMeterThread: Thread started: MainUserLoad 1-750
2026-03-25 09:07:36,040 INFO o.a.j.t.JMeterThread: Thread started: MainUserLoad 1-751
2026-03-25 09:07:36,080 INFO o.a.j.t.JMeterThread: Thread started: MainUserLoad 1-752
2026-03-25 09:07:36,099 INFO o.a.j.t.JMeterThread: Thread started: MainUserLoad 1-753
2026-03-25 09:07:36,129 INFO o.a.j.t.JMeterThread: Thread started: MainUserLoad 1-754
2026-03-25 09:07:36,158 INFO o.a.j.t.JMeterThread: Thread started: MainUserLoad 1-755
2026-03-25 09:07:36,190 INFO o.a.j.t.JMeterThread: Thread started: MainUserLoad 1-756
2026-03-25 09:07:36,219 INFO o.a.j.t.JMeterThread: Thread started: MainUserLoad 1-757
2026-03-25 09:07:36,247 INFO o.a.j.t.JMeterThread: Thread started: MainUserLoad 1-758
2026-03-25 09:07:36,255 INFO o.a.j.t.JMeterThread: Thread started: MainUserLoad 1-761
2026-03-25 09:07:36,277 INFO o.a.j.t.JMeterThread: Thread started: MainUserLoad 1-759
2026-03-25 09:07:36,308 INFO o.a.j.t.JMeterThread: Thread started: MainUserLoad 1-760
2026-03-25 09:07:36,367 INFO o.a.j.t.JMeterThread: Thread started: MainUserLoad 1-762
2026-03-25 09:07:36,399 INFO o.a.j.t.JMeterThread: Thread started: MainUserLoad 1-763
2026-03-25 09:07:36,428 INFO o.a.j.t.JMeterThread: Thread started: MainUserLoad 1-764
2026-03-25 09:07:36,459 INFO o.a.j.t.JMeterThread: Thread started: MainUserLoad 1-765
2026-03-25 09:07:36,489 INFO o.a.j.t.JMeterThread: Thread started: MainUserLoad 1-766
2026-03-25 09:07:36,516 INFO o.a.j.t.JMeterThread: Thread started: MainUserLoad 1-767
2026-03-25 09:07:36,546 INFO o.a.j.t.JMeterThread: Thread started: MainUserLoad 1-768
2026-03-25 09:07:36,577 INFO o.a.j.t.JMeterThread: Thread started: MainUserLoad 1-769
2026-03-25 09:07:36,607 INFO o.a.j.t.JMeterThread: Thread started: MainUserLoad 1-770
2026-03-25 09:07:36,637 INFO o.a.j.t.JMeterThread: Thread started: MainUserLoad 1-771
2026-03-25 09:07:36,665 INFO o.a.j.t.JMeterThread: Thread started: MainUserLoad 1-772
2026-03-25 09:07:36,695 INFO o.a.j.t.JMeterThread: Thread started: MainUserLoad 1-773
2026-03-25 09:07:36,725 INFO o.a.j.t.JMeterThread: Thread started: MainUserLoad 1-774
2026-03-25 09:07:36,758 INFO o.a.j.t.JMeterThread: Thread started: MainUserLoad 1-775
2026-03-25 09:07:36,789 INFO o.a.j.t.JMeterThread: Thread started: MainUserLoad 1-776
2026-03-25 09:07:36,819 INFO o.a.j.t.JMeterThread: Thread started: MainUserLoad 1-777
2026-03-25 09:07:36,849 INFO o.a.j.t.JMeterThread: Thread started: MainUserLoad 1-778
2026-03-25 09:07:36,878 INFO o.a.j.t.JMeterThread: Thread started: MainUserLoad 1-779
2026-03-25 09:07:36,908 INFO o.a.j.t.JMeterThread: Thread started: MainUserLoad 1-780
2026-03-25 09:07:36,938 INFO o.a.j.t.JMeterThread: Thread started: MainUserLoad 1-781
2026-03-25 09:07:36,968 INFO o.a.j.t.JMeterThread: Thread started: MainUserLoad 1-782
2026-03-25 09:07:36,998 INFO o.a.j.t.JMeterThread: Thread started: MainUserLoad 1-783
2026-03-25 09:07:37,030 INFO o.a.j.t.JMeterThread: Thread started: MainUserLoad 1-784
2026-03-25 09:07:37,058 INFO o.a.j.t.JMeterThread: Thread started: MainUserLoad 1-785
2026-03-25 09:07:37,091 INFO o.a.j.t.JMeterThread: Thread started: MainUserLoad 1-786
2026-03-25 09:07:37,120 INFO o.a.j.t.JMeterThread: Thread started: MainUserLoad 1-787
2026-03-25 09:07:37,153 INFO o.a.j.t.JMeterThread: Thread started: MainUserLoad 1-788
2026-03-25 09:07:37,153 INFO o.a.j.t.JMeterThread: Thread started: MainUserLoad 1-791
2026-03-25 09:07:37,180 INFO o.a.j.t.JMeterThread: Thread started: MainUserLoad 1-789
2026-03-25 09:07:37,210 INFO o.a.j.t.JMeterThread: Thread started: MainUserLoad 1-790
2026-03-25 09:07:37,271 INFO o.a.j.t.JMeterThread: Thread started: MainUserLoad 1-792
2026-03-25 09:07:37,302 INFO o.a.j.t.JMeterThread: Thread started: MainUserLoad 1-793
2026-03-25 09:07:37,332 INFO o.a.j.t.JMeterThread: Thread started: MainUserLoad 1-794
2026-03-25 09:07:37,362 INFO o.a.j.t.JMeterThread: Thread started: MainUserLoad 1-795
2026-03-25 09:07:37,391 INFO o.a.j.t.JMeterThread: Thread started: MainUserLoad 1-796
2026-03-25 09:07:37,422 INFO o.a.j.t.JMeterThread: Thread started: MainUserLoad 1-797
2026-03-25 09:07:37,451 INFO o.a.j.t.JMeterThread: Thread started: MainUserLoad 1-798
2026-03-25 09:07:37,453 INFO o.a.j.t.JMeterThread: Thread started: MainUserLoad 1-801
2026-03-25 09:07:37,481 INFO o.a.j.t.JMeterThread: Thread started: MainUserLoad 1-799
2026-03-25 09:07:37,512 INFO o.a.j.t.JMeterThread: Thread started: MainUserLoad 1-800
2026-03-25 09:07:37,571 INFO o.a.j.t.JMeterThread: Thread started: MainUserLoad 1-802
2026-03-25 09:07:37,573 INFO o.a.j.t.JMeterThread: Thread started: MainUserLoad 1-805
2026-03-25 09:07:37,602 INFO o.a.j.t.JMeterThread: Thread started: MainUserLoad 1-803
2026-03-25 09:07:37,631 INFO o.a.j.t.JMeterThread: Thread started: MainUserLoad 1-804
2026-03-25 09:07:37,693 INFO o.a.j.t.JMeterThread: Thread started: MainUserLoad 1-806
2026-03-25 09:07:37,721 INFO o.a.j.t.JMeterThread: Thread started: MainUserLoad 1-807
2026-03-25 09:07:37,752 INFO o.a.j.t.JMeterThread: Thread started: MainUserLoad 1-808
2026-03-25 09:07:37,782 INFO o.a.j.t.JMeterThread: Thread started: MainUserLoad 1-809
2026-03-25 09:07:37,811 INFO o.a.j.t.JMeterThread: Thread started: MainUserLoad 1-810
2026-03-25 09:07:37,842 INFO o.a.j.t.JMeterThread: Thread started: MainUserLoad 1-811
2026-03-25 09:07:37,876 INFO o.a.j.t.JMeterThread: Thread started: MainUserLoad 1-812
2026-03-25 09:07:37,901 INFO o.a.j.t.JMeterThread: Thread started: MainUserLoad 1-813
2026-03-25 09:07:37,932 INFO o.a.j.t.JMeterThread: Thread started: MainUserLoad 1-814
2026-03-25 09:07:37,961 INFO o.a.j.t.JMeterThread: Thread started: MainUserLoad 1-815
2026-03-25 09:07:37,992 INFO o.a.j.t.JMeterThread: Thread started: MainUserLoad 1-816
2026-03-25 09:07:38,021 INFO o.a.j.t.JMeterThread: Thread started: MainUserLoad 1-817
2026-03-25 09:07:38,052 INFO o.a.j.t.JMeterThread: Thread started: MainUserLoad 1-818
2026-03-25 09:07:38,079 INFO o.a.j.t.JMeterThread: Thread started: MainUserLoad 1-819
2026-03-25 09:07:38,108 INFO o.a.j.t.JMeterThread: Thread started: MainUserLoad 1-820
2026-03-25 09:07:38,117 INFO o.a.j.t.JMeterThread: Thread started: MainUserLoad 1-823
2026-03-25 09:07:38,137 INFO o.a.j.t.JMeterThread: Thread started: MainUserLoad 1-821
2026-03-25 09:07:38,167 INFO o.a.j.t.JMeterThread: Thread started: MainUserLoad 1-822
2026-03-25 09:07:38,226 INFO o.a.j.t.JMeterThread: Thread started: MainUserLoad 1-824
2026-03-25 09:07:38,258 INFO o.a.j.t.JMeterThread: Thread started: MainUserLoad 1-825
2026-03-25 09:07:38,286 INFO o.a.j.t.JMeterThread: Thread started: MainUserLoad 1-826
2026-03-25 09:07:38,315 INFO o.a.j.t.JMeterThread: Thread started: MainUserLoad 1-827
2026-03-25 09:07:38,345 INFO o.a.j.t.JMeterThread: Thread started: MainUserLoad 1-828
2026-03-25 09:07:38,374 INFO o.a.j.t.JMeterThread: Thread started: MainUserLoad 1-829
2026-03-25 09:07:38,404 INFO o.a.j.t.JMeterThread: Thread started: MainUserLoad 1-830
2026-03-25 09:07:38,433 INFO o.a.j.t.JMeterThread: Thread started: MainUserLoad 1-831
2026-03-25 09:07:38,465 INFO o.a.j.t.JMeterThread: Thread started: MainUserLoad 1-832
2026-03-25 09:07:38,492 INFO o.a.j.t.JMeterThread: Thread started: MainUserLoad 1-833
2026-03-25 09:07:38,522 INFO o.a.j.t.JMeterThread: Thread started: MainUserLoad 1-834
2026-03-25 09:07:38,554 INFO o.a.j.t.JMeterThread: Thread started: MainUserLoad 1-835
2026-03-25 09:07:38,584 INFO o.a.j.t.JMeterThread: Thread started: MainUserLoad 1-836
2026-03-25 09:07:38,615 INFO o.a.j.t.JMeterThread: Thread started: MainUserLoad 1-837
2026-03-25 09:07:38,645 INFO o.a.j.t.JMeterThread: Thread started: MainUserLoad 1-838
2026-03-25 09:07:38,674 INFO o.a.j.t.JMeterThread: Thread started: MainUserLoad 1-839
2026-03-25 09:07:38,703 INFO o.a.j.t.JMeterThread: Thread started: MainUserLoad 1-840
2026-03-25 09:07:38,731 INFO o.a.j.t.JMeterThread: Thread started: MainUserLoad 1-841
2026-03-25 09:07:38,762 INFO o.a.j.t.JMeterThread: Thread started: MainUserLoad 1-842
2026-03-25 09:07:38,792 INFO o.a.j.t.JMeterThread: Thread started: MainUserLoad 1-843
2026-03-25 09:07:38,822 INFO o.a.j.t.JMeterThread: Thread started: MainUserLoad 1-844
2026-03-25 09:07:38,853 INFO o.a.j.t.JMeterThread: Thread started: MainUserLoad 1-845
2026-03-25 09:07:38,882 INFO o.a.j.t.JMeterThread: Thread started: MainUserLoad 1-846
2026-03-25 09:07:38,915 INFO o.a.j.t.JMeterThread: Thread started: MainUserLoad 1-847
2026-03-25 09:07:38,943 INFO o.a.j.t.JMeterThread: Thread started: MainUserLoad 1-848
2026-03-25 09:07:38,973 INFO o.a.j.t.JMeterThread: Thread started: MainUserLoad 1-849
2026-03-25 09:07:39,003 INFO o.a.j.t.JMeterThread: Thread started: MainUserLoad 1-850
2026-03-25 09:07:39,034 INFO o.a.j.t.JMeterThread: Thread started: MainUserLoad 1-851
2026-03-25 09:07:39,063 INFO o.a.j.t.JMeterThread: Thread started: MainUserLoad 1-852
2026-03-25 09:07:39,073 INFO o.a.j.t.JMeterThread: Thread started: MainUserLoad 1-855
2026-03-25 09:07:39,092 INFO o.a.j.t.JMeterThread: Thread started: MainUserLoad 1-853
2026-03-25 09:07:39,123 INFO o.a.j.t.JMeterThread: Thread started: MainUserLoad 1-854
2026-03-25 09:07:39,183 INFO o.a.j.t.JMeterThread: Thread started: MainUserLoad 1-856
2026-03-25 09:07:39,216 INFO o.a.j.t.JMeterThread: Thread started: MainUserLoad 1-857
2026-03-25 09:07:39,243 INFO o.a.j.t.JMeterThread: Thread started: MainUserLoad 1-858
2026-03-25 09:07:39,274 INFO o.a.j.t.JMeterThread: Thread started: MainUserLoad 1-859
2026-03-25 09:07:39,301 INFO o.a.j.t.JMeterThread: Thread started: MainUserLoad 1-860
2026-03-25 09:07:39,332 INFO o.a.j.t.JMeterThread: Thread started: MainUserLoad 1-861
2026-03-25 09:07:39,362 INFO o.a.j.t.JMeterThread: Thread started: MainUserLoad 1-862
2026-03-25 09:07:39,392 INFO o.a.j.t.JMeterThread: Thread started: MainUserLoad 1-863
2026-03-25 09:07:39,421 INFO o.a.j.t.JMeterThread: Thread started: MainUserLoad 1-864
2026-03-25 09:07:39,451 INFO o.a.j.t.JMeterThread: Thread started: MainUserLoad 1-865
2026-03-25 09:07:39,480 INFO o.a.j.t.JMeterThread: Thread started: MainUserLoad 1-866
2026-03-25 09:07:39,510 INFO o.a.j.t.JMeterThread: Thread started: MainUserLoad 1-867
2026-03-25 09:07:39,539 INFO o.a.j.t.JMeterThread: Thread started: MainUserLoad 1-868
2026-03-25 09:07:39,570 INFO o.a.j.t.JMeterThread: Thread started: MainUserLoad 1-869
2026-03-25 09:07:39,599 INFO o.a.j.t.JMeterThread: Thread started: MainUserLoad 1-870
2026-03-25 09:07:39,637 INFO o.a.j.t.JMeterThread: Thread started: MainUserLoad 1-871
2026-03-25 09:07:39,661 INFO o.a.j.t.JMeterThread: Thread started: MainUserLoad 1-872
2026-03-25 09:07:39,692 INFO o.a.j.t.JMeterThread: Thread started: MainUserLoad 1-873
2026-03-25 09:07:39,722 INFO o.a.j.t.JMeterThread: Thread started: MainUserLoad 1-874
2026-03-25 09:07:39,749 INFO o.a.j.t.JMeterThread: Thread started: MainUserLoad 1-875
2026-03-25 09:07:39,779 INFO o.a.j.t.JMeterThread: Thread started: MainUserLoad 1-876
2026-03-25 09:07:39,809 INFO o.a.j.t.JMeterThread: Thread started: MainUserLoad 1-877
2026-03-25 09:07:39,839 INFO o.a.j.t.JMeterThread: Thread started: MainUserLoad 1-878
2026-03-25 09:07:39,869 INFO o.a.j.t.JMeterThread: Thread started: MainUserLoad 1-879
2026-03-25 09:07:39,897 INFO o.a.j.t.JMeterThread: Thread started: MainUserLoad 1-880
2026-03-25 09:07:39,929 INFO o.a.j.t.JMeterThread: Thread started: MainUserLoad 1-881
2026-03-25 09:07:39,959 INFO o.a.j.t.JMeterThread: Thread started: MainUserLoad 1-882
2026-03-25 09:07:39,989 INFO o.a.j.t.JMeterThread: Thread started: MainUserLoad 1-883
2026-03-25 09:07:40,017 INFO o.a.j.t.JMeterThread: Thread started: MainUserLoad 1-884
2026-03-25 09:07:40,048 INFO o.a.j.t.JMeterThread: Thread started: MainUserLoad 1-885
2026-03-25 09:07:40,079 INFO o.a.j.t.JMeterThread: Thread started: MainUserLoad 1-886
2026-03-25 09:07:40,107 INFO o.a.j.t.JMeterThread: Thread started: MainUserLoad 1-887
2026-03-25 09:07:40,138 INFO o.a.j.t.JMeterThread: Thread started: MainUserLoad 1-888
2026-03-25 09:07:40,168 INFO o.a.j.t.JMeterThread: Thread started: MainUserLoad 1-889
2026-03-25 09:07:40,197 INFO o.a.j.t.JMeterThread: Thread started: MainUserLoad 1-890
2026-03-25 09:07:40,227 INFO o.a.j.t.JMeterThread: Thread started: MainUserLoad 1-891
2026-03-25 09:07:40,255 INFO o.a.j.t.JMeterThread: Thread started: MainUserLoad 1-892
2026-03-25 09:07:40,286 INFO o.a.j.t.JMeterThread: Thread started: MainUserLoad 1-893
2026-03-25 09:07:40,313 INFO o.a.j.t.JMeterThread: Thread started: MainUserLoad 1-894
2026-03-25 09:07:40,344 INFO o.a.j.t.JMeterThread: Thread started: MainUserLoad 1-895
2026-03-25 09:07:40,375 INFO o.a.j.t.JMeterThread: Thread started: MainUserLoad 1-896
2026-03-25 09:07:40,405 INFO o.a.j.t.JMeterThread: Thread started: MainUserLoad 1-897
2026-03-25 09:07:40,436 INFO o.a.j.t.JMeterThread: Thread started: MainUserLoad 1-898
2026-03-25 09:07:40,465 INFO o.a.j.t.JMeterThread: Thread started: MainUserLoad 1-899
2026-03-25 09:07:40,493 INFO o.a.j.t.JMeterThread: Thread started: MainUserLoad 1-900
2026-03-25 09:07:40,523 INFO o.a.j.t.JMeterThread: Thread started: MainUserLoad 1-901
2026-03-25 09:07:40,554 INFO o.a.j.t.JMeterThread: Thread started: MainUserLoad 1-902
2026-03-25 09:07:40,583 INFO o.a.j.t.JMeterThread: Thread started: MainUserLoad 1-903
2026-03-25 09:07:40,613 INFO o.a.j.t.JMeterThread: Thread started: MainUserLoad 1-904
2026-03-25 09:07:40,643 INFO o.a.j.t.JMeterThread: Thread started: MainUserLoad 1-905
2026-03-25 09:07:40,672 INFO o.a.j.t.JMeterThread: Thread started: MainUserLoad 1-906
2026-03-25 09:07:40,704 INFO o.a.j.t.JMeterThread: Thread started: MainUserLoad 1-907
2026-03-25 09:07:40,732 INFO o.a.j.t.JMeterThread: Thread started: MainUserLoad 1-908
2026-03-25 09:07:40,762 INFO o.a.j.t.JMeterThread: Thread started: MainUserLoad 1-909
2026-03-25 09:07:40,793 INFO o.a.j.t.JMeterThread: Thread started: MainUserLoad 1-910
2026-03-25 09:07:40,822 INFO o.a.j.t.JMeterThread: Thread started: MainUserLoad 1-911
2026-03-25 09:07:40,843 INFO o.a.j.t.JMeterThread: Thread started: MainUserLoad 1-914
2026-03-25 09:07:40,852 INFO o.a.j.t.JMeterThread: Thread started: MainUserLoad 1-912
2026-03-25 09:07:40,881 INFO o.a.j.t.JMeterThread: Thread started: MainUserLoad 1-913
2026-03-25 09:07:40,941 INFO o.a.j.t.JMeterThread: Thread started: MainUserLoad 1-915
2026-03-25 09:07:40,972 INFO o.a.j.t.JMeterThread: Thread started: MainUserLoad 1-916
2026-03-25 09:07:41,001 INFO o.a.j.t.JMeterThread: Thread started: MainUserLoad 1-917
2026-03-25 09:07:41,030 INFO o.a.j.t.JMeterThread: Thread started: MainUserLoad 1-918
2026-03-25 09:07:41,067 INFO o.a.j.t.JMeterThread: Thread started: MainUserLoad 1-919
2026-03-25 09:07:41,099 INFO o.a.j.t.JMeterThread: Thread started: MainUserLoad 1-920
2026-03-25 09:07:41,121 INFO o.a.j.t.JMeterThread: Thread started: MainUserLoad 1-921
2026-03-25 09:07:41,149 INFO o.a.j.t.JMeterThread: Thread started: MainUserLoad 1-922
2026-03-25 09:07:41,182 INFO o.a.j.t.JMeterThread: Thread started: MainUserLoad 1-923
2026-03-25 09:07:41,211 INFO o.a.j.t.JMeterThread: Thread started: MainUserLoad 1-924
2026-03-25 09:07:41,242 INFO o.a.j.t.JMeterThread: Thread started: MainUserLoad 1-925
2026-03-25 09:07:41,271 INFO o.a.j.t.JMeterThread: Thread started: MainUserLoad 1-926
2026-03-25 09:07:41,302 INFO o.a.j.t.JMeterThread: Thread started: MainUserLoad 1-927
2026-03-25 09:07:41,330 INFO o.a.j.t.JMeterThread: Thread started: MainUserLoad 1-928
2026-03-25 09:07:41,361 INFO o.a.j.t.JMeterThread: Thread started: MainUserLoad 1-929
2026-03-25 09:07:41,390 INFO o.a.j.t.JMeterThread: Thread started: MainUserLoad 1-930
2026-03-25 09:07:41,419 INFO o.a.j.t.JMeterThread: Thread started: MainUserLoad 1-931
2026-03-25 09:07:41,451 INFO o.a.j.t.JMeterThread: Thread started: MainUserLoad 1-932
2026-03-25 09:07:41,475 INFO o.a.j.t.JMeterThread: Thread started: MainUserLoad 1-935
2026-03-25 09:07:41,483 INFO o.a.j.t.JMeterThread: Thread started: MainUserLoad 1-933
2026-03-25 09:07:41,509 INFO o.a.j.t.JMeterThread: Thread started: MainUserLoad 1-934
2026-03-25 09:07:41,565 INFO o.a.j.t.JMeterThread: Thread started: MainUserLoad 1-936
2026-03-25 09:07:41,596 INFO o.a.j.t.JMeterThread: Thread started: MainUserLoad 1-937
2026-03-25 09:07:41,625 INFO o.a.j.t.JMeterThread: Thread started: MainUserLoad 1-938
2026-03-25 09:07:41,655 INFO o.a.j.t.JMeterThread: Thread started: MainUserLoad 1-939
2026-03-25 09:07:41,684 INFO o.a.j.t.JMeterThread: Thread started: MainUserLoad 1-940
2026-03-25 09:07:41,712 INFO o.a.j.t.JMeterThread: Thread started: MainUserLoad 1-941
2026-03-25 09:07:41,743 INFO o.a.j.t.JMeterThread: Thread started: MainUserLoad 1-942
2026-03-25 09:07:41,773 INFO o.a.j.t.JMeterThread: Thread started: MainUserLoad 1-943
2026-03-25 09:07:41,803 INFO o.a.j.t.JMeterThread: Thread started: MainUserLoad 1-944
2026-03-25 09:07:41,833 INFO o.a.j.t.JMeterThread: Thread started: MainUserLoad 1-945
2026-03-25 09:07:41,862 INFO o.a.j.t.JMeterThread: Thread started: MainUserLoad 1-946
2026-03-25 09:07:41,891 INFO o.a.j.t.JMeterThread: Thread started: MainUserLoad 1-947
2026-03-25 09:07:41,920 INFO o.a.j.t.JMeterThread: Thread started: MainUserLoad 1-948
2026-03-25 09:07:41,951 INFO o.a.j.t.JMeterThread: Thread started: MainUserLoad 1-949
2026-03-25 09:07:41,981 INFO o.a.j.t.JMeterThread: Thread started: MainUserLoad 1-950
2026-03-25 09:07:42,011 INFO o.a.j.t.JMeterThread: Thread started: MainUserLoad 1-951
2026-03-25 09:07:42,042 INFO o.a.j.t.JMeterThread: Thread started: MainUserLoad 1-952
2026-03-25 09:07:42,070 INFO o.a.j.t.JMeterThread: Thread started: MainUserLoad 1-953
2026-03-25 09:07:42,099 INFO o.a.j.t.JMeterThread: Thread started: MainUserLoad 1-954
2026-03-25 09:07:42,130 INFO o.a.j.t.JMeterThread: Thread started: MainUserLoad 1-955
2026-03-25 09:07:42,161 INFO o.a.j.t.JMeterThread: Thread started: MainUserLoad 1-956
2026-03-25 09:07:42,191 INFO o.a.j.t.JMeterThread: Thread started: MainUserLoad 1-957
2026-03-25 09:07:42,194 INFO o.a.j.t.JMeterThread: Thread started: MainUserLoad 1-959
2026-03-25 09:07:42,220 INFO o.a.j.t.JMeterThread: Thread started: MainUserLoad 1-958
2026-03-25 09:07:42,280 INFO o.a.j.t.JMeterThread: Thread started: MainUserLoad 1-960
2026-03-25 09:07:42,310 INFO o.a.j.t.JMeterThread: Thread started: MainUserLoad 1-961
2026-03-25 09:07:42,340 INFO o.a.j.t.JMeterThread: Thread started: MainUserLoad 1-962
2026-03-25 09:07:42,370 INFO o.a.j.t.JMeterThread: Thread started: MainUserLoad 1-963
2026-03-25 09:07:42,399 INFO o.a.j.t.JMeterThread: Thread started: MainUserLoad 1-964
2026-03-25 09:07:42,429 INFO o.a.j.t.JMeterThread: Thread started: MainUserLoad 1-965
2026-03-25 09:07:42,460 INFO o.a.j.t.JMeterThread: Thread started: MainUserLoad 1-966
2026-03-25 09:07:42,489 INFO o.a.j.t.JMeterThread: Thread started: MainUserLoad 1-967
2026-03-25 09:07:42,520 INFO o.a.j.t.JMeterThread: Thread started: MainUserLoad 1-968
2026-03-25 09:07:42,551 INFO o.a.j.t.JMeterThread: Thread started: MainUserLoad 1-969
2026-03-25 09:07:42,580 INFO o.a.j.t.JMeterThread: Thread started: MainUserLoad 1-970
2026-03-25 09:07:42,609 INFO o.a.j.t.JMeterThread: Thread started: MainUserLoad 1-971
2026-03-25 09:07:42,640 INFO o.a.j.t.JMeterThread: Thread started: MainUserLoad 1-972
2026-03-25 09:07:42,670 INFO o.a.j.t.JMeterThread: Thread started: MainUserLoad 1-973
2026-03-25 09:07:42,700 INFO o.a.j.t.JMeterThread: Thread started: MainUserLoad 1-974
2026-03-25 09:07:42,731 INFO o.a.j.t.JMeterThread: Thread started: MainUserLoad 1-975
2026-03-25 09:07:42,761 INFO o.a.j.t.JMeterThread: Thread started: MainUserLoad 1-976
2026-03-25 09:07:42,789 INFO o.a.j.t.JMeterThread: Thread started: MainUserLoad 1-977
2026-03-25 09:07:42,820 INFO o.a.j.t.JMeterThread: Thread started: MainUserLoad 1-978
2026-03-25 09:07:42,850 INFO o.a.j.t.JMeterThread: Thread started: MainUserLoad 1-979
2026-03-25 09:07:42,880 INFO o.a.j.t.JMeterThread: Thread started: MainUserLoad 1-980
2026-03-25 09:07:42,909 INFO o.a.j.t.JMeterThread: Thread started: MainUserLoad 1-981
2026-03-25 09:07:42,943 INFO o.a.j.t.JMeterThread: Thread started: MainUserLoad 1-982
2026-03-25 09:07:42,968 INFO o.a.j.t.JMeterThread: Thread started: MainUserLoad 1-983
2026-03-25 09:07:42,999 INFO o.a.j.t.JMeterThread: Thread started: MainUserLoad 1-984
2026-03-25 09:07:43,028 INFO o.a.j.t.JMeterThread: Thread started: MainUserLoad 1-985
2026-03-25 09:07:43,059 INFO o.a.j.t.JMeterThread: Thread started: MainUserLoad 1-986
2026-03-25 09:07:43,088 INFO o.a.j.t.JMeterThread: Thread started: MainUserLoad 1-987
2026-03-25 09:07:43,093 INFO o.a.j.t.JMeterThread: Thread started: MainUserLoad 1-989
2026-03-25 09:07:43,119 INFO o.a.j.t.JMeterThread: Thread started: MainUserLoad 1-988
2026-03-25 09:07:43,178 INFO o.a.j.t.JMeterThread: Thread started: MainUserLoad 1-990
2026-03-25 09:07:43,208 INFO o.a.j.t.JMeterThread: Thread started: MainUserLoad 1-991
2026-03-25 09:07:43,237 INFO o.a.j.t.JMeterThread: Thread started: MainUserLoad 1-992
2026-03-25 09:07:43,243 INFO o.a.j.t.JMeterThread: Thread started: MainUserLoad 1-994
2026-03-25 09:07:43,267 INFO o.a.j.t.JMeterThread: Thread started: MainUserLoad 1-993
2026-03-25 09:07:43,328 INFO o.a.j.t.JMeterThread: Thread started: MainUserLoad 1-995
2026-03-25 09:07:43,359 INFO o.a.j.t.JMeterThread: Thread started: MainUserLoad 1-996
2026-03-25 09:07:43,388 INFO o.a.j.t.JMeterThread: Thread started: MainUserLoad 1-997
2026-03-25 09:07:43,417 INFO o.a.j.t.JMeterThread: Thread started: MainUserLoad 1-998
2026-03-25 09:07:43,447 INFO o.a.j.t.JMeterThread: Thread started: MainUserLoad 1-999
2026-03-25 09:07:43,476 INFO o.a.j.t.JMeterThread: Thread started: MainUserLoad 1-1000
2026-03-25 09:08:28,522 INFO o.a.j.g.a.Start: Stopping test
2026-03-25 09:08:28,558 INFO o.a.j.t.JMeterThread: Stopping: MainUserLoad 1-220
2026-03-25 09:08:28,558 WARN o.a.j.t.JMeterThread: Interrupting: MainUserLoad 1-220 sampler: 03 - HTTP POST Request: Visits
2026-03-25 09:08:28,559 INFO o.a.j.t.JMeterThread: Stopping: MainUserLoad 1-856
2026-03-25 09:08:28,559 WARN o.a.j.t.JMeterThread: Interrupting: MainUserLoad 1-856 sampler: 03 - HTTP POST Request: Visits
2026-03-25 09:08:28,559 INFO o.a.j.t.JMeterThread: Stopping: MainUserLoad 1-949
2026-03-25 09:08:28,559 WARN o.a.j.t.JMeterThread: Interrupting: MainUserLoad 1-949 sampler: 03 - HTTP POST Request: Visits
2026-03-25 09:08:28,559 INFO o.a.j.t.JMeterThread: Stopping: MainUserLoad 1-111
2026-03-25 09:08:28,559 WARN o.a.j.t.JMeterThread: Interrupting: MainUserLoad 1-111 sampler: 03 - HTTP POST Request: Visits
2026-03-25 09:08:28,560 INFO o.a.j.t.JMeterThread: Stopping: MainUserLoad 1-318
2026-03-25 09:08:28,560 WARN o.a.j.t.JMeterThread: Interrupting: MainUserLoad 1-318 sampler: 04: HTTP  GET Request: Owners
2026-03-25 09:08:28,560 INFO o.a.j.t.JMeterThread: Stopping: MainUserLoad 1-702
2026-03-25 09:08:28,560 WARN o.a.j.t.JMeterThread: Interrupting: MainUserLoad 1-702 sampler: 03 - HTTP POST Request: Visits
2026-03-25 09:08:28,561 INFO o.a.j.t.JMeterThread: Stopping: MainUserLoad 1-735
2026-03-25 09:08:28,561 WARN o.a.j.t.JMeterThread: Interrupting: MainUserLoad 1-735 sampler: 02 - HTTP GET Request: Search Single Owner
2026-03-25 09:08:28,561 INFO o.a.j.t.JMeterThread: Stopping: MainUserLoad 1-934
2026-03-25 09:08:28,561 WARN o.a.j.t.JMeterThread: Interrupting: MainUserLoad 1-934 sampler: 01 - HTTP GET Request: Veterinarians Page
2026-03-25 09:08:28,561 INFO o.a.j.t.JMeterThread: Stopping: MainUserLoad 1-322
2026-03-25 09:08:28,561 WARN o.a.j.t.JMeterThread: Interrupting: MainUserLoad 1-322 sampler: 04: HTTP  GET Request: Owners
2026-03-25 09:08:28,561 INFO o.a.j.t.JMeterThread: Stopping: MainUserLoad 1-940
2026-03-25 09:08:28,561 WARN o.a.j.t.JMeterThread: Interrupting: MainUserLoad 1-940 sampler: 01 - HTTP GET Request: Veterinarians Page
2026-03-25 09:08:28,561 INFO o.a.j.t.JMeterThread: Stopping: MainUserLoad 1-213
2026-03-25 09:08:28,561 WARN o.a.j.t.JMeterThread: Interrupting: MainUserLoad 1-213 sampler: 02 - HTTP GET Request: Search Single Owner
2026-03-25 09:08:28,562 INFO o.a.j.t.JMeterThread: Stopping: MainUserLoad 1-85
2026-03-25 09:08:28,562 WARN o.a.j.t.JMeterThread: Interrupting: MainUserLoad 1-85 sampler: 04: HTTP  GET Request: Owners
2026-03-25 09:08:28,563 INFO o.a.j.t.JMeterThread: Stopping: MainUserLoad 1-524
2026-03-25 09:08:28,563 WARN o.a.j.t.JMeterThread: Interrupting: MainUserLoad 1-524 sampler: 04: HTTP  GET Request: Owners
2026-03-25 09:08:28,563 INFO o.a.j.t.JMeterThread: Stopping: MainUserLoad 1-480
2026-03-25 09:08:28,564 WARN o.a.j.t.JMeterThread: Interrupting: MainUserLoad 1-480 sampler: 03 - HTTP POST Request: Visits
2026-03-25 09:08:28,565 INFO o.a.j.t.JMeterThread: Stopping: MainUserLoad 1-708
2026-03-25 09:08:28,565 WARN o.a.j.t.JMeterThread: Interrupting: MainUserLoad 1-708 sampler: 04: HTTP  GET Request: Owners
2026-03-25 09:08:28,566 INFO o.a.j.t.JMeterThread: Stopping: MainUserLoad 1-647
2026-03-25 09:08:28,566 WARN o.a.j.t.JMeterThread: Interrupting: MainUserLoad 1-647 sampler: 04: HTTP  GET Request: Owners
2026-03-25 09:08:28,567 INFO o.a.j.t.JMeterThread: Stopping: MainUserLoad 1-167
2026-03-25 09:08:28,567 WARN o.a.j.t.JMeterThread: Interrupting: MainUserLoad 1-167 sampler: 03 - HTTP POST Request: Visits
2026-03-25 09:08:28,567 INFO o.a.j.t.JMeterThread: Stopping: MainUserLoad 1-921
2026-03-25 09:08:28,567 WARN o.a.j.t.JMeterThread: Interrupting: MainUserLoad 1-921 sampler: 04: HTTP  GET Request: Owners
2026-03-25 09:08:28,568 INFO o.a.j.t.JMeterThread: Stopping: MainUserLoad 1-208
2026-03-25 09:08:28,568 WARN o.a.j.t.JMeterThread: Interrupting: MainUserLoad 1-208 sampler: 02 - HTTP GET Request: Search Single Owner
2026-03-25 09:08:28,568 INFO o.a.j.t.JMeterThread: Stopping: MainUserLoad 1-174
2026-03-25 09:08:28,569 WARN o.a.j.t.JMeterThread: Interrupting: MainUserLoad 1-174 sampler: 04: HTTP  GET Request: Owners
2026-03-25 09:08:28,569 INFO o.a.j.t.JMeterThread: Stopping: MainUserLoad 1-852
2026-03-25 09:08:28,569 WARN o.a.j.t.JMeterThread: Interrupting: MainUserLoad 1-852 sampler: 04: HTTP  GET Request: Owners
2026-03-25 09:08:28,570 INFO o.a.j.t.JMeterThread: Stopping: MainUserLoad 1-426
2026-03-25 09:08:28,570 WARN o.a.j.t.JMeterThread: Interrupting: MainUserLoad 1-426 sampler: 01 - HTTP GET Request: Veterinarians Page
2026-03-25 09:08:28,570 INFO o.a.j.t.JMeterThread: Stopping: MainUserLoad 1-668
2026-03-25 09:08:28,570 WARN o.a.j.t.JMeterThread: Interrupting: MainUserLoad 1-668 sampler: 04: HTTP  GET Request: Owners
2026-03-25 09:08:28,571 INFO o.a.j.t.JMeterThread: Stopping: MainUserLoad 1-328
2026-03-25 09:08:28,571 WARN o.a.j.t.JMeterThread: Interrupting: MainUserLoad 1-328 sampler: 04: HTTP  GET Request: Owners
2026-03-25 09:08:28,571 INFO o.a.j.t.JMeterThread: Stopping: MainUserLoad 1-959
2026-03-25 09:08:28,571 WARN o.a.j.t.JMeterThread: Interrupting: MainUserLoad 1-959 sampler: 02 - HTTP GET Request: Search Single Owner
2026-03-25 09:08:28,571 INFO o.a.j.t.JMeterThread: Stopping: MainUserLoad 1-299
2026-03-25 09:08:28,572 WARN o.a.j.t.JMeterThread: Interrupting: MainUserLoad 1-299 sampler: 04: HTTP  GET Request: Owners
2026-03-25 09:08:28,572 INFO o.a.j.t.JMeterThread: Thread finished: MainUserLoad 1-949
2026-03-25 09:08:28,572 INFO o.a.j.t.JMeterThread: Thread finished: MainUserLoad 1-934
2026-03-25 09:08:28,572 INFO o.a.j.t.JMeterThread: Thread finished: MainUserLoad 1-940
2026-03-25 09:08:28,572 INFO o.a.j.t.JMeterThread: Thread finished: MainUserLoad 1-647
2026-03-25 09:08:28,572 INFO o.a.j.t.JMeterThread: Thread finished: MainUserLoad 1-708
2026-03-25 09:08:28,573 INFO o.a.j.t.JMeterThread: Stopping: MainUserLoad 1-183
2026-03-25 09:08:28,573 WARN o.a.j.t.JMeterThread: Interrupting: MainUserLoad 1-183 sampler: 04: HTTP  GET Request: Owners
2026-03-25 09:08:28,573 INFO o.a.j.t.JMeterThread: Stopping: MainUserLoad 1-38
2026-03-25 09:08:28,573 WARN o.a.j.t.JMeterThread: Interrupting: MainUserLoad 1-38 sampler: 03 - HTTP POST Request: Visits
2026-03-25 09:08:28,574 INFO o.a.j.t.JMeterThread: Thread finished: MainUserLoad 1-318
2026-03-25 09:08:28,574 INFO o.a.j.t.JMeterThread: Thread finished: MainUserLoad 1-167
2026-03-25 09:08:28,574 INFO o.a.j.t.JMeterThread: Stopping: MainUserLoad 1-994
2026-03-25 09:08:28,574 WARN o.a.j.t.JMeterThread: Interrupting: MainUserLoad 1-994 sampler: 02 - HTTP GET Request: Search Single Owner
2026-03-25 09:08:28,574 INFO o.a.j.t.JMeterThread: Thread finished: MainUserLoad 1-735
2026-03-25 09:08:28,574 INFO o.a.j.t.JMeterThread: Thread finished: MainUserLoad 1-220
2026-03-25 09:08:28,574 INFO o.a.j.t.JMeterThread: Thread finished: MainUserLoad 1-111
2026-03-25 09:08:28,574 INFO o.a.j.t.JMeterThread: Thread finished: MainUserLoad 1-702
2026-03-25 09:08:28,574 INFO o.a.j.t.JMeterThread: Thread finished: MainUserLoad 1-85
2026-03-25 09:08:28,574 INFO o.a.j.t.JMeterThread: Thread finished: MainUserLoad 1-856
2026-03-25 09:08:28,574 INFO o.a.j.t.JMeterThread: Thread finished: MainUserLoad 1-921
2026-03-25 09:08:28,574 INFO o.a.j.t.JMeterThread: Thread finished: MainUserLoad 1-322
2026-03-25 09:08:28,574 INFO o.a.j.t.JMeterThread: Thread finished: MainUserLoad 1-480
2026-03-25 09:08:28,574 INFO o.a.j.t.JMeterThread: Thread finished: MainUserLoad 1-208
2026-03-25 09:08:28,574 INFO o.a.j.t.JMeterThread: Thread finished: MainUserLoad 1-524
2026-03-25 09:08:28,575 INFO o.a.j.t.JMeterThread: Thread finished: MainUserLoad 1-174
2026-03-25 09:08:28,575 INFO o.a.j.t.JMeterThread: Thread finished: MainUserLoad 1-852
2026-03-25 09:08:28,574 INFO o.a.j.t.JMeterThread: Stopping: MainUserLoad 1-170
2026-03-25 09:08:28,574 INFO o.a.j.t.JMeterThread: Thread finished: MainUserLoad 1-213
2026-03-25 09:08:28,575 WARN o.a.j.t.JMeterThread: Interrupting: MainUserLoad 1-170 sampler: 02 - HTTP GET Request: Search Single Owner
2026-03-25 09:08:28,575 INFO o.a.j.t.JMeterThread: Thread finished: MainUserLoad 1-426
2026-03-25 09:08:28,575 INFO o.a.j.t.JMeterThread: Stopping: MainUserLoad 1-396
2026-03-25 09:08:28,575 WARN o.a.j.t.JMeterThread: Interrupting: MainUserLoad 1-396 sampler: 01 - HTTP GET Request: Veterinarians Page
2026-03-25 09:08:28,577 INFO o.a.j.t.JMeterThread: Thread finished: MainUserLoad 1-668
2026-03-25 09:08:28,577 INFO o.a.j.t.JMeterThread: Thread finished: MainUserLoad 1-328
2026-03-25 09:08:28,577 INFO o.a.j.t.JMeterThread: Stopping: MainUserLoad 1-476
2026-03-25 09:08:28,577 INFO o.a.j.t.JMeterThread: Thread finished: MainUserLoad 1-959
2026-03-25 09:08:28,577 WARN o.a.j.t.JMeterThread: Interrupting: MainUserLoad 1-476 sampler: 02 - HTTP GET Request: Search Single Owner
2026-03-25 09:08:28,577 INFO o.a.j.t.JMeterThread: Thread finished: MainUserLoad 1-299
2026-03-25 09:08:28,577 INFO o.a.j.t.JMeterThread: Thread finished: MainUserLoad 1-183
2026-03-25 09:08:28,577 INFO o.a.j.t.JMeterThread: Thread finished: MainUserLoad 1-38
2026-03-25 09:08:28,577 INFO o.a.j.t.JMeterThread: Stopping: MainUserLoad 1-325
2026-03-25 09:08:28,577 WARN o.a.j.t.JMeterThread: Interrupting: MainUserLoad 1-325 sampler: 02 - HTTP GET Request: Search Single Owner
2026-03-25 09:08:28,578 INFO o.a.j.t.JMeterThread: Thread finished: MainUserLoad 1-396
2026-03-25 09:08:28,578 INFO o.a.j.t.JMeterThread: Thread finished: MainUserLoad 1-170
2026-03-25 09:08:28,578 INFO o.a.j.t.JMeterThread: Stopping: MainUserLoad 1-542
2026-03-25 09:08:28,578 WARN o.a.j.t.JMeterThread: Interrupting: MainUserLoad 1-542 sampler: 02 - HTTP GET Request: Search Single Owner
2026-03-25 09:08:28,578 INFO o.a.j.t.JMeterThread: Thread finished: MainUserLoad 1-994
2026-03-25 09:08:28,579 INFO o.a.j.t.JMeterThread: Stopping: MainUserLoad 1-351
2026-03-25 09:08:28,579 WARN o.a.j.t.JMeterThread: Interrupting: MainUserLoad 1-351 sampler: 03 - HTTP POST Request: Visits
2026-03-25 09:08:28,579 INFO o.a.j.t.JMeterThread: Thread finished: MainUserLoad 1-325
2026-03-25 09:08:28,579 INFO o.a.j.t.JMeterThread: Thread finished: MainUserLoad 1-476
2026-03-25 09:08:28,579 INFO o.a.j.t.JMeterThread: Stopping: MainUserLoad 1-501
2026-03-25 09:08:28,579 WARN o.a.j.t.JMeterThread: Interrupting: MainUserLoad 1-501 sampler: 01 - HTTP GET Request: Veterinarians Page
2026-03-25 09:08:28,580 INFO o.a.j.t.JMeterThread: Stopping: MainUserLoad 1-393
2026-03-25 09:08:28,580 WARN o.a.j.t.JMeterThread: Interrupting: MainUserLoad 1-393 sampler: 01 - HTTP GET Request: Veterinarians Page
2026-03-25 09:08:28,580 INFO o.a.j.t.JMeterThread: Stopping: MainUserLoad 1-798
2026-03-25 09:08:28,580 WARN o.a.j.t.JMeterThread: Interrupting: MainUserLoad 1-798 sampler: 04: HTTP  GET Request: Owners
2026-03-25 09:08:28,581 INFO o.a.j.t.JMeterThread: Thread finished: MainUserLoad 1-542
2026-03-25 09:08:28,581 INFO o.a.j.t.JMeterThread: Stopping: MainUserLoad 1-315
2026-03-25 09:08:28,581 WARN o.a.j.t.JMeterThread: Interrupting: MainUserLoad 1-315 sampler: 02 - HTTP GET Request: Search Single Owner
2026-03-25 09:08:28,581 INFO o.a.j.t.JMeterThread: Thread finished: MainUserLoad 1-351
2026-03-25 09:08:28,581 INFO o.a.j.t.JMeterThread: Stopping: MainUserLoad 1-249
2026-03-25 09:08:28,581 WARN o.a.j.t.JMeterThread: Interrupting: MainUserLoad 1-249 sampler: 04: HTTP  GET Request: Owners
2026-03-25 09:08:28,581 INFO o.a.j.t.JMeterThread: Stopping: MainUserLoad 1-748
2026-03-25 09:08:28,581 WARN o.a.j.t.JMeterThread: Interrupting: MainUserLoad 1-748 sampler: 01 - HTTP GET Request: Veterinarians Page
2026-03-25 09:08:28,582 INFO o.a.j.t.JMeterThread: Stopping: MainUserLoad 1-942
2026-03-25 09:08:28,582 WARN o.a.j.t.JMeterThread: Interrupting: MainUserLoad 1-942 sampler: 02 - HTTP GET Request: Search Single Owner
2026-03-25 09:08:28,582 INFO o.a.j.t.JMeterThread: Thread finished: MainUserLoad 1-501
2026-03-25 09:08:28,583 INFO o.a.j.t.JMeterThread: Thread finished: MainUserLoad 1-798
2026-03-25 09:08:28,583 INFO o.a.j.t.JMeterThread: Stopping: MainUserLoad 1-870
2026-03-25 09:08:28,583 WARN o.a.j.t.JMeterThread: Interrupting: MainUserLoad 1-870 sampler: 04: HTTP  GET Request: Owners
2026-03-25 09:08:28,583 INFO o.a.j.t.JMeterThread: Thread finished: MainUserLoad 1-393
2026-03-25 09:08:28,583 INFO o.a.j.t.JMeterThread: Stopping: MainUserLoad 1-682
2026-03-25 09:08:28,583 INFO o.a.j.t.JMeterThread: Thread finished: MainUserLoad 1-315
2026-03-25 09:08:28,583 WARN o.a.j.t.JMeterThread: Interrupting: MainUserLoad 1-682 sampler: 04: HTTP  GET Request: Owners
2026-03-25 09:08:28,583 INFO o.a.j.t.JMeterThread: Thread finished: MainUserLoad 1-748
2026-03-25 09:08:28,583 INFO o.a.j.t.JMeterThread: Stopping: MainUserLoad 1-895
2026-03-25 09:08:28,583 INFO o.a.j.t.JMeterThread: Thread finished: MainUserLoad 1-942
2026-03-25 09:08:28,583 WARN o.a.j.t.JMeterThread: Interrupting: MainUserLoad 1-895 sampler: 04: HTTP  GET Request: Owners
2026-03-25 09:08:28,583 INFO o.a.j.t.JMeterThread: Thread finished: MainUserLoad 1-870
2026-03-25 09:08:28,583 INFO o.a.j.t.JMeterThread: Stopping: MainUserLoad 1-816
2026-03-25 09:08:28,583 WARN o.a.j.t.JMeterThread: Interrupting: MainUserLoad 1-816 sampler: 03 - HTTP POST Request: Visits
2026-03-25 09:08:28,585 INFO o.a.j.t.JMeterThread: Thread finished: MainUserLoad 1-249
2026-03-25 09:08:28,585 INFO o.a.j.t.JMeterThread: Stopping: MainUserLoad 1-912
2026-03-25 09:08:28,585 WARN o.a.j.t.JMeterThread: Interrupting: MainUserLoad 1-912 sampler: 02 - HTTP GET Request: Search Single Owner
2026-03-25 09:08:28,585 INFO o.a.j.t.JMeterThread: Stopping: MainUserLoad 1-701
2026-03-25 09:08:28,585 WARN o.a.j.t.JMeterThread: Interrupting: MainUserLoad 1-701 sampler: 03 - HTTP POST Request: Visits
2026-03-25 09:08:28,586 INFO o.a.j.t.JMeterThread: Thread finished: MainUserLoad 1-816
2026-03-25 09:08:28,586 INFO o.a.j.t.JMeterThread: Stopping: MainUserLoad 1-384
2026-03-25 09:08:28,586 WARN o.a.j.t.JMeterThread: Interrupting: MainUserLoad 1-384 sampler: 02 - HTTP GET Request: Search Single Owner
2026-03-25 09:08:28,586 INFO o.a.j.t.JMeterThread: Thread finished: MainUserLoad 1-912
2026-03-25 09:08:28,586 INFO o.a.j.t.JMeterThread: Stopping: MainUserLoad 1-611
2026-03-25 09:08:28,587 WARN o.a.j.t.JMeterThread: Interrupting: MainUserLoad 1-611 sampler: 01 - HTTP GET Request: Veterinarians Page
2026-03-25 09:08:28,586 INFO o.a.j.t.JMeterThread: Thread finished: MainUserLoad 1-895
2026-03-25 09:08:28,586 INFO o.a.j.t.JMeterThread: Thread finished: MainUserLoad 1-701
2026-03-25 09:08:28,587 INFO o.a.j.t.JMeterThread: Thread finished: MainUserLoad 1-682
2026-03-25 09:08:28,587 INFO o.a.j.t.JMeterThread: Stopping: MainUserLoad 1-678
2026-03-25 09:08:28,587 INFO o.a.j.t.JMeterThread: Thread finished: MainUserLoad 1-384
2026-03-25 09:08:28,587 WARN o.a.j.t.JMeterThread: Interrupting: MainUserLoad 1-678 sampler: 04: HTTP  GET Request: Owners
2026-03-25 09:08:28,588 INFO o.a.j.t.JMeterThread: Thread finished: MainUserLoad 1-611
2026-03-25 09:08:28,588 INFO o.a.j.t.JMeterThread: Stopping: MainUserLoad 1-305
2026-03-25 09:08:28,588 WARN o.a.j.t.JMeterThread: Interrupting: MainUserLoad 1-305 sampler: 04: HTTP  GET Request: Owners
2026-03-25 09:08:28,589 INFO o.a.j.t.JMeterThread: Stopping: MainUserLoad 1-458
2026-03-25 09:08:28,589 WARN o.a.j.t.JMeterThread: Interrupting: MainUserLoad 1-458 sampler: 03 - HTTP POST Request: Visits
2026-03-25 09:08:28,589 INFO o.a.j.t.JMeterThread: Thread finished: MainUserLoad 1-678
2026-03-25 09:08:28,589 INFO o.a.j.t.JMeterThread: Stopping: MainUserLoad 1-569
2026-03-25 09:08:28,589 WARN o.a.j.t.JMeterThread: Interrupting: MainUserLoad 1-569 sampler: 02 - HTTP GET Request: Search Single Owner
2026-03-25 09:08:28,589 INFO o.a.j.t.JMeterThread: Thread finished: MainUserLoad 1-305
2026-03-25 09:08:28,589 INFO o.a.j.t.JMeterThread: Stopping: MainUserLoad 1-703
2026-03-25 09:08:28,590 WARN o.a.j.t.JMeterThread: Interrupting: MainUserLoad 1-703 sampler: 04: HTTP  GET Request: Owners
2026-03-25 09:08:28,590 INFO o.a.j.t.JMeterThread: Stopping: MainUserLoad 1-860
2026-03-25 09:08:28,590 WARN o.a.j.t.JMeterThread: Interrupting: MainUserLoad 1-860 sampler: 04: HTTP  GET Request: Owners
2026-03-25 09:08:28,590 INFO o.a.j.t.JMeterThread: Thread finished: MainUserLoad 1-569
2026-03-25 09:08:28,590 INFO o.a.j.t.JMeterThread: Thread finished: MainUserLoad 1-458
2026-03-25 09:08:28,590 INFO o.a.j.t.JMeterThread: Thread finished: MainUserLoad 1-703
2026-03-25 09:08:28,591 INFO o.a.j.t.JMeterThread: Stopping: MainUserLoad 1-770
2026-03-25 09:08:28,591 WARN o.a.j.t.JMeterThread: Interrupting: MainUserLoad 1-770 sampler: 02 - HTTP GET Request: Search Single Owner
2026-03-25 09:08:28,591 INFO o.a.j.t.JMeterThread: Stopping: MainUserLoad 1-749
2026-03-25 09:08:28,591 WARN o.a.j.t.JMeterThread: Interrupting: MainUserLoad 1-749 sampler: 02 - HTTP GET Request: Search Single Owner
2026-03-25 09:08:28,591 INFO o.a.j.t.JMeterThread: Stopping: MainUserLoad 1-392
2026-03-25 09:08:28,591 WARN o.a.j.t.JMeterThread: Interrupting: MainUserLoad 1-392 sampler: 04: HTTP  GET Request: Owners
2026-03-25 09:08:28,591 INFO o.a.j.t.JMeterThread: Stopping: MainUserLoad 1-113
2026-03-25 09:08:28,591 INFO o.a.j.t.JMeterThread: Thread finished: MainUserLoad 1-860
2026-03-25 09:08:28,591 INFO o.a.j.t.JMeterThread: Thread finished: MainUserLoad 1-770
2026-03-25 09:08:28,591 WARN o.a.j.t.JMeterThread: Interrupting: MainUserLoad 1-113 sampler: 02 - HTTP GET Request: Search Single Owner
2026-03-25 09:08:28,591 INFO o.a.j.t.JMeterThread: Thread finished: MainUserLoad 1-749
2026-03-25 09:08:28,591 INFO o.a.j.t.JMeterThread: Stopping: MainUserLoad 1-410
2026-03-25 09:08:28,592 WARN o.a.j.t.JMeterThread: Interrupting: MainUserLoad 1-410 sampler: 01 - HTTP GET Request: Veterinarians Page
2026-03-25 09:08:28,592 INFO o.a.j.t.JMeterThread: Stopping: MainUserLoad 1-121
2026-03-25 09:08:28,592 WARN o.a.j.t.JMeterThread: Interrupting: MainUserLoad 1-121 sampler: 02 - HTTP GET Request: Search Single Owner
2026-03-25 09:08:28,592 INFO o.a.j.t.JMeterThread: Stopping: MainUserLoad 1-418
2026-03-25 09:08:28,592 WARN o.a.j.t.JMeterThread: Interrupting: MainUserLoad 1-418 sampler: 01 - HTTP GET Request: Veterinarians Page
2026-03-25 09:08:28,592 INFO o.a.j.t.JMeterThread: Thread finished: MainUserLoad 1-113
2026-03-25 09:08:28,592 INFO o.a.j.t.JMeterThread: Stopping: MainUserLoad 1-849
2026-03-25 09:08:28,593 WARN o.a.j.t.JMeterThread: Interrupting: MainUserLoad 1-849 sampler: 04: HTTP  GET Request: Owners
2026-03-25 09:08:28,593 INFO o.a.j.t.JMeterThread: Thread finished: MainUserLoad 1-410
2026-03-25 09:08:28,593 INFO o.a.j.t.JMeterThread: Stopping: MainUserLoad 1-985
2026-03-25 09:08:28,593 WARN o.a.j.t.JMeterThread: Interrupting: MainUserLoad 1-985 sampler: 02 - HTTP GET Request: Search Single Owner
2026-03-25 09:08:28,593 INFO o.a.j.t.JMeterThread: Thread finished: MainUserLoad 1-392
2026-03-25 09:08:28,593 INFO o.a.j.t.JMeterThread: Thread finished: MainUserLoad 1-121
2026-03-25 09:08:28,593 INFO o.a.j.t.JMeterThread: Stopping: MainUserLoad 1-60
2026-03-25 09:08:28,593 WARN o.a.j.t.JMeterThread: Interrupting: MainUserLoad 1-60 sampler: 02 - HTTP GET Request: Search Single Owner
2026-03-25 09:08:28,593 INFO o.a.j.t.JMeterThread: Stopping: MainUserLoad 1-538
2026-03-25 09:08:28,593 WARN o.a.j.t.JMeterThread: Interrupting: MainUserLoad 1-538 sampler: 01 - HTTP GET Request: Veterinarians Page
2026-03-25 09:08:28,593 INFO o.a.j.t.JMeterThread: Stopping: MainUserLoad 1-574
2026-03-25 09:08:28,595 WARN o.a.j.t.JMeterThread: Interrupting: MainUserLoad 1-574 sampler: 04: HTTP  GET Request: Owners
2026-03-25 09:08:28,595 INFO o.a.j.t.JMeterThread: Stopping: MainUserLoad 1-120
2026-03-25 09:08:28,595 WARN o.a.j.t.JMeterThread: Interrupting: MainUserLoad 1-120 sampler: 04: HTTP  GET Request: Owners
2026-03-25 09:08:28,596 INFO o.a.j.t.JMeterThread: Stopping: MainUserLoad 1-722
2026-03-25 09:08:28,596 WARN o.a.j.t.JMeterThread: Interrupting: MainUserLoad 1-722 sampler: 02 - HTTP GET Request: Search Single Owner
2026-03-25 09:08:28,596 INFO o.a.j.t.JMeterThread: Thread finished: MainUserLoad 1-418
2026-03-25 09:08:28,596 INFO o.a.j.t.JMeterThread: Thread finished: MainUserLoad 1-985
2026-03-25 09:08:28,596 INFO o.a.j.t.JMeterThread: Thread finished: MainUserLoad 1-60
2026-03-25 09:08:28,597 INFO o.a.j.t.JMeterThread: Stopping: MainUserLoad 1-988
2026-03-25 09:08:28,597 WARN o.a.j.t.JMeterThread: Interrupting: MainUserLoad 1-988 sampler: 04: HTTP  GET Request: Owners
2026-03-25 09:08:28,597 INFO o.a.j.t.JMeterThread: Thread finished: MainUserLoad 1-849
2026-03-25 09:08:28,597 INFO o.a.j.t.JMeterThread: Stopping: MainUserLoad 1-75
2026-03-25 09:08:28,597 WARN o.a.j.t.JMeterThread: Interrupting: MainUserLoad 1-75 sampler: 02 - HTTP GET Request: Search Single Owner
2026-03-25 09:08:28,598 INFO o.a.j.t.JMeterThread: Thread finished: MainUserLoad 1-574
2026-03-25 09:08:28,598 INFO o.a.j.t.JMeterThread: Thread finished: MainUserLoad 1-120
2026-03-25 09:08:28,598 INFO o.a.j.t.JMeterThread: Thread finished: MainUserLoad 1-722
2026-03-25 09:08:28,598 INFO o.a.j.t.JMeterThread: Stopping: MainUserLoad 1-847
2026-03-25 09:08:28,598 INFO o.a.j.t.JMeterThread: Thread finished: MainUserLoad 1-538
2026-03-25 09:08:28,598 INFO o.a.j.t.JMeterThread: Thread finished: MainUserLoad 1-988
2026-03-25 09:08:28,599 INFO o.a.j.t.JMeterThread: Thread finished: MainUserLoad 1-75
2026-03-25 09:08:28,599 WARN o.a.j.t.JMeterThread: Interrupting: MainUserLoad 1-847 sampler: 02 - HTTP GET Request: Search Single Owner
2026-03-25 09:08:28,600 INFO o.a.j.t.JMeterThread: Stopping: MainUserLoad 1-528
2026-03-25 09:08:28,600 WARN o.a.j.t.JMeterThread: Interrupting: MainUserLoad 1-528 sampler: 02 - HTTP GET Request: Search Single Owner
2026-03-25 09:08:28,600 INFO o.a.j.t.JMeterThread: Stopping: MainUserLoad 1-896
2026-03-25 09:08:28,600 WARN o.a.j.t.JMeterThread: Interrupting: MainUserLoad 1-896 sampler: 02 - HTTP GET Request: Search Single Owner
2026-03-25 09:08:28,602 INFO o.a.j.t.JMeterThread: Stopping: MainUserLoad 1-342
2026-03-25 09:08:28,602 WARN o.a.j.t.JMeterThread: Interrupting: MainUserLoad 1-342 sampler: 03 - HTTP POST Request: Visits
2026-03-25 09:08:28,602 INFO o.a.j.t.JMeterThread: Stopping: MainUserLoad 1-947
2026-03-25 09:08:28,602 WARN o.a.j.t.JMeterThread: Interrupting: MainUserLoad 1-947 sampler: 04: HTTP  GET Request: Owners
2026-03-25 09:08:28,603 INFO o.a.j.t.JMeterThread: Thread finished: MainUserLoad 1-528
2026-03-25 09:08:28,603 INFO o.a.j.t.JMeterThread: Stopping: MainUserLoad 1-950
2026-03-25 09:08:28,603 WARN o.a.j.t.JMeterThread: Interrupting: MainUserLoad 1-950 sampler: 04: HTTP  GET Request: Owners
2026-03-25 09:08:28,603 INFO o.a.j.t.JMeterThread: Thread finished: MainUserLoad 1-847
2026-03-25 09:08:28,603 INFO o.a.j.t.JMeterThread: Stopping: MainUserLoad 1-14
2026-03-25 09:08:28,603 WARN o.a.j.t.JMeterThread: Interrupting: MainUserLoad 1-14 sampler: 04: HTTP  GET Request: Owners
2026-03-25 09:08:28,609 INFO o.a.j.t.JMeterThread: Thread finished: MainUserLoad 1-896
2026-03-25 09:08:28,609 INFO o.a.j.t.JMeterThread: Thread finished: MainUserLoad 1-947
2026-03-25 09:08:28,609 INFO o.a.j.t.JMeterThread: Thread finished: MainUserLoad 1-342
2026-03-25 09:08:28,612 INFO o.a.j.t.JMeterThread: Thread finished: MainUserLoad 1-950
2026-03-25 09:08:28,617 INFO o.a.j.t.JMeterThread: Thread finished: MainUserLoad 1-14
2026-03-25 09:08:28,620 INFO o.a.j.t.JMeterThread: Stopping: MainUserLoad 1-966
2026-03-25 09:08:28,620 WARN o.a.j.t.JMeterThread: Interrupting: MainUserLoad 1-966 sampler: 02 - HTTP GET Request: Search Single Owner
2026-03-25 09:08:28,621 INFO o.a.j.t.JMeterThread: Stopping: MainUserLoad 1-11
2026-03-25 09:08:28,622 WARN o.a.j.t.JMeterThread: Interrupting: MainUserLoad 1-11 sampler: 02 - HTTP GET Request: Search Single Owner
2026-03-25 09:08:28,622 INFO o.a.j.t.JMeterThread: Stopping: MainUserLoad 1-577
2026-03-25 09:08:28,622 WARN o.a.j.t.JMeterThread: Interrupting: MainUserLoad 1-577 sampler: 04: HTTP  GET Request: Owners
2026-03-25 09:08:28,623 INFO o.a.j.t.JMeterThread: Stopping: MainUserLoad 1-151
2026-03-25 09:08:28,623 WARN o.a.j.t.JMeterThread: Interrupting: MainUserLoad 1-151 sampler: 02 - HTTP GET Request: Search Single Owner
2026-03-25 09:08:28,623 INFO o.a.j.t.JMeterThread: Stopping: MainUserLoad 1-190
2026-03-25 09:08:28,623 WARN o.a.j.t.JMeterThread: Interrupting: MainUserLoad 1-190 sampler: 02 - HTTP GET Request: Search Single Owner
2026-03-25 09:08:28,624 INFO o.a.j.t.JMeterThread: Stopping: MainUserLoad 1-810
2026-03-25 09:08:28,624 WARN o.a.j.t.JMeterThread: Interrupting: MainUserLoad 1-810 sampler: 02 - HTTP GET Request: Search Single Owner
2026-03-25 09:08:28,624 INFO o.a.j.t.JMeterThread: Stopping: MainUserLoad 1-66
2026-03-25 09:08:28,624 WARN o.a.j.t.JMeterThread: Interrupting: MainUserLoad 1-66 sampler: 02 - HTTP GET Request: Search Single Owner
2026-03-25 09:08:28,624 INFO o.a.j.t.JMeterThread: Stopping: MainUserLoad 1-751
2026-03-25 09:08:28,624 WARN o.a.j.t.JMeterThread: Interrupting: MainUserLoad 1-751 sampler: 01 - HTTP GET Request: Veterinarians Page
2026-03-25 09:08:28,624 INFO o.a.j.t.JMeterThread: Stopping: MainUserLoad 1-813
2026-03-25 09:08:28,624 WARN o.a.j.t.JMeterThread: Interrupting: MainUserLoad 1-813 sampler: 04: HTTP  GET Request: Owners
2026-03-25 09:08:28,625 INFO o.a.j.t.JMeterThread: Stopping: MainUserLoad 1-166
2026-03-25 09:08:28,625 WARN o.a.j.t.JMeterThread: Interrupting: MainUserLoad 1-166 sampler: 02 - HTTP GET Request: Search Single Owner
2026-03-25 09:08:28,625 INFO o.a.j.t.JMeterThread: Stopping: MainUserLoad 1-99
2026-03-25 09:08:28,625 WARN o.a.j.t.JMeterThread: Interrupting: MainUserLoad 1-99 sampler: 01 - HTTP GET Request: Veterinarians Page
2026-03-25 09:08:28,625 INFO o.a.j.t.JMeterThread: Stopping: MainUserLoad 1-81
2026-03-25 09:08:28,625 WARN o.a.j.t.JMeterThread: Interrupting: MainUserLoad 1-81 sampler: 04: HTTP  GET Request: Owners
2026-03-25 09:08:28,625 INFO o.a.j.t.JMeterThread: Stopping: MainUserLoad 1-452
2026-03-25 09:08:28,626 WARN o.a.j.t.JMeterThread: Interrupting: MainUserLoad 1-452 sampler: 04: HTTP  GET Request: Owners
2026-03-25 09:08:28,626 INFO o.a.j.t.JMeterThread: Stopping: MainUserLoad 1-826
2026-03-25 09:08:28,626 WARN o.a.j.t.JMeterThread: Interrupting: MainUserLoad 1-826 sampler: 01 - HTTP GET Request: Veterinarians Page
2026-03-25 09:08:28,626 INFO o.a.j.t.JMeterThread: Stopping: MainUserLoad 1-78
2026-03-25 09:08:28,626 WARN o.a.j.t.JMeterThread: Interrupting: MainUserLoad 1-78 sampler: 03 - HTTP POST Request: Visits
2026-03-25 09:08:28,627 INFO o.a.j.t.JMeterThread: Stopping: MainUserLoad 1-163
2026-03-25 09:08:28,627 WARN o.a.j.t.JMeterThread: Interrupting: MainUserLoad 1-163 sampler: 02 - HTTP GET Request: Search Single Owner
2026-03-25 09:08:28,628 INFO o.a.j.t.JMeterThread: Stopping: MainUserLoad 1-844
2026-03-25 09:08:28,628 WARN o.a.j.t.JMeterThread: Interrupting: MainUserLoad 1-844 sampler: 04: HTTP  GET Request: Owners
2026-03-25 09:08:28,629 INFO o.a.j.t.JMeterThread: Stopping: MainUserLoad 1-13
2026-03-25 09:08:28,629 WARN o.a.j.t.JMeterThread: Interrupting: MainUserLoad 1-13 sampler: 04: HTTP  GET Request: Owners
2026-03-25 09:08:28,629 INFO o.a.j.t.JMeterThread: Stopping: MainUserLoad 1-33
2026-03-25 09:08:28,629 WARN o.a.j.t.JMeterThread: Interrupting: MainUserLoad 1-33 sampler: 04: HTTP  GET Request: Owners
2026-03-25 09:08:28,629 INFO o.a.j.t.JMeterThread: Stopping: MainUserLoad 1-211
2026-03-25 09:08:28,629 WARN o.a.j.t.JMeterThread: Interrupting: MainUserLoad 1-211 sampler: 03 - HTTP POST Request: Visits
2026-03-25 09:08:28,629 INFO o.a.j.t.JMeterThread: Stopping: MainUserLoad 1-695
2026-03-25 09:08:28,629 WARN o.a.j.t.JMeterThread: Interrupting: MainUserLoad 1-695 sampler: 02 - HTTP GET Request: Search Single Owner
2026-03-25 09:08:28,629 INFO o.a.j.t.JMeterThread: Stopping: MainUserLoad 1-424
2026-03-25 09:08:28,629 WARN o.a.j.t.JMeterThread: Interrupting: MainUserLoad 1-424 sampler: 02 - HTTP GET Request: Search Single Owner
2026-03-25 09:08:28,630 INFO o.a.j.t.JMeterThread: Stopping: MainUserLoad 1-566
2026-03-25 09:08:28,630 WARN o.a.j.t.JMeterThread: Interrupting: MainUserLoad 1-566 sampler: 01 - HTTP GET Request: Veterinarians Page
2026-03-25 09:08:28,630 INFO o.a.j.t.JMeterThread: Stopping: MainUserLoad 1-555
2026-03-25 09:08:28,630 WARN o.a.j.t.JMeterThread: Interrupting: MainUserLoad 1-555 sampler: 02 - HTTP GET Request: Search Single Owner
2026-03-25 09:08:28,631 INFO o.a.j.t.JMeterThread: Stopping: MainUserLoad 1-160
2026-03-25 09:08:28,631 WARN o.a.j.t.JMeterThread: Interrupting: MainUserLoad 1-160 sampler: 04: HTTP  GET Request: Owners
2026-03-25 09:08:28,631 INFO o.a.j.t.JMeterThread: Thread finished: MainUserLoad 1-966
2026-03-25 09:08:28,632 INFO o.a.j.t.JMeterThread: Stopping: MainUserLoad 1-204
2026-03-25 09:08:28,632 WARN o.a.j.t.JMeterThread: Interrupting: MainUserLoad 1-204 sampler: 04: HTTP  GET Request: Owners
2026-03-25 09:08:28,632 INFO o.a.j.t.JMeterThread: Stopping: MainUserLoad 1-828
2026-03-25 09:08:28,632 WARN o.a.j.t.JMeterThread: Interrupting: MainUserLoad 1-828 sampler: 01 - HTTP GET Request: Veterinarians Page
2026-03-25 09:08:28,633 INFO o.a.j.t.JMeterThread: Stopping: MainUserLoad 1-80
2026-03-25 09:08:28,633 WARN o.a.j.t.JMeterThread: Interrupting: MainUserLoad 1-80 sampler: 02 - HTTP GET Request: Search Single Owner
2026-03-25 09:08:28,633 INFO o.a.j.t.JMeterThread: Stopping: MainUserLoad 1-364
2026-03-25 09:08:28,633 WARN o.a.j.t.JMeterThread: Interrupting: MainUserLoad 1-364 sampler: 04: HTTP  GET Request: Owners
2026-03-25 09:08:28,633 INFO o.a.j.t.JMeterThread: Stopping: MainUserLoad 1-3
2026-03-25 09:08:28,633 WARN o.a.j.t.JMeterThread: Interrupting: MainUserLoad 1-3 sampler: 04: HTTP  GET Request: Owners
2026-03-25 09:08:28,633 INFO o.a.j.t.JMeterThread: Stopping: MainUserLoad 1-658
2026-03-25 09:08:28,633 WARN o.a.j.t.JMeterThread: Interrupting: MainUserLoad 1-658 sampler: 04: HTTP  GET Request: Owners
2026-03-25 09:08:28,633 INFO o.a.j.t.JMeterThread: Stopping: MainUserLoad 1-126
2026-03-25 09:08:28,633 WARN o.a.j.t.JMeterThread: Interrupting: MainUserLoad 1-126 sampler: 02 - HTTP GET Request: Search Single Owner
2026-03-25 09:08:28,633 INFO o.a.j.t.JMeterThread: Stopping: MainUserLoad 1-567
2026-03-25 09:08:28,633 WARN o.a.j.t.JMeterThread: Interrupting: MainUserLoad 1-567 sampler: 02 - HTTP GET Request: Search Single Owner
2026-03-25 09:08:28,633 INFO o.a.j.t.JMeterThread: Stopping: MainUserLoad 1-915
2026-03-25 09:08:28,633 WARN o.a.j.t.JMeterThread: Interrupting: MainUserLoad 1-915 sampler: 04: HTTP  GET Request: Owners
2026-03-25 09:08:28,633 INFO o.a.j.t.JMeterThread: Stopping: MainUserLoad 1-63
2026-03-25 09:08:28,633 WARN o.a.j.t.JMeterThread: Interrupting: MainUserLoad 1-63 sampler: 04: HTTP  GET Request: Owners
2026-03-25 09:08:28,633 INFO o.a.j.t.JMeterThread: Stopping: MainUserLoad 1-483
2026-03-25 09:08:28,633 WARN o.a.j.t.JMeterThread: Interrupting: MainUserLoad 1-483 sampler: 02 - HTTP GET Request: Search Single Owner
2026-03-25 09:08:28,633 INFO o.a.j.t.JMeterThread: Stopping: MainUserLoad 1-605
2026-03-25 09:08:28,633 WARN o.a.j.t.JMeterThread: Interrupting: MainUserLoad 1-605 sampler: 01 - HTTP GET Request: Veterinarians Page
2026-03-25 09:08:28,634 INFO o.a.j.t.JMeterThread: Stopping: MainUserLoad 1-129
2026-03-25 09:08:28,635 WARN o.a.j.t.JMeterThread: Interrupting: MainUserLoad 1-129 sampler: 02 - HTTP GET Request: Search Single Owner
2026-03-25 09:08:28,636 INFO o.a.j.t.JMeterThread: Stopping: MainUserLoad 1-413
2026-03-25 09:08:28,637 WARN o.a.j.t.JMeterThread: Interrupting: MainUserLoad 1-413 sampler: 02 - HTTP GET Request: Search Single Owner
2026-03-25 09:08:28,639 INFO o.a.j.t.JMeterThread: Stopping: MainUserLoad 1-242
2026-03-25 09:08:28,639 WARN o.a.j.t.JMeterThread: Interrupting: MainUserLoad 1-242 sampler: 02 - HTTP GET Request: Search Single Owner
2026-03-25 09:08:28,639 INFO o.a.j.t.JMeterThread: Thread finished: MainUserLoad 1-577
2026-03-25 09:08:28,639 INFO o.a.j.t.JMeterThread: Thread finished: MainUserLoad 1-810
2026-03-25 09:08:28,639 INFO o.a.j.t.JMeterThread: Thread finished: MainUserLoad 1-66
2026-03-25 09:08:28,639 INFO o.a.j.t.JMeterThread: Thread finished: MainUserLoad 1-151
2026-03-25 09:08:28,639 INFO o.a.j.t.JMeterThread: Stopping: MainUserLoad 1-337
2026-03-25 09:08:28,639 WARN o.a.j.t.JMeterThread: Interrupting: MainUserLoad 1-337 sampler: 03 - HTTP POST Request: Visits
2026-03-25 09:08:28,640 INFO o.a.j.t.JMeterThread: Stopping: MainUserLoad 1-300
2026-03-25 09:08:28,640 WARN o.a.j.t.JMeterThread: Interrupting: MainUserLoad 1-300 sampler: 04: HTTP  GET Request: Owners
2026-03-25 09:08:28,640 INFO o.a.j.t.JMeterThread: Stopping: MainUserLoad 1-399
2026-03-25 09:08:28,640 WARN o.a.j.t.JMeterThread: Interrupting: MainUserLoad 1-399 sampler: 04: HTTP  GET Request: Owners
2026-03-25 09:08:28,640 INFO o.a.j.t.JMeterThread: Stopping: MainUserLoad 1-778
2026-03-25 09:08:28,640 WARN o.a.j.t.JMeterThread: Interrupting: MainUserLoad 1-778 sampler: 04: HTTP  GET Request: Owners
2026-03-25 09:08:28,640 INFO o.a.j.t.JMeterThread: Stopping: MainUserLoad 1-793
2026-03-25 09:08:28,640 WARN o.a.j.t.JMeterThread: Interrupting: MainUserLoad 1-793 sampler: 04: HTTP  GET Request: Owners
2026-03-25 09:08:28,640 INFO o.a.j.t.JMeterThread: Stopping: MainUserLoad 1-918
2026-03-25 09:08:28,640 WARN o.a.j.t.JMeterThread: Interrupting: MainUserLoad 1-918 sampler: 02 - HTTP GET Request: Search Single Owner
2026-03-25 09:08:28,641 INFO o.a.j.t.JMeterThread: Stopping: MainUserLoad 1-58
2026-03-25 09:08:28,641 WARN o.a.j.t.JMeterThread: Interrupting: MainUserLoad 1-58 sampler: 02 - HTTP GET Request: Search Single Owner
2026-03-25 09:08:28,641 INFO o.a.j.t.JMeterThread: Stopping: MainUserLoad 1-512
2026-03-25 09:08:28,641 WARN o.a.j.t.JMeterThread: Interrupting: MainUserLoad 1-512 sampler: 04: HTTP  GET Request: Owners
2026-03-25 09:08:28,641 INFO o.a.j.t.JMeterThread: Stopping: MainUserLoad 1-294
2026-03-25 09:08:28,641 WARN o.a.j.t.JMeterThread: Interrupting: MainUserLoad 1-294 sampler: 04: HTTP  GET Request: Owners
2026-03-25 09:08:28,641 INFO o.a.j.t.JMeterThread: Stopping: MainUserLoad 1-288
2026-03-25 09:08:28,641 WARN o.a.j.t.JMeterThread: Interrupting: MainUserLoad 1-288 sampler: 02 - HTTP GET Request: Search Single Owner
2026-03-25 09:08:28,642 INFO o.a.j.t.JMeterThread: Stopping: MainUserLoad 1-496
2026-03-25 09:08:28,642 INFO o.a.j.t.JMeterThread: Thread finished: MainUserLoad 1-99
2026-03-25 09:08:28,642 INFO o.a.j.t.JMeterThread: Thread finished: MainUserLoad 1-78
2026-03-25 09:08:28,642 WARN o.a.j.t.JMeterThread: Interrupting: MainUserLoad 1-496 sampler: 02 - HTTP GET Request: Search Single Owner
2026-03-25 09:08:28,645 INFO o.a.j.t.JMeterThread: Thread finished: MainUserLoad 1-13
2026-03-25 09:08:28,646 INFO o.a.j.t.JMeterThread: Thread finished: MainUserLoad 1-695
2026-03-25 09:08:28,646 INFO o.a.j.t.JMeterThread: Stopping: MainUserLoad 1-499
2026-03-25 09:08:28,646 INFO o.a.j.t.JMeterThread: Thread finished: MainUserLoad 1-163
2026-03-25 09:08:28,646 INFO o.a.j.t.JMeterThread: Thread finished: MainUserLoad 1-844
2026-03-25 09:08:28,646 WARN o.a.j.t.JMeterThread: Interrupting: MainUserLoad 1-499 sampler: 04: HTTP  GET Request: Owners
2026-03-25 09:08:28,646 INFO o.a.j.t.JMeterThread: Stopping: MainUserLoad 1-894
2026-03-25 09:08:28,647 WARN o.a.j.t.JMeterThread: Interrupting: MainUserLoad 1-894 sampler: 03 - HTTP POST Request: Visits
2026-03-25 09:08:28,647 INFO o.a.j.t.JMeterThread: Thread finished: MainUserLoad 1-424
2026-03-25 09:08:28,647 INFO o.a.j.t.JMeterThread: Thread finished: MainUserLoad 1-566
2026-03-25 09:08:28,648 INFO o.a.j.t.JMeterThread: Stopping: MainUserLoad 1-765
2026-03-25 09:08:28,648 WARN o.a.j.t.JMeterThread: Interrupting: MainUserLoad 1-765 sampler: 02 - HTTP GET Request: Search Single Owner
2026-03-25 09:08:28,649 INFO o.a.j.t.JMeterThread: Stopping: MainUserLoad 1-883
2026-03-25 09:08:28,649 WARN o.a.j.t.JMeterThread: Interrupting: MainUserLoad 1-883 sampler: 02 - HTTP GET Request: Search Single Owner
2026-03-25 09:08:28,650 INFO o.a.j.t.JMeterThread: Stopping: MainUserLoad 1-461
2026-03-25 09:08:28,650 INFO o.a.j.t.JMeterThread: Thread finished: MainUserLoad 1-555
2026-03-25 09:08:28,650 WARN o.a.j.t.JMeterThread: Interrupting: MainUserLoad 1-461 sampler: 04: HTTP  GET Request: Owners
2026-03-25 09:08:28,650 INFO o.a.j.t.JMeterThread: Thread finished: MainUserLoad 1-160
2026-03-25 09:08:28,650 INFO o.a.j.t.JMeterThread: Stopping: MainUserLoad 1-904
2026-03-25 09:08:28,650 WARN o.a.j.t.JMeterThread: Interrupting: MainUserLoad 1-904 sampler: 04: HTTP  GET Request: Owners
2026-03-25 09:08:28,650 INFO o.a.j.t.JMeterThread: Thread finished: MainUserLoad 1-11
2026-03-25 09:08:28,651 INFO o.a.j.t.JMeterThread: Thread finished: MainUserLoad 1-828
2026-03-25 09:08:28,651 INFO o.a.j.t.JMeterThread: Thread finished: MainUserLoad 1-204
2026-03-25 09:08:28,651 INFO o.a.j.t.JMeterThread: Thread finished: MainUserLoad 1-190
2026-03-25 09:08:28,652 INFO o.a.j.t.JMeterThread: Stopping: MainUserLoad 1-125
2026-03-25 09:08:28,652 WARN o.a.j.t.JMeterThread: Interrupting: MainUserLoad 1-125 sampler: 04: HTTP  GET Request: Owners
2026-03-25 09:08:28,652 INFO o.a.j.t.JMeterThread: Thread finished: MainUserLoad 1-364
2026-03-25 09:08:28,652 INFO o.a.j.t.JMeterThread: Thread finished: MainUserLoad 1-3
2026-03-25 09:08:28,652 INFO o.a.j.t.JMeterThread: Thread finished: MainUserLoad 1-126
2026-03-25 09:08:28,652 INFO o.a.j.t.JMeterThread: Stopping: MainUserLoad 1-554
2026-03-25 09:08:28,652 WARN o.a.j.t.JMeterThread: Interrupting: MainUserLoad 1-554 sampler: 03 - HTTP POST Request: Visits
2026-03-25 09:08:28,652 INFO o.a.j.t.JMeterThread: Thread finished: MainUserLoad 1-751
2026-03-25 09:08:28,653 INFO o.a.j.t.JMeterThread: Thread finished: MainUserLoad 1-452
2026-03-25 09:08:28,653 INFO o.a.j.t.JMeterThread: Stopping: MainUserLoad 1-16
2026-03-25 09:08:28,653 WARN o.a.j.t.JMeterThread: Interrupting: MainUserLoad 1-16 sampler: 04: HTTP  GET Request: Owners
2026-03-25 09:08:28,654 INFO o.a.j.t.JMeterThread: Stopping: MainUserLoad 1-745
2026-03-25 09:08:28,654 WARN o.a.j.t.JMeterThread: Interrupting: MainUserLoad 1-745 sampler: 02 - HTTP GET Request: Search Single Owner
2026-03-25 09:08:28,654 INFO o.a.j.t.JMeterThread: Thread finished: MainUserLoad 1-166
2026-03-25 09:08:28,655 INFO o.a.j.t.JMeterThread: Thread finished: MainUserLoad 1-567
2026-03-25 09:08:28,655 INFO o.a.j.t.JMeterThread: Thread finished: MainUserLoad 1-63
2026-03-25 09:08:28,655 INFO o.a.j.t.JMeterThread: Thread finished: MainUserLoad 1-915
2026-03-25 09:08:28,655 INFO o.a.j.t.JMeterThread: Thread finished: MainUserLoad 1-826
2026-03-25 09:08:28,656 INFO o.a.j.t.JMeterThread: Thread finished: MainUserLoad 1-81
2026-03-25 09:08:28,657 INFO o.a.j.t.JMeterThread: Thread finished: MainUserLoad 1-483
2026-03-25 09:08:28,658 INFO o.a.j.t.JMeterThread: Thread finished: MainUserLoad 1-33
2026-03-25 09:08:28,654 INFO o.a.j.t.JMeterThread: Thread finished: MainUserLoad 1-813
2026-03-25 09:08:28,659 INFO o.a.j.t.JMeterThread: Thread finished: MainUserLoad 1-80
2026-03-25 09:08:28,654 INFO o.a.j.t.JMeterThread: Stopping: MainUserLoad 1-759
2026-03-25 09:08:28,659 INFO o.a.j.t.JMeterThread: Thread finished: MainUserLoad 1-605
2026-03-25 09:08:28,659 INFO o.a.j.t.JMeterThread: Thread finished: MainUserLoad 1-211
2026-03-25 09:08:28,659 WARN o.a.j.t.JMeterThread: Interrupting: MainUserLoad 1-759 sampler: 01 - HTTP GET Request: Veterinarians Page
2026-03-25 09:08:28,660 INFO o.a.j.t.JMeterThread: Stopping: MainUserLoad 1-899
2026-03-25 09:08:28,660 WARN o.a.j.t.JMeterThread: Interrupting: MainUserLoad 1-899 sampler: 02 - HTTP GET Request: Search Single Owner
2026-03-25 09:08:28,660 INFO o.a.j.t.JMeterThread: Stopping: MainUserLoad 1-527
2026-03-25 09:08:28,661 WARN o.a.j.t.JMeterThread: Interrupting: MainUserLoad 1-527 sampler: 04: HTTP  GET Request: Owners
2026-03-25 09:08:28,661 INFO o.a.j.t.JMeterThread: Stopping: MainUserLoad 1-526
2026-03-25 09:08:28,661 WARN o.a.j.t.JMeterThread: Interrupting: MainUserLoad 1-526 sampler: 04: HTTP  GET Request: Owners
2026-03-25 09:08:28,661 INFO o.a.j.t.JMeterThread: Stopping: MainUserLoad 1-1
2026-03-25 09:08:28,661 WARN o.a.j.t.JMeterThread: Interrupting: MainUserLoad 1-1 sampler: 04: HTTP  GET Request: Owners
2026-03-25 09:08:28,661 INFO o.a.j.t.JMeterThread: Stopping: MainUserLoad 1-725
2026-03-25 09:08:28,661 WARN o.a.j.t.JMeterThread: Interrupting: MainUserLoad 1-725 sampler: 04: HTTP  GET Request: Owners
2026-03-25 09:08:28,661 INFO o.a.j.t.JMeterThread: Stopping: MainUserLoad 1-911
2026-03-25 09:08:28,661 WARN o.a.j.t.JMeterThread: Interrupting: MainUserLoad 1-911 sampler: 04: HTTP  GET Request: Owners
2026-03-25 09:08:28,661 INFO o.a.j.t.JMeterThread: Thread finished: MainUserLoad 1-658
2026-03-25 09:08:28,661 INFO o.a.j.t.JMeterThread: Stopping: MainUserLoad 1-232
2026-03-25 09:08:28,661 WARN o.a.j.t.JMeterThread: Interrupting: MainUserLoad 1-232 sampler: 02 - HTTP GET Request: Search Single Owner
2026-03-25 09:08:28,662 INFO o.a.j.t.JMeterThread: Stopping: MainUserLoad 1-360
2026-03-25 09:08:28,662 WARN o.a.j.t.JMeterThread: Interrupting: MainUserLoad 1-360 sampler: 02 - HTTP GET Request: Search Single Owner
2026-03-25 09:08:28,663 INFO o.a.j.t.JMeterThread: Stopping: MainUserLoad 1-773
2026-03-25 09:08:28,663 WARN o.a.j.t.JMeterThread: Interrupting: MainUserLoad 1-773 sampler: 03 - HTTP POST Request: Visits
2026-03-25 09:08:28,664 INFO o.a.j.t.JMeterThread: Stopping: MainUserLoad 1-696
2026-03-25 09:08:28,664 WARN o.a.j.t.JMeterThread: Interrupting: MainUserLoad 1-696 sampler: 04: HTTP  GET Request: Owners
2026-03-25 09:08:28,664 INFO o.a.j.t.JMeterThread: Stopping: MainUserLoad 1-490
2026-03-25 09:08:28,665 WARN o.a.j.t.JMeterThread: Interrupting: MainUserLoad 1-490 sampler: 02 - HTTP GET Request: Search Single Owner
2026-03-25 09:08:28,666 INFO o.a.j.t.JMeterThread: Stopping: MainUserLoad 1-841
2026-03-25 09:08:28,667 WARN o.a.j.t.JMeterThread: Interrupting: MainUserLoad 1-841 sampler: 03 - HTTP POST Request: Visits
2026-03-25 09:08:28,668 INFO o.a.j.t.JMeterThread: Thread finished: MainUserLoad 1-129
2026-03-25 09:08:28,668 INFO o.a.j.t.JMeterThread: Stopping: MainUserLoad 1-910
2026-03-25 09:08:28,671 WARN o.a.j.t.JMeterThread: Interrupting: MainUserLoad 1-910 sampler: 01 - HTTP GET Request: Veterinarians Page
2026-03-25 09:08:28,673 INFO o.a.j.t.JMeterThread: Thread finished: MainUserLoad 1-413
2026-03-25 09:08:28,674 INFO o.a.j.t.JMeterThread: Stopping: MainUserLoad 1-40
2026-03-25 09:08:28,674 WARN o.a.j.t.JMeterThread: Interrupting: MainUserLoad 1-40 sampler: 02 - HTTP GET Request: Search Single Owner
2026-03-25 09:08:28,674 INFO o.a.j.t.JMeterThread: Thread finished: MainUserLoad 1-242
2026-03-25 09:08:28,674 INFO o.a.j.t.JMeterThread: Thread finished: MainUserLoad 1-337
2026-03-25 09:08:28,674 INFO o.a.j.t.JMeterThread: Thread finished: MainUserLoad 1-399
2026-03-25 09:08:28,674 INFO o.a.j.t.JMeterThread: Thread finished: MainUserLoad 1-300
2026-03-25 09:08:28,674 INFO o.a.j.t.JMeterThread: Thread finished: MainUserLoad 1-793
2026-03-25 09:08:28,674 INFO o.a.j.t.JMeterThread: Thread finished: MainUserLoad 1-918
2026-03-25 09:08:28,675 INFO o.a.j.t.JMeterThread: Thread finished: MainUserLoad 1-778
2026-03-25 09:08:28,675 INFO o.a.j.t.JMeterThread: Thread finished: MainUserLoad 1-294
2026-03-25 09:08:28,675 INFO o.a.j.t.JMeterThread: Thread finished: MainUserLoad 1-58
2026-03-25 09:08:28,679 INFO o.a.j.t.JMeterThread: Thread finished: MainUserLoad 1-512
2026-03-25 09:08:28,679 INFO o.a.j.t.JMeterThread: Thread finished: MainUserLoad 1-288
2026-03-25 09:08:28,680 INFO o.a.j.t.JMeterThread: Stopping: MainUserLoad 1-837
2026-03-25 09:08:28,680 WARN o.a.j.t.JMeterThread: Interrupting: MainUserLoad 1-837 sampler: 02 - HTTP GET Request: Search Single Owner
2026-03-25 09:08:28,680 INFO o.a.j.t.JMeterThread: Thread finished: MainUserLoad 1-496
2026-03-25 09:08:28,680 INFO o.a.j.t.JMeterThread: Stopping: MainUserLoad 1-928
2026-03-25 09:08:28,681 WARN o.a.j.t.JMeterThread: Interrupting: MainUserLoad 1-928 sampler: 01 - HTTP GET Request: Veterinarians Page
2026-03-25 09:08:28,682 INFO o.a.j.t.JMeterThread: Thread finished: MainUserLoad 1-499
2026-03-25 09:08:28,684 INFO o.a.j.t.JMeterThread: Stopping: MainUserLoad 1-971
2026-03-25 09:08:28,684 INFO o.a.j.t.JMeterThread: Thread finished: MainUserLoad 1-894
2026-03-25 09:08:28,684 WARN o.a.j.t.JMeterThread: Interrupting: MainUserLoad 1-971 sampler: 04: HTTP  GET Request: Owners
2026-03-25 09:08:28,685 INFO o.a.j.t.JMeterThread: Stopping: MainUserLoad 1-590
2026-03-25 09:08:28,685 WARN o.a.j.t.JMeterThread: Interrupting: MainUserLoad 1-590 sampler: 03 - HTTP POST Request: Visits
2026-03-25 09:08:28,686 INFO o.a.j.t.JMeterThread: Thread finished: MainUserLoad 1-765
2026-03-25 09:08:28,686 INFO o.a.j.t.JMeterThread: Thread finished: MainUserLoad 1-461
2026-03-25 09:08:28,686 INFO o.a.j.t.JMeterThread: Thread finished: MainUserLoad 1-904
2026-03-25 09:08:28,686 INFO o.a.j.t.JMeterThread: Thread finished: MainUserLoad 1-883
2026-03-25 09:08:28,686 INFO o.a.j.t.JMeterThread: Stopping: MainUserLoad 1-64
2026-03-25 09:08:28,686 WARN o.a.j.t.JMeterThread: Interrupting: MainUserLoad 1-64 sampler: 02 - HTTP GET Request: Search Single Owner
2026-03-25 09:08:28,688 INFO o.a.j.t.JMeterThread: Stopping: MainUserLoad 1-47
2026-03-25 09:08:28,688 INFO o.a.j.t.JMeterThread: Thread finished: MainUserLoad 1-554
2026-03-25 09:08:28,689 WARN o.a.j.t.JMeterThread: Interrupting: MainUserLoad 1-47 sampler: 02 - HTTP GET Request: Search Single Owner
2026-03-25 09:08:28,689 INFO o.a.j.t.JMeterThread: Thread finished: MainUserLoad 1-759
2026-03-25 09:08:28,689 INFO o.a.j.t.JMeterThread: Thread finished: MainUserLoad 1-899
2026-03-25 09:08:28,689 INFO o.a.j.t.JMeterThread: Thread finished: MainUserLoad 1-125
2026-03-25 09:08:28,689 INFO o.a.j.t.JMeterThread: Thread finished: MainUserLoad 1-745
2026-03-25 09:08:28,689 INFO o.a.j.t.JMeterThread: Thread finished: MainUserLoad 1-16
2026-03-25 09:08:28,689 INFO o.a.j.t.JMeterThread: Thread finished: MainUserLoad 1-1
2026-03-25 09:08:28,689 INFO o.a.j.t.JMeterThread: Thread finished: MainUserLoad 1-232
2026-03-25 09:08:28,689 INFO o.a.j.t.JMeterThread: Stopping: MainUserLoad 1-494
2026-03-25 09:08:28,689 INFO o.a.j.t.JMeterThread: Thread finished: MainUserLoad 1-725
2026-03-25 09:08:28,690 INFO o.a.j.t.JMeterThread: Thread finished: MainUserLoad 1-773
2026-03-25 09:08:28,690 INFO o.a.j.t.JMeterThread: Thread finished: MainUserLoad 1-360
2026-03-25 09:08:28,689 INFO o.a.j.t.JMeterThread: Thread finished: MainUserLoad 1-527
2026-03-25 09:08:28,690 INFO o.a.j.t.JMeterThread: Thread finished: MainUserLoad 1-696
2026-03-25 09:08:28,690 INFO o.a.j.t.JMeterThread: Thread finished: MainUserLoad 1-526
2026-03-25 09:08:28,690 INFO o.a.j.t.JMeterThread: Thread finished: MainUserLoad 1-841
2026-03-25 09:08:28,690 INFO o.a.j.t.JMeterThread: Thread finished: MainUserLoad 1-490
2026-03-25 09:08:28,689 WARN o.a.j.t.JMeterThread: Interrupting: MainUserLoad 1-494 sampler: 02 - HTTP GET Request: Search Single Owner
2026-03-25 09:08:28,690 INFO o.a.j.t.JMeterThread: Thread finished: MainUserLoad 1-911
2026-03-25 09:08:28,694 INFO o.a.j.t.JMeterThread: Stopping: MainUserLoad 1-922
2026-03-25 09:08:28,697 INFO o.a.j.t.JMeterThread: Thread finished: MainUserLoad 1-910
2026-03-25 09:08:28,698 INFO o.a.j.t.JMeterThread: Thread finished: MainUserLoad 1-40
2026-03-25 09:08:28,699 WARN o.a.j.t.JMeterThread: Interrupting: MainUserLoad 1-922 sampler: 01 - HTTP GET Request: Veterinarians Page
2026-03-25 09:08:28,699 INFO o.a.j.t.JMeterThread: Thread finished: MainUserLoad 1-837
2026-03-25 09:08:28,699 INFO o.a.j.t.JMeterThread: Thread finished: MainUserLoad 1-928
2026-03-25 09:08:28,699 INFO o.a.j.t.JMeterThread: Thread finished: MainUserLoad 1-590
2026-03-25 09:08:28,700 INFO o.a.j.t.JMeterThread: Thread finished: MainUserLoad 1-971
2026-03-25 09:08:28,700 INFO o.a.j.t.JMeterThread: Stopping: MainUserLoad 1-195
2026-03-25 09:08:28,701 INFO o.a.j.t.JMeterThread: Thread finished: MainUserLoad 1-64
2026-03-25 09:08:28,701 WARN o.a.j.t.JMeterThread: Interrupting: MainUserLoad 1-195 sampler: 02 - HTTP GET Request: Search Single Owner
2026-03-25 09:08:28,702 INFO o.a.j.t.JMeterThread: Stopping: MainUserLoad 1-5
2026-03-25 09:08:28,702 INFO o.a.j.t.JMeterThread: Thread finished: MainUserLoad 1-494
2026-03-25 09:08:28,702 INFO o.a.j.t.JMeterThread: Thread finished: MainUserLoad 1-47
2026-03-25 09:08:28,702 WARN o.a.j.t.JMeterThread: Interrupting: MainUserLoad 1-5 sampler: 01 - HTTP GET Request: Veterinarians Page
2026-03-25 09:08:28,704 INFO o.a.j.t.JMeterThread: Thread finished: MainUserLoad 1-195
2026-03-25 09:08:28,706 INFO o.a.j.t.JMeterThread: Thread finished: MainUserLoad 1-922
2026-03-25 09:08:28,708 INFO o.a.j.t.JMeterThread: Thread finished: MainUserLoad 1-5
2026-03-25 09:08:28,708 INFO o.a.j.t.JMeterThread: Stopping: MainUserLoad 1-90
2026-03-25 09:08:28,709 WARN o.a.j.t.JMeterThread: Interrupting: MainUserLoad 1-90 sampler: 02 - HTTP GET Request: Search Single Owner
2026-03-25 09:08:28,710 INFO o.a.j.t.JMeterThread: Stopping: MainUserLoad 1-259
2026-03-25 09:08:28,710 WARN o.a.j.t.JMeterThread: Interrupting: MainUserLoad 1-259 sampler: 04: HTTP  GET Request: Owners
2026-03-25 09:08:28,711 INFO o.a.j.t.JMeterThread: Stopping: MainUserLoad 1-733
2026-03-25 09:08:28,712 INFO o.a.j.t.JMeterThread: Thread finished: MainUserLoad 1-90
2026-03-25 09:08:28,721 INFO o.a.j.t.JMeterThread: Thread finished: MainUserLoad 1-259
2026-03-25 09:08:28,721 WARN o.a.j.t.JMeterThread: Interrupting: MainUserLoad 1-733 sampler: 04: HTTP  GET Request: Owners
2026-03-25 09:08:28,723 INFO o.a.j.t.JMeterThread: Stopping: MainUserLoad 1-106
2026-03-25 09:08:28,723 WARN o.a.j.t.JMeterThread: Interrupting: MainUserLoad 1-106 sampler: 04: HTTP  GET Request: Owners
2026-03-25 09:08:28,724 INFO o.a.j.t.JMeterThread: Thread finished: MainUserLoad 1-733
2026-03-25 09:08:28,725 INFO o.a.j.t.JMeterThread: Stopping: MainUserLoad 1-382
2026-03-25 09:08:28,736 INFO o.a.j.t.JMeterThread: Thread finished: MainUserLoad 1-106
2026-03-25 09:08:28,747 WARN o.a.j.t.JMeterThread: Interrupting: MainUserLoad 1-382 sampler: 02 - HTTP GET Request: Search Single Owner
2026-03-25 09:08:28,770 INFO o.a.j.t.JMeterThread: Stopping: MainUserLoad 1-534
2026-03-25 09:08:28,770 WARN o.a.j.t.JMeterThread: Interrupting: MainUserLoad 1-534 sampler: 04: HTTP  GET Request: Owners
2026-03-25 09:08:28,771 INFO o.a.j.t.JMeterThread: Stopping: MainUserLoad 1-206
2026-03-25 09:08:28,771 WARN o.a.j.t.JMeterThread: Interrupting: MainUserLoad 1-206 sampler: 04: HTTP  GET Request: Owners
2026-03-25 09:08:28,771 INFO o.a.j.t.JMeterThread: Stopping: MainUserLoad 1-283
2026-03-25 09:08:28,771 WARN o.a.j.t.JMeterThread: Interrupting: MainUserLoad 1-283 sampler: 03 - HTTP POST Request: Visits
2026-03-25 09:08:28,771 INFO o.a.j.t.JMeterThread: Stopping: MainUserLoad 1-92
2026-03-25 09:08:28,771 WARN o.a.j.t.JMeterThread: Interrupting: MainUserLoad 1-92 sampler: 02 - HTTP GET Request: Search Single Owner
2026-03-25 09:08:28,771 INFO o.a.j.t.JMeterThread: Stopping: MainUserLoad 1-650
2026-03-25 09:08:28,771 WARN o.a.j.t.JMeterThread: Interrupting: MainUserLoad 1-650 sampler: 04: HTTP  GET Request: Owners
2026-03-25 09:08:28,771 INFO o.a.j.t.JMeterThread: Stopping: MainUserLoad 1-776
2026-03-25 09:08:28,771 WARN o.a.j.t.JMeterThread: Interrupting: MainUserLoad 1-776 sampler: 04: HTTP  GET Request: Owners
2026-03-25 09:08:28,771 INFO o.a.j.t.JMeterThread: Stopping: MainUserLoad 1-96
2026-03-25 09:08:28,771 WARN o.a.j.t.JMeterThread: Interrupting: MainUserLoad 1-96 sampler: 03 - HTTP POST Request: Visits
2026-03-25 09:08:28,771 INFO o.a.j.t.JMeterThread: Stopping: MainUserLoad 1-46
2026-03-25 09:08:28,771 WARN o.a.j.t.JMeterThread: Interrupting: MainUserLoad 1-46 sampler: 02 - HTTP GET Request: Search Single Owner
2026-03-25 09:08:28,771 INFO o.a.j.t.JMeterThread: Stopping: MainUserLoad 1-292
2026-03-25 09:08:28,771 WARN o.a.j.t.JMeterThread: Interrupting: MainUserLoad 1-292 sampler: 02 - HTTP GET Request: Search Single Owner
2026-03-25 09:08:28,771 INFO o.a.j.t.JMeterThread: Stopping: MainUserLoad 1-323
2026-03-25 09:08:28,771 WARN o.a.j.t.JMeterThread: Interrupting: MainUserLoad 1-323 sampler: 04: HTTP  GET Request: Owners
2026-03-25 09:08:28,771 INFO o.a.j.t.JMeterThread: Stopping: MainUserLoad 1-293
2026-03-25 09:08:28,771 WARN o.a.j.t.JMeterThread: Interrupting: MainUserLoad 1-293 sampler: 04: HTTP  GET Request: Owners
2026-03-25 09:08:28,771 INFO o.a.j.t.JMeterThread: Stopping: MainUserLoad 1-558
2026-03-25 09:08:28,771 WARN o.a.j.t.JMeterThread: Interrupting: MainUserLoad 1-558 sampler: 04: HTTP  GET Request: Owners
2026-03-25 09:08:28,771 INFO o.a.j.t.JMeterThread: Stopping: MainUserLoad 1-583
2026-03-25 09:08:28,771 WARN o.a.j.t.JMeterThread: Interrupting: MainUserLoad 1-583 sampler: 03 - HTTP POST Request: Visits
2026-03-25 09:08:28,771 INFO o.a.j.t.JMeterThread: Stopping: MainUserLoad 1-69
2026-03-25 09:08:28,771 WARN o.a.j.t.JMeterThread: Interrupting: MainUserLoad 1-69 sampler: 02 - HTTP GET Request: Search Single Owner
2026-03-25 09:08:28,773 INFO o.a.j.t.JMeterThread: Stopping: MainUserLoad 1-193
2026-03-25 09:08:28,773 WARN o.a.j.t.JMeterThread: Interrupting: MainUserLoad 1-193 sampler: 04: HTTP  GET Request: Owners
2026-03-25 09:08:28,773 INFO o.a.j.t.JMeterThread: Stopping: MainUserLoad 1-610
2026-03-25 09:08:28,773 WARN o.a.j.t.JMeterThread: Interrupting: MainUserLoad 1-610 sampler: 02 - HTTP GET Request: Search Single Owner
2026-03-25 09:08:28,773 INFO o.a.j.t.JMeterThread: Stopping: MainUserLoad 1-670
2026-03-25 09:08:28,773 WARN o.a.j.t.JMeterThread: Interrupting: MainUserLoad 1-670 sampler: 02 - HTTP GET Request: Search Single Owner
2026-03-25 09:08:28,773 INFO o.a.j.t.JMeterThread: Stopping: MainUserLoad 1-720
2026-03-25 09:08:28,773 WARN o.a.j.t.JMeterThread: Interrupting: MainUserLoad 1-720 sampler: 04: HTTP  GET Request: Owners
2026-03-25 09:08:28,773 INFO o.a.j.t.JMeterThread: Stopping: MainUserLoad 1-560
2026-03-25 09:08:28,773 WARN o.a.j.t.JMeterThread: Interrupting: MainUserLoad 1-560 sampler: 04: HTTP  GET Request: Owners
2026-03-25 09:08:28,773 INFO o.a.j.t.JMeterThread: Stopping: MainUserLoad 1-479
2026-03-25 09:08:28,773 WARN o.a.j.t.JMeterThread: Interrupting: MainUserLoad 1-479 sampler: 02 - HTTP GET Request: Search Single Owner
2026-03-25 09:08:28,773 INFO o.a.j.t.JMeterThread: Stopping: MainUserLoad 1-827
2026-03-25 09:08:28,773 WARN o.a.j.t.JMeterThread: Interrupting: MainUserLoad 1-827 sampler: 02 - HTTP GET Request: Search Single Owner
2026-03-25 09:08:28,774 INFO o.a.j.t.JMeterThread: Stopping: MainUserLoad 1-976
2026-03-25 09:08:28,774 WARN o.a.j.t.JMeterThread: Interrupting: MainUserLoad 1-976 sampler: 04: HTTP  GET Request: Owners
2026-03-25 09:08:28,774 INFO o.a.j.t.JMeterThread: Stopping: MainUserLoad 1-983
2026-03-25 09:08:28,774 WARN o.a.j.t.JMeterThread: Interrupting: MainUserLoad 1-983 sampler: 04: HTTP  GET Request: Owners
2026-03-25 09:08:28,775 INFO o.a.j.t.JMeterThread: Stopping: MainUserLoad 1-260
2026-03-25 09:08:28,775 WARN o.a.j.t.JMeterThread: Interrupting: MainUserLoad 1-260 sampler: 02 - HTTP GET Request: Search Single Owner
2026-03-25 09:08:28,775 INFO o.a.j.t.JMeterThread: Stopping: MainUserLoad 1-738
2026-03-25 09:08:28,775 WARN o.a.j.t.JMeterThread: Interrupting: MainUserLoad 1-738 sampler: 02 - HTTP GET Request: Search Single Owner
2026-03-25 09:08:28,775 INFO o.a.j.t.JMeterThread: Stopping: MainUserLoad 1-989
2026-03-25 09:08:28,775 WARN o.a.j.t.JMeterThread: Interrupting: MainUserLoad 1-989 sampler: 02 - HTTP GET Request: Search Single Owner
2026-03-25 09:08:28,775 INFO o.a.j.t.JMeterThread: Stopping: MainUserLoad 1-598
2026-03-25 09:08:28,776 WARN o.a.j.t.JMeterThread: Interrupting: MainUserLoad 1-598 sampler: 02 - HTTP GET Request: Search Single Owner
2026-03-25 09:08:28,776 INFO o.a.j.t.JMeterThread: Stopping: MainUserLoad 1-780
2026-03-25 09:08:28,776 WARN o.a.j.t.JMeterThread: Interrupting: MainUserLoad 1-780 sampler: 03 - HTTP POST Request: Visits
2026-03-25 09:08:28,776 INFO o.a.j.t.JMeterThread: Stopping: MainUserLoad 1-727
2026-03-25 09:08:28,776 WARN o.a.j.t.JMeterThread: Interrupting: MainUserLoad 1-727 sampler: 04: HTTP  GET Request: Owners
2026-03-25 09:08:28,776 INFO o.a.j.t.JMeterThread: Thread finished: MainUserLoad 1-382
2026-03-25 09:08:28,777 INFO o.a.j.t.JMeterThread: Stopping: MainUserLoad 1-731
2026-03-25 09:08:28,777 WARN o.a.j.t.JMeterThread: Interrupting: MainUserLoad 1-731 sampler: 03 - HTTP POST Request: Visits
2026-03-25 09:08:28,777 INFO o.a.j.t.JMeterThread: Stopping: MainUserLoad 1-629
2026-03-25 09:08:28,777 INFO o.a.j.t.JMeterThread: Thread finished: MainUserLoad 1-534
2026-03-25 09:08:28,777 WARN o.a.j.t.JMeterThread: Interrupting: MainUserLoad 1-629 sampler: 04: HTTP  GET Request: Owners
2026-03-25 09:08:28,778 INFO o.a.j.t.JMeterThread: Stopping: MainUserLoad 1-882
2026-03-25 09:08:28,778 WARN o.a.j.t.JMeterThread: Interrupting: MainUserLoad 1-882 sampler: 02 - HTTP GET Request: Search Single Owner
2026-03-25 09:08:28,778 INFO o.a.j.t.JMeterThread: Stopping: MainUserLoad 1-255
2026-03-25 09:08:28,778 WARN o.a.j.t.JMeterThread: Interrupting: MainUserLoad 1-255 sampler: 02 - HTTP GET Request: Search Single Owner
2026-03-25 09:08:28,778 INFO o.a.j.t.JMeterThread: Thread finished: MainUserLoad 1-206
2026-03-25 09:08:28,778 INFO o.a.j.t.JMeterThread: Stopping: MainUserLoad 1-823
2026-03-25 09:08:28,778 WARN o.a.j.t.JMeterThread: Interrupting: MainUserLoad 1-823 sampler: 01 - HTTP GET Request: Veterinarians Page
2026-03-25 09:08:28,778 INFO o.a.j.t.JMeterThread: Stopping: MainUserLoad 1-98
2026-03-25 09:08:28,778 WARN o.a.j.t.JMeterThread: Interrupting: MainUserLoad 1-98 sampler: 04: HTTP  GET Request: Owners
2026-03-25 09:08:28,778 INFO o.a.j.t.JMeterThread: Stopping: MainUserLoad 1-1000
2026-03-25 09:08:28,780 WARN o.a.j.t.JMeterThread: Interrupting: MainUserLoad 1-1000 sampler: 03 - HTTP POST Request: Visits
2026-03-25 09:08:28,780 INFO o.a.j.t.JMeterThread: Stopping: MainUserLoad 1-664
2026-03-25 09:08:28,780 WARN o.a.j.t.JMeterThread: Interrupting: MainUserLoad 1-664 sampler: 03 - HTTP POST Request: Visits
2026-03-25 09:08:28,780 INFO o.a.j.t.JMeterThread: Stopping: MainUserLoad 1-326
2026-03-25 09:08:28,780 WARN o.a.j.t.JMeterThread: Interrupting: MainUserLoad 1-326 sampler: 02 - HTTP GET Request: Search Single Owner
2026-03-25 09:08:28,781 INFO o.a.j.t.JMeterThread: Stopping: MainUserLoad 1-957
2026-03-25 09:08:28,781 INFO o.a.j.t.JMeterThread: Thread finished: MainUserLoad 1-479
2026-03-25 09:08:28,781 INFO o.a.j.t.JMeterThread: Thread finished: MainUserLoad 1-720
2026-03-25 09:08:28,781 WARN o.a.j.t.JMeterThread: Interrupting: MainUserLoad 1-957 sampler: 02 - HTTP GET Request: Search Single Owner
2026-03-25 09:08:28,781 INFO o.a.j.t.JMeterThread: Thread finished: MainUserLoad 1-827
2026-03-25 09:08:28,781 INFO o.a.j.t.JMeterThread: Thread finished: MainUserLoad 1-193
2026-03-25 09:08:28,781 INFO o.a.j.t.JMeterThread: Thread finished: MainUserLoad 1-293
2026-03-25 09:08:28,781 INFO o.a.j.t.JMeterThread: Thread finished: MainUserLoad 1-283
2026-03-25 09:08:28,781 INFO o.a.j.t.JMeterThread: Thread finished: MainUserLoad 1-323
2026-03-25 09:08:28,782 INFO o.a.j.t.JMeterThread: Thread finished: MainUserLoad 1-92
2026-03-25 09:08:28,781 INFO o.a.j.t.JMeterThread: Thread finished: MainUserLoad 1-650
2026-03-25 09:08:28,781 INFO o.a.j.t.JMeterThread: Thread finished: MainUserLoad 1-292
2026-03-25 09:08:28,781 INFO o.a.j.t.JMeterThread: Thread finished: MainUserLoad 1-96
2026-03-25 09:08:28,782 INFO o.a.j.t.JMeterThread: Thread finished: MainUserLoad 1-46
2026-03-25 09:08:28,782 INFO o.a.j.t.JMeterThread: Thread finished: MainUserLoad 1-610
2026-03-25 09:08:28,782 INFO o.a.j.t.JMeterThread: Thread finished: MainUserLoad 1-69
2026-03-25 09:08:28,782 INFO o.a.j.t.JMeterThread: Thread finished: MainUserLoad 1-560
2026-03-25 09:08:28,782 INFO o.a.j.t.JMeterThread: Thread finished: MainUserLoad 1-976
2026-03-25 09:08:28,782 INFO o.a.j.t.JMeterThread: Stopping: MainUserLoad 1-653
2026-03-25 09:08:28,781 INFO o.a.j.t.JMeterThread: Thread finished: MainUserLoad 1-558
2026-03-25 09:08:28,782 INFO o.a.j.t.JMeterThread: Thread finished: MainUserLoad 1-670
2026-03-25 09:08:28,782 INFO o.a.j.t.JMeterThread: Thread finished: MainUserLoad 1-583
2026-03-25 09:08:28,782 INFO o.a.j.t.JMeterThread: Thread finished: MainUserLoad 1-776
2026-03-25 09:08:28,784 WARN o.a.j.t.JMeterThread: Interrupting: MainUserLoad 1-653 sampler: 02 - HTTP GET Request: Search Single Owner
2026-03-25 09:08:28,784 INFO o.a.j.t.JMeterThread: Thread finished: MainUserLoad 1-983
2026-03-25 09:08:28,785 INFO o.a.j.t.JMeterThread: Thread finished: MainUserLoad 1-738
2026-03-25 09:08:28,785 INFO o.a.j.t.JMeterThread: Stopping: MainUserLoad 1-763
2026-03-25 09:08:28,785 WARN o.a.j.t.JMeterThread: Interrupting: MainUserLoad 1-763 sampler: 01 - HTTP GET Request: Veterinarians Page
2026-03-25 09:08:28,785 INFO o.a.j.t.JMeterThread: Thread finished: MainUserLoad 1-260
2026-03-25 09:08:28,785 INFO o.a.j.t.JMeterThread: Stopping: MainUserLoad 1-36
2026-03-25 09:08:28,786 INFO o.a.j.t.JMeterThread: Thread finished: MainUserLoad 1-989
2026-03-25 09:08:28,786 WARN o.a.j.t.JMeterThread: Interrupting: MainUserLoad 1-36 sampler: 04: HTTP  GET Request: Owners
2026-03-25 09:08:28,786 INFO o.a.j.t.JMeterThread: Stopping: MainUserLoad 1-189
2026-03-25 09:08:28,786 WARN o.a.j.t.JMeterThread: Interrupting: MainUserLoad 1-189 sampler: 04: HTTP  GET Request: Owners
2026-03-25 09:08:28,786 INFO o.a.j.t.JMeterThread: Thread finished: MainUserLoad 1-780
2026-03-25 09:08:28,786 INFO o.a.j.t.JMeterThread: Stopping: MainUserLoad 1-916
2026-03-25 09:08:28,786 WARN o.a.j.t.JMeterThread: Interrupting: MainUserLoad 1-916 sampler: 04: HTTP  GET Request: Owners
2026-03-25 09:08:28,786 INFO o.a.j.t.JMeterThread: Thread finished: MainUserLoad 1-598
2026-03-25 09:08:28,786 INFO o.a.j.t.JMeterThread: Stopping: MainUserLoad 1-42
2026-03-25 09:08:28,786 WARN o.a.j.t.JMeterThread: Interrupting: MainUserLoad 1-42 sampler: 04: HTTP  GET Request: Owners
2026-03-25 09:08:28,787 INFO o.a.j.t.JMeterThread: Stopping: MainUserLoad 1-444
2026-03-25 09:08:28,787 WARN o.a.j.t.JMeterThread: Interrupting: MainUserLoad 1-444 sampler: 04: HTTP  GET Request: Owners
2026-03-25 09:08:28,787 INFO o.a.j.t.JMeterThread: Thread finished: MainUserLoad 1-727
2026-03-25 09:08:28,787 INFO o.a.j.t.JMeterThread: Stopping: MainUserLoad 1-368
2026-03-25 09:08:28,787 INFO o.a.j.t.JMeterThread: Thread finished: MainUserLoad 1-731
2026-03-25 09:08:28,787 WARN o.a.j.t.JMeterThread: Interrupting: MainUserLoad 1-368 sampler: 02 - HTTP GET Request: Search Single Owner
2026-03-25 09:08:28,787 INFO o.a.j.t.JMeterThread: Stopping: MainUserLoad 1-609
2026-03-25 09:08:28,787 WARN o.a.j.t.JMeterThread: Interrupting: MainUserLoad 1-609 sampler: 04: HTTP  GET Request: Owners
2026-03-25 09:08:28,788 INFO o.a.j.t.JMeterThread: Thread finished: MainUserLoad 1-629
2026-03-25 09:08:28,788 INFO o.a.j.t.JMeterThread: Stopping: MainUserLoad 1-866
2026-03-25 09:08:28,788 WARN o.a.j.t.JMeterThread: Interrupting: MainUserLoad 1-866 sampler: 04: HTTP  GET Request: Owners
2026-03-25 09:08:28,789 INFO o.a.j.t.JMeterThread: Stopping: MainUserLoad 1-961
2026-03-25 09:08:28,789 WARN o.a.j.t.JMeterThread: Interrupting: MainUserLoad 1-961 sampler: 01 - HTTP GET Request: Veterinarians Page
2026-03-25 09:08:28,789 INFO o.a.j.t.JMeterThread: Stopping: MainUserLoad 1-779
2026-03-25 09:08:28,789 WARN o.a.j.t.JMeterThread: Interrupting: MainUserLoad 1-779 sampler: 02 - HTTP GET Request: Search Single Owner
2026-03-25 09:08:28,789 INFO o.a.j.t.JMeterThread: Thread finished: MainUserLoad 1-882
2026-03-25 09:08:28,789 INFO o.a.j.t.JMeterThread: Stopping: MainUserLoad 1-226
2026-03-25 09:08:28,789 WARN o.a.j.t.JMeterThread: Interrupting: MainUserLoad 1-226 sampler: 02 - HTTP GET Request: Search Single Owner
2026-03-25 09:08:28,789 INFO o.a.j.t.JMeterThread: Stopping: MainUserLoad 1-19
2026-03-25 09:08:28,789 WARN o.a.j.t.JMeterThread: Interrupting: MainUserLoad 1-19 sampler: 02 - HTTP GET Request: Search Single Owner
2026-03-25 09:08:28,789 INFO o.a.j.t.JMeterThread: Thread finished: MainUserLoad 1-255
2026-03-25 09:08:28,789 INFO o.a.j.t.JMeterThread: Stopping: MainUserLoad 1-811
2026-03-25 09:08:28,790 INFO o.a.j.t.JMeterThread: Thread finished: MainUserLoad 1-823
2026-03-25 09:08:28,790 WARN o.a.j.t.JMeterThread: Interrupting: MainUserLoad 1-811 sampler: 02 - HTTP GET Request: Search Single Owner
2026-03-25 09:08:28,790 INFO o.a.j.t.JMeterThread: Thread finished: MainUserLoad 1-98
2026-03-25 09:08:28,790 INFO o.a.j.t.JMeterThread: Stopping: MainUserLoad 1-905
2026-03-25 09:08:28,790 WARN o.a.j.t.JMeterThread: Interrupting: MainUserLoad 1-905 sampler: 03 - HTTP POST Request: Visits
2026-03-25 09:08:28,790 INFO o.a.j.t.JMeterThread: Thread finished: MainUserLoad 1-1000
2026-03-25 09:08:28,790 INFO o.a.j.t.JMeterThread: Stopping: MainUserLoad 1-138
2026-03-25 09:08:28,790 WARN o.a.j.t.JMeterThread: Interrupting: MainUserLoad 1-138 sampler: 04: HTTP  GET Request: Owners
2026-03-25 09:08:28,791 INFO o.a.j.t.JMeterThread: Stopping: MainUserLoad 1-953
2026-03-25 09:08:28,791 WARN o.a.j.t.JMeterThread: Interrupting: MainUserLoad 1-953 sampler: 04: HTTP  GET Request: Owners
2026-03-25 09:08:28,791 INFO o.a.j.t.JMeterThread: Thread finished: MainUserLoad 1-664
2026-03-25 09:08:28,791 INFO o.a.j.t.JMeterThread: Thread finished: MainUserLoad 1-326
2026-03-25 09:08:28,792 INFO o.a.j.t.JMeterThread: Stopping: MainUserLoad 1-309
2026-03-25 09:08:28,792 WARN o.a.j.t.JMeterThread: Interrupting: MainUserLoad 1-309 sampler: 04: HTTP  GET Request: Owners
2026-03-25 09:08:28,792 INFO o.a.j.t.JMeterThread: Stopping: MainUserLoad 1-250
2026-03-25 09:08:28,792 WARN o.a.j.t.JMeterThread: Interrupting: MainUserLoad 1-250 sampler: 04: HTTP  GET Request: Owners
2026-03-25 09:08:28,792 INFO o.a.j.t.JMeterThread: Stopping: MainUserLoad 1-423
2026-03-25 09:08:28,792 WARN o.a.j.t.JMeterThread: Interrupting: MainUserLoad 1-423 sampler: 01 - HTTP GET Request: Veterinarians Page
2026-03-25 09:08:28,792 INFO o.a.j.t.JMeterThread: Stopping: MainUserLoad 1-646
2026-03-25 09:08:28,792 WARN o.a.j.t.JMeterThread: Interrupting: MainUserLoad 1-646 sampler: 04: HTTP  GET Request: Owners
2026-03-25 09:08:28,792 INFO o.a.j.t.JMeterThread: Stopping: MainUserLoad 1-215
2026-03-25 09:08:28,793 INFO o.a.j.t.JMeterThread: Thread finished: MainUserLoad 1-957
2026-03-25 09:08:28,793 WARN o.a.j.t.JMeterThread: Interrupting: MainUserLoad 1-215 sampler: 04: HTTP  GET Request: Owners
2026-03-25 09:08:28,793 INFO o.a.j.t.JMeterThread: Stopping: MainUserLoad 1-456
2026-03-25 09:08:28,793 WARN o.a.j.t.JMeterThread: Interrupting: MainUserLoad 1-456 sampler: 04: HTTP  GET Request: Owners
2026-03-25 09:08:28,793 INFO o.a.j.t.JMeterThread: Stopping: MainUserLoad 1-998
2026-03-25 09:08:28,793 WARN o.a.j.t.JMeterThread: Interrupting: MainUserLoad 1-998 sampler: 04: HTTP  GET Request: Owners
2026-03-25 09:08:28,794 INFO o.a.j.t.JMeterThread: Thread finished: MainUserLoad 1-653
2026-03-25 09:08:28,794 INFO o.a.j.t.JMeterThread: Stopping: MainUserLoad 1-274
2026-03-25 09:08:28,795 WARN o.a.j.t.JMeterThread: Interrupting: MainUserLoad 1-274 sampler: 04: HTTP  GET Request: Owners
2026-03-25 09:08:28,795 INFO o.a.j.t.JMeterThread: Thread finished: MainUserLoad 1-763
2026-03-25 09:08:28,795 INFO o.a.j.t.JMeterThread: Stopping: MainUserLoad 1-271
2026-03-25 09:08:28,795 WARN o.a.j.t.JMeterThread: Interrupting: MainUserLoad 1-271 sampler: 04: HTTP  GET Request: Owners
2026-03-25 09:08:28,795 INFO o.a.j.t.JMeterThread: Stopping: MainUserLoad 1-673
2026-03-25 09:08:28,795 INFO o.a.j.t.JMeterThread: Thread finished: MainUserLoad 1-36
2026-03-25 09:08:28,795 WARN o.a.j.t.JMeterThread: Interrupting: MainUserLoad 1-673 sampler: 02 - HTTP GET Request: Search Single Owner
2026-03-25 09:08:28,796 INFO o.a.j.t.JMeterThread: Thread finished: MainUserLoad 1-916
2026-03-25 09:08:28,796 INFO o.a.j.t.JMeterThread: Thread finished: MainUserLoad 1-189
2026-03-25 09:08:28,796 INFO o.a.j.t.JMeterThread: Thread finished: MainUserLoad 1-42
2026-03-25 09:08:28,796 INFO o.a.j.t.JMeterThread: Stopping: MainUserLoad 1-76
2026-03-25 09:08:28,797 WARN o.a.j.t.JMeterThread: Interrupting: MainUserLoad 1-76 sampler: 04: HTTP  GET Request: Owners
2026-03-25 09:08:28,797 INFO o.a.j.t.JMeterThread: Thread finished: MainUserLoad 1-444
2026-03-25 09:08:28,797 INFO o.a.j.t.JMeterThread: Stopping: MainUserLoad 1-531
2026-03-25 09:08:28,797 WARN o.a.j.t.JMeterThread: Interrupting: MainUserLoad 1-531 sampler: 04: HTTP  GET Request: Owners
2026-03-25 09:08:28,797 INFO o.a.j.t.JMeterThread: Thread finished: MainUserLoad 1-866
2026-03-25 09:08:28,797 INFO o.a.j.t.JMeterThread: Stopping: MainUserLoad 1-739
2026-03-25 09:08:28,797 WARN o.a.j.t.JMeterThread: Interrupting: MainUserLoad 1-739 sampler: 02 - HTTP GET Request: Search Single Owner
2026-03-25 09:08:28,798 INFO o.a.j.t.JMeterThread: Thread finished: MainUserLoad 1-368
2026-03-25 09:08:28,798 INFO o.a.j.t.JMeterThread: Thread finished: MainUserLoad 1-609
2026-03-25 09:08:28,798 INFO o.a.j.t.JMeterThread: Thread finished: MainUserLoad 1-961
2026-03-25 09:08:28,798 INFO o.a.j.t.JMeterThread: Stopping: MainUserLoad 1-437
2026-03-25 09:08:28,798 WARN o.a.j.t.JMeterThread: Interrupting: MainUserLoad 1-437 sampler: 03 - HTTP POST Request: Visits
2026-03-25 09:08:28,798 INFO o.a.j.t.JMeterThread: Thread finished: MainUserLoad 1-779
2026-03-25 09:08:28,798 INFO o.a.j.t.JMeterThread: Thread finished: MainUserLoad 1-19
2026-03-25 09:08:28,798 INFO o.a.j.t.JMeterThread: Thread finished: MainUserLoad 1-905
2026-03-25 09:08:28,798 INFO o.a.j.t.JMeterThread: Stopping: MainUserLoad 1-891
2026-03-25 09:08:28,799 INFO o.a.j.t.JMeterThread: Thread finished: MainUserLoad 1-811
2026-03-25 09:08:28,799 INFO o.a.j.t.JMeterThread: Thread finished: MainUserLoad 1-226
2026-03-25 09:08:28,799 INFO o.a.j.t.JMeterThread: Thread finished: MainUserLoad 1-138
2026-03-25 09:08:28,799 WARN o.a.j.t.JMeterThread: Interrupting: MainUserLoad 1-891 sampler: 02 - HTTP GET Request: Search Single Owner
2026-03-25 09:08:28,799 INFO o.a.j.t.JMeterThread: Thread finished: MainUserLoad 1-953
2026-03-25 09:08:28,800 INFO o.a.j.t.JMeterThread: Thread finished: MainUserLoad 1-309
2026-03-25 09:08:28,800 INFO o.a.j.t.JMeterThread: Thread finished: MainUserLoad 1-423
2026-03-25 09:08:28,800 INFO o.a.j.t.JMeterThread: Stopping: MainUserLoad 1-848
2026-03-25 09:08:28,800 INFO o.a.j.t.JMeterThread: Thread finished: MainUserLoad 1-250
2026-03-25 09:08:28,800 WARN o.a.j.t.JMeterThread: Interrupting: MainUserLoad 1-848 sampler: 02 - HTTP GET Request: Search Single Owner
2026-03-25 09:08:28,800 INFO o.a.j.t.JMeterThread: Thread finished: MainUserLoad 1-646
2026-03-25 09:08:28,800 INFO o.a.j.t.JMeterThread: Thread finished: MainUserLoad 1-215
2026-03-25 09:08:28,800 INFO o.a.j.t.JMeterThread: Thread finished: MainUserLoad 1-456
2026-03-25 09:08:28,801 INFO o.a.j.t.JMeterThread: Stopping: MainUserLoad 1-716
2026-03-25 09:08:28,801 INFO o.a.j.t.JMeterThread: Thread finished: MainUserLoad 1-998
2026-03-25 09:08:28,801 WARN o.a.j.t.JMeterThread: Interrupting: MainUserLoad 1-716 sampler: 04: HTTP  GET Request: Owners
2026-03-25 09:08:28,801 INFO o.a.j.t.JMeterThread: Stopping: MainUserLoad 1-71
2026-03-25 09:08:28,801 WARN o.a.j.t.JMeterThread: Interrupting: MainUserLoad 1-71 sampler: 04: HTTP  GET Request: Owners
2026-03-25 09:08:28,801 INFO o.a.j.t.JMeterThread: Stopping: MainUserLoad 1-74
2026-03-25 09:08:28,801 WARN o.a.j.t.JMeterThread: Interrupting: MainUserLoad 1-74 sampler: 04: HTTP  GET Request: Owners
2026-03-25 09:08:28,802 INFO o.a.j.t.JMeterThread: Thread finished: MainUserLoad 1-274
2026-03-25 09:08:28,802 INFO o.a.j.t.JMeterThread: Stopping: MainUserLoad 1-198
2026-03-25 09:08:28,802 INFO o.a.j.t.JMeterThread: Thread finished: MainUserLoad 1-673
2026-03-25 09:08:28,802 WARN o.a.j.t.JMeterThread: Interrupting: MainUserLoad 1-198 sampler: 03 - HTTP POST Request: Visits
2026-03-25 09:08:28,802 INFO o.a.j.t.JMeterThread: Thread finished: MainUserLoad 1-271
2026-03-25 09:08:28,802 INFO o.a.j.t.JMeterThread: Stopping: MainUserLoad 1-197
2026-03-25 09:08:28,802 WARN o.a.j.t.JMeterThread: Interrupting: MainUserLoad 1-197 sampler: 03 - HTTP POST Request: Visits
2026-03-25 09:08:28,802 INFO o.a.j.t.JMeterThread: Stopping: MainUserLoad 1-486
2026-03-25 09:08:28,802 INFO o.a.j.t.JMeterThread: Thread finished: MainUserLoad 1-531
2026-03-25 09:08:28,802 INFO o.a.j.t.JMeterThread: Thread finished: MainUserLoad 1-76
2026-03-25 09:08:28,803 WARN o.a.j.t.JMeterThread: Interrupting: MainUserLoad 1-486 sampler: 01 - HTTP GET Request: Veterinarians Page
2026-03-25 09:08:28,803 INFO o.a.j.t.JMeterThread: Thread finished: MainUserLoad 1-437
2026-03-25 09:08:28,803 INFO o.a.j.t.JMeterThread: Thread finished: MainUserLoad 1-739
2026-03-25 09:08:28,803 INFO o.a.j.t.JMeterThread: Stopping: MainUserLoad 1-768
2026-03-25 09:08:28,803 WARN o.a.j.t.JMeterThread: Interrupting: MainUserLoad 1-768 sampler: 04: HTTP  GET Request: Owners
2026-03-25 09:08:28,803 INFO o.a.j.t.JMeterThread: Stopping: MainUserLoad 1-187
2026-03-25 09:08:28,803 WARN o.a.j.t.JMeterThread: Interrupting: MainUserLoad 1-187 sampler: 04: HTTP  GET Request: Owners
2026-03-25 09:08:28,804 INFO o.a.j.t.JMeterThread: Stopping: MainUserLoad 1-877
2026-03-25 09:08:28,804 WARN o.a.j.t.JMeterThread: Interrupting: MainUserLoad 1-877 sampler: 02 - HTTP GET Request: Search Single Owner
2026-03-25 09:08:28,804 INFO o.a.j.t.JMeterThread: Thread finished: MainUserLoad 1-891
2026-03-25 09:08:28,804 INFO o.a.j.t.JMeterThread: Stopping: MainUserLoad 1-885
2026-03-25 09:08:28,804 WARN o.a.j.t.JMeterThread: Interrupting: MainUserLoad 1-885 sampler: 04: HTTP  GET Request: Owners
2026-03-25 09:08:28,804 INFO o.a.j.t.JMeterThread: Stopping: MainUserLoad 1-279
2026-03-25 09:08:28,804 INFO o.a.j.t.JMeterThread: Thread finished: MainUserLoad 1-848
2026-03-25 09:08:28,804 WARN o.a.j.t.JMeterThread: Interrupting: MainUserLoad 1-279 sampler: 03 - HTTP POST Request: Visits
2026-03-25 09:08:28,804 INFO o.a.j.t.JMeterThread: Thread finished: MainUserLoad 1-716
2026-03-25 09:08:28,805 INFO o.a.j.t.JMeterThread: Thread finished: MainUserLoad 1-74
2026-03-25 09:08:28,805 INFO o.a.j.t.JMeterThread: Stopping: MainUserLoad 1-478
2026-03-25 09:08:28,805 WARN o.a.j.t.JMeterThread: Interrupting: MainUserLoad 1-478 sampler: 03 - HTTP POST Request: Visits
2026-03-25 09:08:28,805 INFO o.a.j.t.JMeterThread: Thread finished: MainUserLoad 1-71
2026-03-25 09:08:28,805 INFO o.a.j.t.JMeterThread: Thread finished: MainUserLoad 1-198
2026-03-25 09:08:28,805 INFO o.a.j.t.JMeterThread: Stopping: MainUserLoad 1-404
2026-03-25 09:08:28,805 WARN o.a.j.t.JMeterThread: Interrupting: MainUserLoad 1-404 sampler: 02 - HTTP GET Request: Search Single Owner
2026-03-25 09:08:28,805 INFO o.a.j.t.JMeterThread: Stopping: MainUserLoad 1-509
2026-03-25 09:08:28,805 WARN o.a.j.t.JMeterThread: Interrupting: MainUserLoad 1-509 sampler: 03 - HTTP POST Request: Visits
2026-03-25 09:08:28,805 INFO o.a.j.t.JMeterThread: Stopping: MainUserLoad 1-247
2026-03-25 09:08:28,805 INFO o.a.j.t.JMeterThread: Thread finished: MainUserLoad 1-197
2026-03-25 09:08:28,805 WARN o.a.j.t.JMeterThread: Interrupting: MainUserLoad 1-247 sampler: 04: HTTP  GET Request: Owners
2026-03-25 09:08:28,805 INFO o.a.j.t.JMeterThread: Stopping: MainUserLoad 1-498
2026-03-25 09:08:28,805 WARN o.a.j.t.JMeterThread: Interrupting: MainUserLoad 1-498 sampler: 04: HTTP  GET Request: Owners
2026-03-25 09:08:28,805 INFO o.a.j.t.JMeterThread: Stopping: MainUserLoad 1-240
2026-03-25 09:08:28,805 WARN o.a.j.t.JMeterThread: Interrupting: MainUserLoad 1-240 sampler: 04: HTTP  GET Request: Owners
2026-03-25 09:08:28,805 INFO o.a.j.t.JMeterThread: Stopping: MainUserLoad 1-35
2026-03-25 09:08:28,807 WARN o.a.j.t.JMeterThread: Interrupting: MainUserLoad 1-35 sampler: 02 - HTTP GET Request: Search Single Owner
2026-03-25 09:08:28,807 INFO o.a.j.t.JMeterThread: Thread finished: MainUserLoad 1-486
2026-03-25 09:08:28,807 INFO o.a.j.t.JMeterThread: Stopping: MainUserLoad 1-101
2026-03-25 09:08:28,807 WARN o.a.j.t.JMeterThread: Interrupting: MainUserLoad 1-101 sampler: 02 - HTTP GET Request: Search Single Owner
2026-03-25 09:08:28,807 INFO o.a.j.t.JMeterThread: Thread finished: MainUserLoad 1-768
2026-03-25 09:08:28,807 INFO o.a.j.t.JMeterThread: Stopping: MainUserLoad 1-774
2026-03-25 09:08:28,807 WARN o.a.j.t.JMeterThread: Interrupting: MainUserLoad 1-774 sampler: 04: HTTP  GET Request: Owners
2026-03-25 09:08:28,808 INFO o.a.j.t.JMeterThread: Stopping: MainUserLoad 1-889
2026-03-25 09:08:28,808 WARN o.a.j.t.JMeterThread: Interrupting: MainUserLoad 1-889 sampler: 02 - HTTP GET Request: Search Single Owner
2026-03-25 09:08:28,808 INFO o.a.j.t.JMeterThread: Thread finished: MainUserLoad 1-877
2026-03-25 09:08:28,808 INFO o.a.j.t.JMeterThread: Thread finished: MainUserLoad 1-187
2026-03-25 09:08:28,808 INFO o.a.j.t.JMeterThread: Stopping: MainUserLoad 1-116
2026-03-25 09:08:28,808 WARN o.a.j.t.JMeterThread: Interrupting: MainUserLoad 1-116 sampler: 04: HTTP  GET Request: Owners
2026-03-25 09:08:28,808 INFO o.a.j.t.JMeterThread: Stopping: MainUserLoad 1-636
2026-03-25 09:08:28,808 WARN o.a.j.t.JMeterThread: Interrupting: MainUserLoad 1-636 sampler: 03 - HTTP POST Request: Visits
2026-03-25 09:08:28,808 INFO o.a.j.t.JMeterThread: Stopping: MainUserLoad 1-557
2026-03-25 09:08:28,808 WARN o.a.j.t.JMeterThread: Interrupting: MainUserLoad 1-557 sampler: 02 - HTTP GET Request: Search Single Owner
2026-03-25 09:08:28,808 INFO o.a.j.t.JMeterThread: Thread finished: MainUserLoad 1-885
2026-03-25 09:08:28,810 INFO o.a.j.t.JMeterThread: Stopping: MainUserLoad 1-758
2026-03-25 09:08:28,810 WARN o.a.j.t.JMeterThread: Interrupting: MainUserLoad 1-758 sampler: 03 - HTTP POST Request: Visits
2026-03-25 09:08:28,810 INFO o.a.j.t.JMeterThread: Thread finished: MainUserLoad 1-279
2026-03-25 09:08:28,810 INFO o.a.j.t.JMeterThread: Stopping: MainUserLoad 1-8
2026-03-25 09:08:28,810 WARN o.a.j.t.JMeterThread: Interrupting: MainUserLoad 1-8 sampler: 04: HTTP  GET Request: Owners
2026-03-25 09:08:28,811 INFO o.a.j.t.JMeterThread: Stopping: MainUserLoad 1-103
2026-03-25 09:08:28,811 WARN o.a.j.t.JMeterThread: Interrupting: MainUserLoad 1-103 sampler: 02 - HTTP GET Request: Search Single Owner
2026-03-25 09:08:28,811 INFO o.a.j.t.JMeterThread: Stopping: MainUserLoad 1-540
2026-03-25 09:08:28,811 WARN o.a.j.t.JMeterThread: Interrupting: MainUserLoad 1-540 sampler: 04: HTTP  GET Request: Owners
2026-03-25 09:08:28,811 INFO o.a.j.t.JMeterThread: Thread finished: MainUserLoad 1-478
2026-03-25 09:08:28,811 INFO o.a.j.t.JMeterThread: Thread finished: MainUserLoad 1-509
2026-03-25 09:08:28,811 INFO o.a.j.t.JMeterThread: Thread finished: MainUserLoad 1-404
2026-03-25 09:08:28,811 INFO o.a.j.t.JMeterThread: Stopping: MainUserLoad 1-362
2026-03-25 09:08:28,812 WARN o.a.j.t.JMeterThread: Interrupting: MainUserLoad 1-362 sampler: 03 - HTTP POST Request: Visits
2026-03-25 09:08:28,812 INFO o.a.j.t.JMeterThread: Thread finished: MainUserLoad 1-498
2026-03-25 09:08:28,812 INFO o.a.j.t.JMeterThread: Thread finished: MainUserLoad 1-247
2026-03-25 09:08:28,812 INFO o.a.j.t.JMeterThread: Thread finished: MainUserLoad 1-240
2026-03-25 09:08:28,813 INFO o.a.j.t.JMeterThread: Stopping: MainUserLoad 1-999
2026-03-25 09:08:28,813 WARN o.a.j.t.JMeterThread: Interrupting: MainUserLoad 1-999 sampler: 01 - HTTP GET Request: Veterinarians Page
2026-03-25 09:08:28,813 INFO o.a.j.t.JMeterThread: Stopping: MainUserLoad 1-313
2026-03-25 09:08:28,813 INFO o.a.j.t.JMeterThread: Thread finished: MainUserLoad 1-101
2026-03-25 09:08:28,813 WARN o.a.j.t.JMeterThread: Interrupting: MainUserLoad 1-313 sampler: 02 - HTTP GET Request: Search Single Owner
2026-03-25 09:08:28,813 INFO o.a.j.t.JMeterThread: Thread finished: MainUserLoad 1-35
2026-03-25 09:08:28,813 INFO o.a.j.t.JMeterThread: Thread finished: MainUserLoad 1-774
2026-03-25 09:08:28,814 INFO o.a.j.t.JMeterThread: Thread finished: MainUserLoad 1-889
2026-03-25 09:08:28,814 INFO o.a.j.t.JMeterThread: Thread finished: MainUserLoad 1-636
2026-03-25 09:08:28,814 INFO o.a.j.t.JMeterThread: Thread finished: MainUserLoad 1-116
2026-03-25 09:08:28,814 INFO o.a.j.t.JMeterThread: Stopping: MainUserLoad 1-619
2026-03-25 09:08:28,815 INFO o.a.j.t.JMeterThread: Thread finished: MainUserLoad 1-557
2026-03-25 09:08:28,815 INFO o.a.j.t.JMeterThread: Thread finished: MainUserLoad 1-758
2026-03-25 09:08:28,815 WARN o.a.j.t.JMeterThread: Interrupting: MainUserLoad 1-619 sampler: 04: HTTP  GET Request: Owners
2026-03-25 09:08:28,815 INFO o.a.j.t.JMeterThread: Thread finished: MainUserLoad 1-8
2026-03-25 09:08:28,815 INFO o.a.j.t.JMeterThread: Thread finished: MainUserLoad 1-540
2026-03-25 09:08:28,815 INFO o.a.j.t.JMeterThread: Thread finished: MainUserLoad 1-103
2026-03-25 09:08:28,816 INFO o.a.j.t.JMeterThread: Stopping: MainUserLoad 1-707
2026-03-25 09:08:28,816 INFO o.a.j.t.JMeterThread: Thread finished: MainUserLoad 1-362
2026-03-25 09:08:28,816 WARN o.a.j.t.JMeterThread: Interrupting: MainUserLoad 1-707 sampler: 01 - HTTP GET Request: Veterinarians Page
2026-03-25 09:08:28,816 INFO o.a.j.t.JMeterThread: Thread finished: MainUserLoad 1-999
2026-03-25 09:08:28,817 INFO o.a.j.t.JMeterThread: Stopping: MainUserLoad 1-408
2026-03-25 09:08:28,817 WARN o.a.j.t.JMeterThread: Interrupting: MainUserLoad 1-408 sampler: 02 - HTTP GET Request: Search Single Owner
2026-03-25 09:08:28,817 INFO o.a.j.t.JMeterThread: Stopping: MainUserLoad 1-808
2026-03-25 09:08:28,817 WARN o.a.j.t.JMeterThread: Interrupting: MainUserLoad 1-808 sampler: 03 - HTTP POST Request: Visits
2026-03-25 09:08:28,817 INFO o.a.j.t.JMeterThread: Thread finished: MainUserLoad 1-313
2026-03-25 09:08:28,818 INFO o.a.j.t.JMeterThread: Stopping: MainUserLoad 1-533
2026-03-25 09:08:28,818 WARN o.a.j.t.JMeterThread: Interrupting: MainUserLoad 1-533 sampler: 04: HTTP  GET Request: Owners
2026-03-25 09:08:28,818 INFO o.a.j.t.JMeterThread: Stopping: MainUserLoad 1-225
2026-03-25 09:08:28,818 WARN o.a.j.t.JMeterThread: Interrupting: MainUserLoad 1-225 sampler: 04: HTTP  GET Request: Owners
2026-03-25 09:08:28,819 INFO o.a.j.t.JMeterThread: Thread finished: MainUserLoad 1-619
2026-03-25 09:08:28,819 INFO o.a.j.t.JMeterThread: Stopping: MainUserLoad 1-898
2026-03-25 09:08:28,819 INFO o.a.j.t.JMeterThread: Thread finished: MainUserLoad 1-707
2026-03-25 09:08:28,819 WARN o.a.j.t.JMeterThread: Interrupting: MainUserLoad 1-898 sampler: 03 - HTTP POST Request: Visits
2026-03-25 09:08:28,819 INFO o.a.j.t.JMeterThread: Stopping: MainUserLoad 1-660
2026-03-25 09:08:28,819 WARN o.a.j.t.JMeterThread: Interrupting: MainUserLoad 1-660 sampler: 01 - HTTP GET Request: Veterinarians Page
2026-03-25 09:08:28,819 INFO o.a.j.t.JMeterThread: Thread finished: MainUserLoad 1-408
2026-03-25 09:08:28,820 INFO o.a.j.t.JMeterThread: Thread finished: MainUserLoad 1-808
2026-03-25 09:08:28,820 INFO o.a.j.t.JMeterThread: Stopping: MainUserLoad 1-975
2026-03-25 09:08:28,820 WARN o.a.j.t.JMeterThread: Interrupting: MainUserLoad 1-975 sampler: 04: HTTP  GET Request: Owners
2026-03-25 09:08:28,820 INFO o.a.j.t.JMeterThread: Stopping: MainUserLoad 1-136
2026-03-25 09:08:28,820 WARN o.a.j.t.JMeterThread: Interrupting: MainUserLoad 1-136 sampler: 04: HTTP  GET Request: Owners
2026-03-25 09:08:28,821 INFO o.a.j.t.JMeterThread: Thread finished: MainUserLoad 1-533
2026-03-25 09:08:28,821 INFO o.a.j.t.JMeterThread: Stopping: MainUserLoad 1-487
2026-03-25 09:08:28,821 WARN o.a.j.t.JMeterThread: Interrupting: MainUserLoad 1-487 sampler: 02 - HTTP GET Request: Search Single Owner
2026-03-25 09:08:28,821 INFO o.a.j.t.JMeterThread: Stopping: MainUserLoad 1-370
2026-03-25 09:08:28,821 WARN o.a.j.t.JMeterThread: Interrupting: MainUserLoad 1-370 sampler: 04: HTTP  GET Request: Owners
2026-03-25 09:08:28,821 INFO o.a.j.t.JMeterThread: Stopping: MainUserLoad 1-433
2026-03-25 09:08:28,821 WARN o.a.j.t.JMeterThread: Interrupting: MainUserLoad 1-433 sampler: 01 - HTTP GET Request: Veterinarians Page
2026-03-25 09:08:28,821 INFO o.a.j.t.JMeterThread: Thread finished: MainUserLoad 1-225
2026-03-25 09:08:28,823 INFO o.a.j.t.JMeterThread: Stopping: MainUserLoad 1-131
2026-03-25 09:08:28,823 WARN o.a.j.t.JMeterThread: Interrupting: MainUserLoad 1-131 sampler: 04: HTTP  GET Request: Owners
2026-03-25 09:08:28,823 INFO o.a.j.t.JMeterThread: Thread finished: MainUserLoad 1-660
2026-03-25 09:08:28,823 INFO o.a.j.t.JMeterThread: Stopping: MainUserLoad 1-809
2026-03-25 09:08:28,823 WARN o.a.j.t.JMeterThread: Interrupting: MainUserLoad 1-809 sampler: 02 - HTTP GET Request: Search Single Owner
2026-03-25 09:08:28,823 INFO o.a.j.t.JMeterThread: Thread finished: MainUserLoad 1-898
2026-03-25 09:08:28,823 INFO o.a.j.t.JMeterThread: Stopping: MainUserLoad 1-634
2026-03-25 09:08:28,823 WARN o.a.j.t.JMeterThread: Interrupting: MainUserLoad 1-634 sampler: 04: HTTP  GET Request: Owners
2026-03-25 09:08:28,823 INFO o.a.j.t.JMeterThread: Stopping: MainUserLoad 1-449
2026-03-25 09:08:28,823 WARN o.a.j.t.JMeterThread: Interrupting: MainUserLoad 1-449 sampler: 04: HTTP  GET Request: Owners
2026-03-25 09:08:28,823 INFO o.a.j.t.JMeterThread: Stopping: MainUserLoad 1-529
2026-03-25 09:08:28,824 WARN o.a.j.t.JMeterThread: Interrupting: MainUserLoad 1-529 sampler: 02 - HTTP GET Request: Search Single Owner
2026-03-25 09:08:28,824 INFO o.a.j.t.JMeterThread: Thread finished: MainUserLoad 1-975
2026-03-25 09:08:28,824 INFO o.a.j.t.JMeterThread: Thread finished: MainUserLoad 1-136
2026-03-25 09:08:28,824 INFO o.a.j.t.JMeterThread: Stopping: MainUserLoad 1-507
2026-03-25 09:08:28,824 WARN o.a.j.t.JMeterThread: Interrupting: MainUserLoad 1-507 sampler: 04: HTTP  GET Request: Owners
2026-03-25 09:08:28,825 INFO o.a.j.t.JMeterThread: Stopping: MainUserLoad 1-676
2026-03-25 09:08:28,825 WARN o.a.j.t.JMeterThread: Interrupting: MainUserLoad 1-676 sampler: 02 - HTTP GET Request: Search Single Owner
2026-03-25 09:08:28,825 INFO o.a.j.t.JMeterThread: Thread finished: MainUserLoad 1-487
2026-03-25 09:08:28,826 INFO o.a.j.t.JMeterThread: Stopping: MainUserLoad 1-755
2026-03-25 09:08:28,826 WARN o.a.j.t.JMeterThread: Interrupting: MainUserLoad 1-755 sampler: 04: HTTP  GET Request: Owners
2026-03-25 09:08:28,826 INFO o.a.j.t.JMeterThread: Stopping: MainUserLoad 1-974
2026-03-25 09:08:28,826 WARN o.a.j.t.JMeterThread: Interrupting: MainUserLoad 1-974 sampler: 02 - HTTP GET Request: Search Single Owner
2026-03-25 09:08:28,826 INFO o.a.j.t.JMeterThread: Thread finished: MainUserLoad 1-370
2026-03-25 09:08:28,826 INFO o.a.j.t.JMeterThread: Thread finished: MainUserLoad 1-433
2026-03-25 09:08:28,827 INFO o.a.j.t.JMeterThread: Stopping: MainUserLoad 1-139
2026-03-25 09:08:28,827 WARN o.a.j.t.JMeterThread: Interrupting: MainUserLoad 1-139 sampler: 03 - HTTP POST Request: Visits
2026-03-25 09:08:28,827 INFO o.a.j.t.JMeterThread: Thread finished: MainUserLoad 1-809
2026-03-25 09:08:28,828 INFO o.a.j.t.JMeterThread: Stopping: MainUserLoad 1-713
2026-03-25 09:08:28,828 WARN o.a.j.t.JMeterThread: Interrupting: MainUserLoad 1-713 sampler: 04: HTTP  GET Request: Owners
2026-03-25 09:08:28,828 INFO o.a.j.t.JMeterThread: Thread finished: MainUserLoad 1-131
2026-03-25 09:08:28,828 INFO o.a.j.t.JMeterThread: Stopping: MainUserLoad 1-750
2026-03-25 09:08:28,828 INFO o.a.j.t.JMeterThread: Thread finished: MainUserLoad 1-449
2026-03-25 09:08:28,828 INFO o.a.j.t.JMeterThread: Thread finished: MainUserLoad 1-529
2026-03-25 09:08:28,828 INFO o.a.j.t.JMeterThread: Thread finished: MainUserLoad 1-634
2026-03-25 09:08:28,828 WARN o.a.j.t.JMeterThread: Interrupting: MainUserLoad 1-750 sampler: 04: HTTP  GET Request: Owners
2026-03-25 09:08:28,829 INFO o.a.j.t.JMeterThread: Thread finished: MainUserLoad 1-507
2026-03-25 09:08:28,829 INFO o.a.j.t.JMeterThread: Stopping: MainUserLoad 1-324
2026-03-25 09:08:28,829 INFO o.a.j.t.JMeterThread: Thread finished: MainUserLoad 1-676
2026-03-25 09:08:28,829 INFO o.a.j.t.JMeterThread: Thread finished: MainUserLoad 1-755
2026-03-25 09:08:28,829 WARN o.a.j.t.JMeterThread: Interrupting: MainUserLoad 1-324 sampler: 02 - HTTP GET Request: Search Single Owner
2026-03-25 09:08:28,829 INFO o.a.j.t.JMeterThread: Thread finished: MainUserLoad 1-974
2026-03-25 09:08:28,830 INFO o.a.j.t.JMeterThread: Stopping: MainUserLoad 1-963
2026-03-25 09:08:28,830 WARN o.a.j.t.JMeterThread: Interrupting: MainUserLoad 1-963 sampler: 04: HTTP  GET Request: Owners
2026-03-25 09:08:28,830 INFO o.a.j.t.JMeterThread: Thread finished: MainUserLoad 1-139
2026-03-25 09:08:28,830 INFO o.a.j.t.JMeterThread: Stopping: MainUserLoad 1-122
2026-03-25 09:08:28,830 WARN o.a.j.t.JMeterThread: Interrupting: MainUserLoad 1-122 sampler: 04: HTTP  GET Request: Owners
2026-03-25 09:08:28,830 INFO o.a.j.t.JMeterThread: Thread finished: MainUserLoad 1-713
2026-03-25 09:08:28,832 INFO o.a.j.t.JMeterThread: Stopping: MainUserLoad 1-176
2026-03-25 09:08:28,832 WARN o.a.j.t.JMeterThread: Interrupting: MainUserLoad 1-176 sampler: 04: HTTP  GET Request: Owners
2026-03-25 09:08:28,832 INFO o.a.j.t.JMeterThread: Thread finished: MainUserLoad 1-750
2026-03-25 09:08:28,832 INFO o.a.j.t.JMeterThread: Stopping: MainUserLoad 1-278
2026-03-25 09:08:28,832 WARN o.a.j.t.JMeterThread: Interrupting: MainUserLoad 1-278 sampler: 04: HTTP  GET Request: Owners
2026-03-25 09:08:28,833 INFO o.a.j.t.JMeterThread: Stopping: MainUserLoad 1-417
2026-03-25 09:08:28,833 WARN o.a.j.t.JMeterThread: Interrupting: MainUserLoad 1-417 sampler: 03 - HTTP POST Request: Visits
2026-03-25 09:08:28,833 INFO o.a.j.t.JMeterThread: Thread finished: MainUserLoad 1-324
2026-03-25 09:08:28,833 INFO o.a.j.t.JMeterThread: Thread finished: MainUserLoad 1-963
2026-03-25 09:08:28,833 INFO o.a.j.t.JMeterThread: Stopping: MainUserLoad 1-319
2026-03-25 09:08:28,833 INFO o.a.j.t.JMeterThread: Thread finished: MainUserLoad 1-122
2026-03-25 09:08:28,833 WARN o.a.j.t.JMeterThread: Interrupting: MainUserLoad 1-319 sampler: 04: HTTP  GET Request: Owners
2026-03-25 09:08:28,834 INFO o.a.j.t.JMeterThread: Stopping: MainUserLoad 1-612
2026-03-25 09:08:28,834 WARN o.a.j.t.JMeterThread: Interrupting: MainUserLoad 1-612 sampler: 02 - HTTP GET Request: Search Single Owner
2026-03-25 09:08:28,834 INFO o.a.j.t.JMeterThread: Stopping: MainUserLoad 1-582
2026-03-25 09:08:28,834 INFO o.a.j.t.JMeterThread: Thread finished: MainUserLoad 1-278
2026-03-25 09:08:28,834 WARN o.a.j.t.JMeterThread: Interrupting: MainUserLoad 1-582 sampler: 02 - HTTP GET Request: Search Single Owner
2026-03-25 09:08:28,834 INFO o.a.j.t.JMeterThread: Stopping: MainUserLoad 1-933
2026-03-25 09:08:28,835 INFO o.a.j.t.JMeterThread: Thread finished: MainUserLoad 1-176
2026-03-25 09:08:28,835 WARN o.a.j.t.JMeterThread: Interrupting: MainUserLoad 1-933 sampler: 02 - HTTP GET Request: Search Single Owner
2026-03-25 09:08:28,835 INFO o.a.j.t.JMeterThread: Stopping: MainUserLoad 1-89
2026-03-25 09:08:28,835 INFO o.a.j.t.JMeterThread: Thread finished: MainUserLoad 1-417
2026-03-25 09:08:28,835 WARN o.a.j.t.JMeterThread: Interrupting: MainUserLoad 1-89 sampler: 02 - HTTP GET Request: Search Single Owner
2026-03-25 09:08:28,835 INFO o.a.j.t.JMeterThread: Stopping: MainUserLoad 1-284
2026-03-25 09:08:28,835 WARN o.a.j.t.JMeterThread: Interrupting: MainUserLoad 1-284 sampler: 02 - HTTP GET Request: Search Single Owner
2026-03-25 09:08:28,835 INFO o.a.j.t.JMeterThread: Stopping: MainUserLoad 1-119
2026-03-25 09:08:28,835 INFO o.a.j.t.JMeterThread: Thread finished: MainUserLoad 1-612
2026-03-25 09:08:28,835 INFO o.a.j.t.JMeterThread: Thread finished: MainUserLoad 1-319
2026-03-25 09:08:28,835 WARN o.a.j.t.JMeterThread: Interrupting: MainUserLoad 1-119 sampler: 04: HTTP  GET Request: Owners
2026-03-25 09:08:28,837 INFO o.a.j.t.JMeterThread: Thread finished: MainUserLoad 1-582
2026-03-25 09:08:28,837 INFO o.a.j.t.JMeterThread: Stopping: MainUserLoad 1-580
2026-03-25 09:08:28,837 WARN o.a.j.t.JMeterThread: Interrupting: MainUserLoad 1-580 sampler: 03 - HTTP POST Request: Visits
2026-03-25 09:08:28,837 INFO o.a.j.t.JMeterThread: Stopping: MainUserLoad 1-704
2026-03-25 09:08:28,837 WARN o.a.j.t.JMeterThread: Interrupting: MainUserLoad 1-704 sampler: 03 - HTTP POST Request: Visits
2026-03-25 09:08:28,837 INFO o.a.j.t.JMeterThread: Stopping: MainUserLoad 1-336
2026-03-25 09:08:28,837 WARN o.a.j.t.JMeterThread: Interrupting: MainUserLoad 1-336 sampler: 04: HTTP  GET Request: Owners
2026-03-25 09:08:28,837 INFO o.a.j.t.JMeterThread: Stopping: MainUserLoad 1-329
2026-03-25 09:08:28,837 WARN o.a.j.t.JMeterThread: Interrupting: MainUserLoad 1-329 sampler: 04: HTTP  GET Request: Owners
2026-03-25 09:08:28,837 INFO o.a.j.t.JMeterThread: Stopping: MainUserLoad 1-656
2026-03-25 09:08:28,837 INFO o.a.j.t.JMeterThread: Thread finished: MainUserLoad 1-933
2026-03-25 09:08:28,837 WARN o.a.j.t.JMeterThread: Interrupting: MainUserLoad 1-656 sampler: 02 - HTTP GET Request: Search Single Owner
2026-03-25 09:08:28,837 INFO o.a.j.t.JMeterThread: Thread finished: MainUserLoad 1-89
2026-03-25 09:08:28,837 INFO o.a.j.t.JMeterThread: Stopping: MainUserLoad 1-908
2026-03-25 09:08:28,837 WARN o.a.j.t.JMeterThread: Interrupting: MainUserLoad 1-908 sampler: 02 - HTTP GET Request: Search Single Owner
2026-03-25 09:08:28,839 INFO o.a.j.t.JMeterThread: Stopping: MainUserLoad 1-628
2026-03-25 09:08:28,839 WARN o.a.j.t.JMeterThread: Interrupting: MainUserLoad 1-628 sampler: 04: HTTP  GET Request: Owners
2026-03-25 09:08:28,839 INFO o.a.j.t.JMeterThread: Thread finished: MainUserLoad 1-284
2026-03-25 09:08:28,839 INFO o.a.j.t.JMeterThread: Stopping: MainUserLoad 1-251
2026-03-25 09:08:28,839 WARN o.a.j.t.JMeterThread: Interrupting: MainUserLoad 1-251 sampler: 02 - HTTP GET Request: Search Single Owner
2026-03-25 09:08:28,840 INFO o.a.j.t.JMeterThread: Stopping: MainUserLoad 1-472
2026-03-25 09:08:28,840 WARN o.a.j.t.JMeterThread: Interrupting: MainUserLoad 1-472 sampler: 04: HTTP  GET Request: Owners
2026-03-25 09:08:28,840 INFO o.a.j.t.JMeterThread: Thread finished: MainUserLoad 1-119
2026-03-25 09:08:28,840 INFO o.a.j.t.JMeterThread: Stopping: MainUserLoad 1-690
2026-03-25 09:08:28,840 WARN o.a.j.t.JMeterThread: Interrupting: MainUserLoad 1-690 sampler: 03 - HTTP POST Request: Visits
2026-03-25 09:08:28,840 INFO o.a.j.t.JMeterThread: Stopping: MainUserLoad 1-600
2026-03-25 09:08:28,840 WARN o.a.j.t.JMeterThread: Interrupting: MainUserLoad 1-600 sampler: 04: HTTP  GET Request: Owners
2026-03-25 09:08:28,840 INFO o.a.j.t.JMeterThread: Thread finished: MainUserLoad 1-580
2026-03-25 09:08:28,840 INFO o.a.j.t.JMeterThread: Stopping: MainUserLoad 1-400
2026-03-25 09:08:28,840 WARN o.a.j.t.JMeterThread: Interrupting: MainUserLoad 1-400 sampler: 02 - HTTP GET Request: Search Single Owner
2026-03-25 09:08:28,841 INFO o.a.j.t.JMeterThread: Stopping: MainUserLoad 1-643
2026-03-25 09:08:28,841 WARN o.a.j.t.JMeterThread: Interrupting: MainUserLoad 1-643 sampler: 01 - HTTP GET Request: Veterinarians Page
2026-03-25 09:08:28,841 INFO o.a.j.t.JMeterThread: Stopping: MainUserLoad 1-977
2026-03-25 09:08:28,841 INFO o.a.j.t.JMeterThread: Thread finished: MainUserLoad 1-336
2026-03-25 09:08:28,841 WARN o.a.j.t.JMeterThread: Interrupting: MainUserLoad 1-977 sampler: 01 - HTTP GET Request: Veterinarians Page
2026-03-25 09:08:28,841 INFO o.a.j.t.JMeterThread: Thread finished: MainUserLoad 1-704
2026-03-25 09:08:28,842 INFO o.a.j.t.JMeterThread: Thread finished: MainUserLoad 1-329
2026-03-25 09:08:28,842 INFO o.a.j.t.JMeterThread: Stopping: MainUserLoad 1-549
2026-03-25 09:08:28,842 WARN o.a.j.t.JMeterThread: Interrupting: MainUserLoad 1-549 sampler: 04: HTTP  GET Request: Owners
2026-03-25 09:08:28,842 INFO o.a.j.t.JMeterThread: Stopping: MainUserLoad 1-269
2026-03-25 09:08:28,842 WARN o.a.j.t.JMeterThread: Interrupting: MainUserLoad 1-269 sampler: 03 - HTTP POST Request: Visits
2026-03-25 09:08:28,843 INFO o.a.j.t.JMeterThread: Stopping: MainUserLoad 1-201
2026-03-25 09:08:28,844 WARN o.a.j.t.JMeterThread: Interrupting: MainUserLoad 1-201 sampler: 02 - HTTP GET Request: Search Single Owner
2026-03-25 09:08:28,844 INFO o.a.j.t.JMeterThread: Thread finished: MainUserLoad 1-656
2026-03-25 09:08:28,844 INFO o.a.j.t.JMeterThread: Thread finished: MainUserLoad 1-628
2026-03-25 09:08:28,844 INFO o.a.j.t.JMeterThread: Thread finished: MainUserLoad 1-251
2026-03-25 09:08:28,844 INFO o.a.j.t.JMeterThread: Stopping: MainUserLoad 1-495
2026-03-25 09:08:28,844 INFO o.a.j.t.JMeterThread: Thread finished: MainUserLoad 1-908
2026-03-25 09:08:28,844 WARN o.a.j.t.JMeterThread: Interrupting: MainUserLoad 1-495 sampler: 02 - HTTP GET Request: Search Single Owner
2026-03-25 09:08:28,844 INFO o.a.j.t.JMeterThread: Thread finished: MainUserLoad 1-472
2026-03-25 09:08:28,844 INFO o.a.j.t.JMeterThread: Thread finished: MainUserLoad 1-690
2026-03-25 09:08:28,844 INFO o.a.j.t.JMeterThread: Stopping: MainUserLoad 1-688
2026-03-25 09:08:28,844 WARN o.a.j.t.JMeterThread: Interrupting: MainUserLoad 1-688 sampler: 02 - HTTP GET Request: Search Single Owner
2026-03-25 09:08:28,846 INFO o.a.j.t.JMeterThread: Thread finished: MainUserLoad 1-600
2026-03-25 09:08:28,846 INFO o.a.j.t.JMeterThread: Thread finished: MainUserLoad 1-400
2026-03-25 09:08:28,846 INFO o.a.j.t.JMeterThread: Stopping: MainUserLoad 1-607
2026-03-25 09:08:28,846 WARN o.a.j.t.JMeterThread: Interrupting: MainUserLoad 1-607 sampler: 04: HTTP  GET Request: Owners
2026-03-25 09:08:28,846 INFO o.a.j.t.JMeterThread: Thread finished: MainUserLoad 1-643
2026-03-25 09:08:28,847 INFO o.a.j.t.JMeterThread: Thread finished: MainUserLoad 1-977
2026-03-25 09:08:28,847 INFO o.a.j.t.JMeterThread: Stopping: MainUserLoad 1-481
2026-03-25 09:08:28,847 WARN o.a.j.t.JMeterThread: Interrupting: MainUserLoad 1-481 sampler: 03 - HTTP POST Request: Visits
2026-03-25 09:08:28,847 INFO o.a.j.t.JMeterThread: Thread finished: MainUserLoad 1-549
2026-03-25 09:08:28,847 INFO o.a.j.t.JMeterThread: Thread finished: MainUserLoad 1-269
2026-03-25 09:08:28,847 INFO o.a.j.t.JMeterThread: Stopping: MainUserLoad 1-691
2026-03-25 09:08:28,847 WARN o.a.j.t.JMeterThread: Interrupting: MainUserLoad 1-691 sampler: 02 - HTTP GET Request: Search Single Owner
2026-03-25 09:08:28,848 INFO o.a.j.t.JMeterThread: Stopping: MainUserLoad 1-952
2026-03-25 09:08:28,848 WARN o.a.j.t.JMeterThread: Interrupting: MainUserLoad 1-952 sampler: 04: HTTP  GET Request: Owners
2026-03-25 09:08:28,849 INFO o.a.j.t.JMeterThread: Thread finished: MainUserLoad 1-201
2026-03-25 09:08:28,849 INFO o.a.j.t.JMeterThread: Stopping: MainUserLoad 1-148
2026-03-25 09:08:28,849 INFO o.a.j.t.JMeterThread: Thread finished: MainUserLoad 1-495
2026-03-25 09:08:28,849 WARN o.a.j.t.JMeterThread: Interrupting: MainUserLoad 1-148 sampler: 02 - HTTP GET Request: Search Single Owner
2026-03-25 09:08:28,849 INFO o.a.j.t.JMeterThread: Thread finished: MainUserLoad 1-688
2026-03-25 09:08:28,850 INFO o.a.j.t.JMeterThread: Stopping: MainUserLoad 1-902
2026-03-25 09:08:28,850 WARN o.a.j.t.JMeterThread: Interrupting: MainUserLoad 1-902 sampler: 04: HTTP  GET Request: Owners
2026-03-25 09:08:28,851 INFO o.a.j.t.JMeterThread: Stopping: MainUserLoad 1-831
2026-03-25 09:08:28,851 WARN o.a.j.t.JMeterThread: Interrupting: MainUserLoad 1-831 sampler: 02 - HTTP GET Request: Search Single Owner
2026-03-25 09:08:28,851 INFO o.a.j.t.JMeterThread: Thread finished: MainUserLoad 1-607
2026-03-25 09:08:28,852 INFO o.a.j.t.JMeterThread: Thread finished: MainUserLoad 1-481
2026-03-25 09:08:28,853 INFO o.a.j.t.JMeterThread: Thread finished: MainUserLoad 1-691
2026-03-25 09:08:28,853 INFO o.a.j.t.JMeterThread: Thread finished: MainUserLoad 1-952
2026-03-25 09:08:28,854 INFO o.a.j.t.JMeterThread: Stopping: MainUserLoad 1-298
2026-03-25 09:08:28,854 WARN o.a.j.t.JMeterThread: Interrupting: MainUserLoad 1-298 sampler: 02 - HTTP GET Request: Search Single Owner
2026-03-25 09:08:28,854 INFO o.a.j.t.JMeterThread: Stopping: MainUserLoad 1-888
2026-03-25 09:08:28,854 WARN o.a.j.t.JMeterThread: Interrupting: MainUserLoad 1-888 sampler: 02 - HTTP GET Request: Search Single Owner
2026-03-25 09:08:28,854 INFO o.a.j.t.JMeterThread: Thread finished: MainUserLoad 1-148
2026-03-25 09:08:28,854 INFO o.a.j.t.JMeterThread: Stopping: MainUserLoad 1-54
2026-03-25 09:08:28,854 WARN o.a.j.t.JMeterThread: Interrupting: MainUserLoad 1-54 sampler: 02 - HTTP GET Request: Search Single Owner
2026-03-25 09:08:28,855 INFO o.a.j.t.JMeterThread: Stopping: MainUserLoad 1-473
2026-03-25 09:08:28,855 WARN o.a.j.t.JMeterThread: Interrupting: MainUserLoad 1-473 sampler: 02 - HTTP GET Request: Search Single Owner
2026-03-25 09:08:28,855 INFO o.a.j.t.JMeterThread: Thread finished: MainUserLoad 1-902
2026-03-25 09:08:28,855 INFO o.a.j.t.JMeterThread: Thread finished: MainUserLoad 1-831
2026-03-25 09:08:28,855 INFO o.a.j.t.JMeterThread: Stopping: MainUserLoad 1-510
2026-03-25 09:08:28,855 WARN o.a.j.t.JMeterThread: Interrupting: MainUserLoad 1-510 sampler: 03 - HTTP POST Request: Visits
2026-03-25 09:08:28,857 INFO o.a.j.t.JMeterThread: Stopping: MainUserLoad 1-616
2026-03-25 09:08:28,857 WARN o.a.j.t.JMeterThread: Interrupting: MainUserLoad 1-616 sampler: 03 - HTTP POST Request: Visits
2026-03-25 09:08:28,858 INFO o.a.j.t.JMeterThread: Stopping: MainUserLoad 1-429
2026-03-25 09:08:28,858 WARN o.a.j.t.JMeterThread: Interrupting: MainUserLoad 1-429 sampler: 04: HTTP  GET Request: Owners
2026-03-25 09:08:28,858 INFO o.a.j.t.JMeterThread: Stopping: MainUserLoad 1-143
2026-03-25 09:08:28,858 WARN o.a.j.t.JMeterThread: Interrupting: MainUserLoad 1-143 sampler: 02 - HTTP GET Request: Search Single Owner
2026-03-25 09:08:28,859 INFO o.a.j.t.JMeterThread: Stopping: MainUserLoad 1-194
2026-03-25 09:08:28,859 WARN o.a.j.t.JMeterThread: Interrupting: MainUserLoad 1-194 sampler: 04: HTTP  GET Request: Owners
2026-03-25 09:08:28,859 INFO o.a.j.t.JMeterThread: Thread finished: MainUserLoad 1-888
2026-03-25 09:08:28,859 INFO o.a.j.t.JMeterThread: Stopping: MainUserLoad 1-804
2026-03-25 09:08:28,859 INFO o.a.j.t.JMeterThread: Thread finished: MainUserLoad 1-298
2026-03-25 09:08:28,859 WARN o.a.j.t.JMeterThread: Interrupting: MainUserLoad 1-804 sampler: 03 - HTTP POST Request: Visits
2026-03-25 09:08:28,859 INFO o.a.j.t.JMeterThread: Thread finished: MainUserLoad 1-54
2026-03-25 09:08:28,859 INFO o.a.j.t.JMeterThread: Thread finished: MainUserLoad 1-473
2026-03-25 09:08:28,859 INFO o.a.j.t.JMeterThread: Stopping: MainUserLoad 1-854
2026-03-25 09:08:28,859 WARN o.a.j.t.JMeterThread: Interrupting: MainUserLoad 1-854 sampler: 01 - HTTP GET Request: Veterinarians Page
2026-03-25 09:08:28,859 INFO o.a.j.t.JMeterThread: Thread finished: MainUserLoad 1-510
2026-03-25 09:08:28,860 INFO o.a.j.t.JMeterThread: Stopping: MainUserLoad 1-91
2026-03-25 09:08:28,860 WARN o.a.j.t.JMeterThread: Interrupting: MainUserLoad 1-91 sampler: 02 - HTTP GET Request: Search Single Owner
2026-03-25 09:08:28,860 INFO o.a.j.t.JMeterThread: Stopping: MainUserLoad 1-591
2026-03-25 09:08:28,860 WARN o.a.j.t.JMeterThread: Interrupting: MainUserLoad 1-591 sampler: 04: HTTP  GET Request: Owners
2026-03-25 09:08:28,862 INFO o.a.j.t.JMeterThread: Stopping: MainUserLoad 1-982
2026-03-25 09:08:28,863 WARN o.a.j.t.JMeterThread: Interrupting: MainUserLoad 1-982 sampler: 01 - HTTP GET Request: Veterinarians Page
2026-03-25 09:08:28,863 INFO o.a.j.t.JMeterThread: Stopping: MainUserLoad 1-728
2026-03-25 09:08:28,863 WARN o.a.j.t.JMeterThread: Interrupting: MainUserLoad 1-728 sampler: 04: HTTP  GET Request: Owners
2026-03-25 09:08:28,863 INFO o.a.j.t.JMeterThread: Stopping: MainUserLoad 1-24
2026-03-25 09:08:28,863 WARN o.a.j.t.JMeterThread: Interrupting: MainUserLoad 1-24 sampler: 04: HTTP  GET Request: Owners
2026-03-25 09:08:28,865 INFO o.a.j.t.JMeterThread: Stopping: MainUserLoad 1-391
2026-03-25 09:08:28,865 WARN o.a.j.t.JMeterThread: Interrupting: MainUserLoad 1-391 sampler: 04: HTTP  GET Request: Owners
2026-03-25 09:08:28,865 INFO o.a.j.t.JMeterThread: Stopping: MainUserLoad 1-871
2026-03-25 09:08:28,865 WARN o.a.j.t.JMeterThread: Interrupting: MainUserLoad 1-871 sampler: 04: HTTP  GET Request: Owners
2026-03-25 09:08:28,865 INFO o.a.j.t.JMeterThread: Stopping: MainUserLoad 1-9
2026-03-25 09:08:28,865 WARN o.a.j.t.JMeterThread: Interrupting: MainUserLoad 1-9 sampler: 02 - HTTP GET Request: Search Single Owner
2026-03-25 09:08:28,865 INFO o.a.j.t.JMeterThread: Stopping: MainUserLoad 1-239
2026-03-25 09:08:28,865 WARN o.a.j.t.JMeterThread: Interrupting: MainUserLoad 1-239 sampler: 01 - HTTP GET Request: Veterinarians Page
2026-03-25 09:08:28,866 INFO o.a.j.t.JMeterThread: Stopping: MainUserLoad 1-443
2026-03-25 09:08:28,866 WARN o.a.j.t.JMeterThread: Interrupting: MainUserLoad 1-443 sampler: 03 - HTTP POST Request: Visits
2026-03-25 09:08:28,867 INFO o.a.j.t.JMeterThread: Thread finished: MainUserLoad 1-616
2026-03-25 09:08:28,868 INFO o.a.j.t.JMeterThread: Stopping: MainUserLoad 1-995
2026-03-25 09:08:28,868 WARN o.a.j.t.JMeterThread: Interrupting: MainUserLoad 1-995 sampler: 04: HTTP  GET Request: Owners
2026-03-25 09:08:28,869 INFO o.a.j.t.JMeterThread: Stopping: MainUserLoad 1-387
2026-03-25 09:08:28,869 WARN o.a.j.t.JMeterThread: Interrupting: MainUserLoad 1-387 sampler: 04: HTTP  GET Request: Owners
2026-03-25 09:08:28,870 INFO o.a.j.t.JMeterThread: Stopping: MainUserLoad 1-447
2026-03-25 09:08:28,870 WARN o.a.j.t.JMeterThread: Interrupting: MainUserLoad 1-447 sampler: 03 - HTTP POST Request: Visits
2026-03-25 09:08:28,870 INFO o.a.j.t.JMeterThread: Thread finished: MainUserLoad 1-429
2026-03-25 09:08:28,870 INFO o.a.j.t.JMeterThread: Stopping: MainUserLoad 1-734
2026-03-25 09:08:28,870 WARN o.a.j.t.JMeterThread: Interrupting: MainUserLoad 1-734 sampler: 01 - HTTP GET Request: Veterinarians Page
2026-03-25 09:08:28,870 INFO o.a.j.t.JMeterThread: Thread finished: MainUserLoad 1-143
2026-03-25 09:08:28,870 INFO o.a.j.t.JMeterThread: Stopping: MainUserLoad 1-559
2026-03-25 09:08:28,870 WARN o.a.j.t.JMeterThread: Interrupting: MainUserLoad 1-559 sampler: 02 - HTTP GET Request: Search Single Owner
2026-03-25 09:08:28,870 INFO o.a.j.t.JMeterThread: Stopping: MainUserLoad 1-440
2026-03-25 09:08:28,870 WARN o.a.j.t.JMeterThread: Interrupting: MainUserLoad 1-440 sampler: 04: HTTP  GET Request: Owners
2026-03-25 09:08:28,870 INFO o.a.j.t.JMeterThread: Stopping: MainUserLoad 1-874
2026-03-25 09:08:28,870 WARN o.a.j.t.JMeterThread: Interrupting: MainUserLoad 1-874 sampler: 01 - HTTP GET Request: Veterinarians Page
2026-03-25 09:08:28,870 INFO o.a.j.t.JMeterThread: Stopping: MainUserLoad 1-349
2026-03-25 09:08:28,870 WARN o.a.j.t.JMeterThread: Interrupting: MainUserLoad 1-349 sampler: 02 - HTTP GET Request: Search Single Owner
2026-03-25 09:08:28,871 INFO o.a.j.t.JMeterThread: Stopping: MainUserLoad 1-546
2026-03-25 09:08:28,871 WARN o.a.j.t.JMeterThread: Interrupting: MainUserLoad 1-546 sampler: 03 - HTTP POST Request: Visits
2026-03-25 09:08:28,871 INFO o.a.j.t.JMeterThread: Stopping: MainUserLoad 1-987
2026-03-25 09:08:28,871 WARN o.a.j.t.JMeterThread: Interrupting: MainUserLoad 1-987 sampler: 02 - HTTP GET Request: Search Single Owner
2026-03-25 09:08:28,871 INFO o.a.j.t.JMeterThread: Stopping: MainUserLoad 1-586
2026-03-25 09:08:28,871 WARN o.a.j.t.JMeterThread: Interrupting: MainUserLoad 1-586 sampler: 04: HTTP  GET Request: Owners
2026-03-25 09:08:28,872 INFO o.a.j.t.JMeterThread: Stopping: MainUserLoad 1-34
2026-03-25 09:08:28,872 WARN o.a.j.t.JMeterThread: Interrupting: MainUserLoad 1-34 sampler: 01 - HTTP GET Request: Veterinarians Page
2026-03-25 09:08:28,872 INFO o.a.j.t.JMeterThread: Thread finished: MainUserLoad 1-194
2026-03-25 09:08:28,872 INFO o.a.j.t.JMeterThread: Stopping: MainUserLoad 1-627
2026-03-25 09:08:28,872 WARN o.a.j.t.JMeterThread: Interrupting: MainUserLoad 1-627 sampler: 02 - HTTP GET Request: Search Single Owner
2026-03-25 09:08:28,872 INFO o.a.j.t.JMeterThread: Stopping: MainUserLoad 1-697
2026-03-25 09:08:28,872 WARN o.a.j.t.JMeterThread: Interrupting: MainUserLoad 1-697 sampler: 03 - HTTP POST Request: Visits
2026-03-25 09:08:28,873 INFO o.a.j.t.JMeterThread: Stopping: MainUserLoad 1-581
2026-03-25 09:08:28,873 WARN o.a.j.t.JMeterThread: Interrupting: MainUserLoad 1-581 sampler: 02 - HTTP GET Request: Search Single Owner
2026-03-25 09:08:28,873 INFO o.a.j.t.JMeterThread: Thread finished: MainUserLoad 1-804
2026-03-25 09:08:28,873 INFO o.a.j.t.JMeterThread: Stopping: MainUserLoad 1-772
2026-03-25 09:08:28,873 WARN o.a.j.t.JMeterThread: Interrupting: MainUserLoad 1-772 sampler: 02 - HTTP GET Request: Search Single Owner
2026-03-25 09:08:28,874 INFO o.a.j.t.JMeterThread: Stopping: MainUserLoad 1-972
2026-03-25 09:08:28,874 WARN o.a.j.t.JMeterThread: Interrupting: MainUserLoad 1-972 sampler: 02 - HTTP GET Request: Search Single Owner
2026-03-25 09:08:28,874 INFO o.a.j.t.JMeterThread: Stopping: MainUserLoad 1-27
2026-03-25 09:08:28,874 WARN o.a.j.t.JMeterThread: Interrupting: MainUserLoad 1-27 sampler: 04: HTTP  GET Request: Owners
2026-03-25 09:08:28,874 INFO o.a.j.t.JMeterThread: Stopping: MainUserLoad 1-862
2026-03-25 09:08:28,874 WARN o.a.j.t.JMeterThread: Interrupting: MainUserLoad 1-862 sampler: 04: HTTP  GET Request: Owners
2026-03-25 09:08:28,874 INFO o.a.j.t.JMeterThread: Stopping: MainUserLoad 1-740
2026-03-25 09:08:28,874 WARN o.a.j.t.JMeterThread: Interrupting: MainUserLoad 1-740 sampler: 01 - HTTP GET Request: Veterinarians Page
2026-03-25 09:08:28,874 INFO o.a.j.t.JMeterThread: Stopping: MainUserLoad 1-254
2026-03-25 09:08:28,874 INFO o.a.j.t.JMeterThread: Thread finished: MainUserLoad 1-854
2026-03-25 09:08:28,874 WARN o.a.j.t.JMeterThread: Interrupting: MainUserLoad 1-254 sampler: 02 - HTTP GET Request: Search Single Owner
2026-03-25 09:08:28,876 INFO o.a.j.t.JMeterThread: Stopping: MainUserLoad 1-890
2026-03-25 09:08:28,876 INFO o.a.j.t.JMeterThread: Thread finished: MainUserLoad 1-91
2026-03-25 09:08:28,877 WARN o.a.j.t.JMeterThread: Interrupting: MainUserLoad 1-890 sampler: 02 - HTTP GET Request: Search Single Owner
2026-03-25 09:08:28,877 INFO o.a.j.t.JMeterThread: Thread finished: MainUserLoad 1-591
2026-03-25 09:08:28,877 INFO o.a.j.t.JMeterThread: Thread finished: MainUserLoad 1-24
2026-03-25 09:08:28,877 INFO o.a.j.t.JMeterThread: Thread finished: MainUserLoad 1-443
2026-03-25 09:08:28,878 INFO o.a.j.t.JMeterThread: Thread finished: MainUserLoad 1-728
2026-03-25 09:08:28,879 INFO o.a.j.t.JMeterThread: Thread finished: MainUserLoad 1-982
2026-03-25 09:08:28,877 INFO o.a.j.t.JMeterThread: Thread finished: MainUserLoad 1-239
2026-03-25 09:08:28,880 INFO o.a.j.t.JMeterThread: Thread finished: MainUserLoad 1-391
2026-03-25 09:08:28,886 INFO o.a.j.t.JMeterThread: Thread finished: MainUserLoad 1-871
2026-03-25 09:08:28,887 INFO o.a.j.t.JMeterThread: Thread finished: MainUserLoad 1-9
2026-03-25 09:08:28,888 INFO o.a.j.t.JMeterThread: Stopping: MainUserLoad 1-130
2026-03-25 09:08:28,888 WARN o.a.j.t.JMeterThread: Interrupting: MainUserLoad 1-130 sampler: 02 - HTTP GET Request: Search Single Owner
2026-03-25 09:08:28,888 INFO o.a.j.t.JMeterThread: Stopping: MainUserLoad 1-441
2026-03-25 09:08:28,888 WARN o.a.j.t.JMeterThread: Interrupting: MainUserLoad 1-441 sampler: 04: HTTP  GET Request: Owners
2026-03-25 09:08:28,888 INFO o.a.j.t.JMeterThread: Thread finished: MainUserLoad 1-995
2026-03-25 09:08:28,890 INFO o.a.j.t.JMeterThread: Thread finished: MainUserLoad 1-734
2026-03-25 09:08:28,890 INFO o.a.j.t.JMeterThread: Thread finished: MainUserLoad 1-387
2026-03-25 09:08:28,890 INFO o.a.j.t.JMeterThread: Thread finished: MainUserLoad 1-447
2026-03-25 09:08:28,891 INFO o.a.j.t.JMeterThread: Thread finished: MainUserLoad 1-349
2026-03-25 09:08:28,891 INFO o.a.j.t.JMeterThread: Thread finished: MainUserLoad 1-546
2026-03-25 09:08:28,891 INFO o.a.j.t.JMeterThread: Thread finished: MainUserLoad 1-874
2026-03-25 09:08:28,891 INFO o.a.j.t.JMeterThread: Thread finished: MainUserLoad 1-559
2026-03-25 09:08:28,891 INFO o.a.j.t.JMeterThread: Thread finished: MainUserLoad 1-440
2026-03-25 09:08:28,891 INFO o.a.j.t.JMeterThread: Thread finished: MainUserLoad 1-987
2026-03-25 09:08:28,892 INFO o.a.j.t.JMeterThread: Stopping: MainUserLoad 1-687
2026-03-25 09:08:28,892 INFO o.a.j.t.JMeterThread: Thread finished: MainUserLoad 1-586
2026-03-25 09:08:28,892 WARN o.a.j.t.JMeterThread: Interrupting: MainUserLoad 1-687 sampler: 02 - HTTP GET Request: Search Single Owner
2026-03-25 09:08:28,892 INFO o.a.j.t.JMeterThread: Thread finished: MainUserLoad 1-697
2026-03-25 09:08:28,892 INFO o.a.j.t.JMeterThread: Thread finished: MainUserLoad 1-627
2026-03-25 09:08:28,892 INFO o.a.j.t.JMeterThread: Thread finished: MainUserLoad 1-34
2026-03-25 09:08:28,892 INFO o.a.j.t.JMeterThread: Thread finished: MainUserLoad 1-581
2026-03-25 09:08:28,893 INFO o.a.j.t.JMeterThread: Thread finished: MainUserLoad 1-772
2026-03-25 09:08:28,893 INFO o.a.j.t.JMeterThread: Thread finished: MainUserLoad 1-27
2026-03-25 09:08:28,893 INFO o.a.j.t.JMeterThread: Thread finished: MainUserLoad 1-972
2026-03-25 09:08:28,893 INFO o.a.j.t.JMeterThread: Thread finished: MainUserLoad 1-862
2026-03-25 09:08:28,895 INFO o.a.j.t.JMeterThread: Thread finished: MainUserLoad 1-740
2026-03-25 09:08:28,896 INFO o.a.j.t.JMeterThread: Thread finished: MainUserLoad 1-254
2026-03-25 09:08:28,897 INFO o.a.j.t.JMeterThread: Thread finished: MainUserLoad 1-890
2026-03-25 09:08:28,897 INFO o.a.j.t.JMeterThread: Thread finished: MainUserLoad 1-441
2026-03-25 09:08:28,902 INFO o.a.j.t.JMeterThread: Thread finished: MainUserLoad 1-130
2026-03-25 09:08:28,903 INFO o.a.j.t.JMeterThread: Stopping: MainUserLoad 1-59
2026-03-25 09:08:28,903 WARN o.a.j.t.JMeterThread: Interrupting: MainUserLoad 1-59 sampler: 03 - HTTP POST Request: Visits
2026-03-25 09:08:28,903 INFO o.a.j.t.JMeterThread: Thread finished: MainUserLoad 1-687
2026-03-25 09:08:28,904 INFO o.a.j.t.JMeterThread: Stopping: MainUserLoad 1-573
2026-03-25 09:08:28,904 WARN o.a.j.t.JMeterThread: Interrupting: MainUserLoad 1-573 sampler: 02 - HTTP GET Request: Search Single Owner
2026-03-25 09:08:28,905 INFO o.a.j.t.JMeterThread: Stopping: MainUserLoad 1-199
2026-03-25 09:08:28,906 INFO o.a.j.t.JMeterThread: Thread finished: MainUserLoad 1-59
2026-03-25 09:08:28,911 INFO o.a.j.t.JMeterThread: Thread finished: MainUserLoad 1-573
2026-03-25 09:08:28,918 WARN o.a.j.t.JMeterThread: Interrupting: MainUserLoad 1-199 sampler: 04: HTTP  GET Request: Owners
2026-03-25 09:08:28,942 INFO o.a.j.t.JMeterThread: Stopping: MainUserLoad 1-900
2026-03-25 09:08:28,942 WARN o.a.j.t.JMeterThread: Interrupting: MainUserLoad 1-900 sampler: 03 - HTTP POST Request: Visits
2026-03-25 09:08:28,944 INFO o.a.j.t.JMeterThread: Stopping: MainUserLoad 1-460
2026-03-25 09:08:28,944 WARN o.a.j.t.JMeterThread: Interrupting: MainUserLoad 1-460 sampler: 04: HTTP  GET Request: Owners
2026-03-25 09:08:28,944 INFO o.a.j.t.JMeterThread: Thread finished: MainUserLoad 1-199
2026-03-25 09:08:28,944 INFO o.a.j.t.JMeterThread: Thread finished: MainUserLoad 1-900
2026-03-25 09:08:28,944 INFO o.a.j.t.JMeterThread: Stopping: MainUserLoad 1-149
2026-03-25 09:08:28,944 WARN o.a.j.t.JMeterThread: Interrupting: MainUserLoad 1-149 sampler: 04: HTTP  GET Request: Owners
2026-03-25 09:08:28,945 INFO o.a.j.t.JMeterThread: Stopping: MainUserLoad 1-603
2026-03-25 09:08:28,945 WARN o.a.j.t.JMeterThread: Interrupting: MainUserLoad 1-603 sampler: 02 - HTTP GET Request: Search Single Owner
2026-03-25 09:08:28,945 INFO o.a.j.t.JMeterThread: Stopping: MainUserLoad 1-523
2026-03-25 09:08:28,945 WARN o.a.j.t.JMeterThread: Interrupting: MainUserLoad 1-523 sampler: 02 - HTTP GET Request: Search Single Owner
2026-03-25 09:08:28,945 INFO o.a.j.t.JMeterThread: Stopping: MainUserLoad 1-992
2026-03-25 09:08:28,945 WARN o.a.j.t.JMeterThread: Interrupting: MainUserLoad 1-992 sampler: 04: HTTP  GET Request: Owners
2026-03-25 09:08:28,946 INFO o.a.j.t.JMeterThread: Thread finished: MainUserLoad 1-460
2026-03-25 09:08:28,949 INFO o.a.j.t.JMeterThread: Thread finished: MainUserLoad 1-149
2026-03-25 09:08:28,949 INFO o.a.j.t.JMeterThread: Thread finished: MainUserLoad 1-603
2026-03-25 09:08:28,946 INFO o.a.j.t.JMeterThread: Stopping: MainUserLoad 1-236
2026-03-25 09:08:28,969 INFO o.a.j.t.JMeterThread: Thread finished: MainUserLoad 1-992
2026-03-25 09:08:28,963 INFO o.a.j.t.JMeterThread: Thread finished: MainUserLoad 1-523
2026-03-25 09:08:28,970 WARN o.a.j.t.JMeterThread: Interrupting: MainUserLoad 1-236 sampler: 02 - HTTP GET Request: Search Single Owner
2026-03-25 09:08:29,025 INFO o.a.j.t.JMeterThread: Stopping: MainUserLoad 1-223
2026-03-25 09:08:29,025 WARN o.a.j.t.JMeterThread: Interrupting: MainUserLoad 1-223 sampler: 02 - HTTP GET Request: Search Single Owner
2026-03-25 09:08:29,025 INFO o.a.j.t.JMeterThread: Stopping: MainUserLoad 1-537
2026-03-25 09:08:29,025 WARN o.a.j.t.JMeterThread: Interrupting: MainUserLoad 1-537 sampler: 01 - HTTP GET Request: Veterinarians Page
2026-03-25 09:08:29,025 INFO o.a.j.t.JMeterThread: Stopping: MainUserLoad 1-182
2026-03-25 09:08:29,025 WARN o.a.j.t.JMeterThread: Interrupting: MainUserLoad 1-182 sampler: 04: HTTP  GET Request: Owners
2026-03-25 09:08:29,025 INFO o.a.j.t.JMeterThread: Stopping: MainUserLoad 1-842
2026-03-25 09:08:29,025 WARN o.a.j.t.JMeterThread: Interrupting: MainUserLoad 1-842 sampler: 04: HTTP  GET Request: Owners
2026-03-25 09:08:29,025 INFO o.a.j.t.JMeterThread: Stopping: MainUserLoad 1-285
2026-03-25 09:08:29,025 WARN o.a.j.t.JMeterThread: Interrupting: MainUserLoad 1-285 sampler: 03 - HTTP POST Request: Visits
2026-03-25 09:08:29,025 INFO o.a.j.t.JMeterThread: Stopping: MainUserLoad 1-145
2026-03-25 09:08:29,025 WARN o.a.j.t.JMeterThread: Interrupting: MainUserLoad 1-145 sampler: 04: HTTP  GET Request: Owners
2026-03-25 09:08:29,025 INFO o.a.j.t.JMeterThread: Stopping: MainUserLoad 1-530
2026-03-25 09:08:29,025 WARN o.a.j.t.JMeterThread: Interrupting: MainUserLoad 1-530 sampler: 02 - HTTP GET Request: Search Single Owner
2026-03-25 09:08:29,025 INFO o.a.j.t.JMeterThread: Stopping: MainUserLoad 1-869
2026-03-25 09:08:29,025 WARN o.a.j.t.JMeterThread: Interrupting: MainUserLoad 1-869 sampler: 02 - HTTP GET Request: Search Single Owner
2026-03-25 09:08:29,027 INFO o.a.j.t.JMeterThread: Thread finished: MainUserLoad 1-842
2026-03-25 09:08:29,027 INFO o.a.j.t.JMeterThread: Thread finished: MainUserLoad 1-182
2026-03-25 09:08:29,027 INFO o.a.j.t.JMeterThread: Thread finished: MainUserLoad 1-145
2026-03-25 09:08:29,028 INFO o.a.j.t.JMeterThread: Stopping: MainUserLoad 1-659
2026-03-25 09:08:29,028 WARN o.a.j.t.JMeterThread: Interrupting: MainUserLoad 1-659 sampler: 04: HTTP  GET Request: Owners
2026-03-25 09:08:29,029 INFO o.a.j.t.JMeterThread: Stopping: MainUserLoad 1-684
2026-03-25 09:08:29,030 INFO o.a.j.t.JMeterThread: Thread finished: MainUserLoad 1-530
2026-03-25 09:08:29,031 INFO o.a.j.t.JMeterThread: Thread finished: MainUserLoad 1-223
2026-03-25 09:08:29,031 INFO o.a.j.t.JMeterThread: Thread finished: MainUserLoad 1-869
2026-03-25 09:08:29,031 INFO o.a.j.t.JMeterThread: Thread finished: MainUserLoad 1-537
2026-03-25 09:08:29,031 INFO o.a.j.t.JMeterThread: Thread finished: MainUserLoad 1-236
2026-03-25 09:08:29,033 INFO o.a.j.t.JMeterThread: Thread finished: MainUserLoad 1-659
2026-03-25 09:08:29,033 INFO o.a.j.t.JMeterThread: Thread finished: MainUserLoad 1-285
2026-03-25 09:08:29,033 WARN o.a.j.t.JMeterThread: Interrupting: MainUserLoad 1-684 sampler: 04: HTTP  GET Request: Owners
2026-03-25 09:08:29,037 INFO o.a.j.t.JMeterThread: Stopping: MainUserLoad 1-973
2026-03-25 09:08:29,037 WARN o.a.j.t.JMeterThread: Interrupting: MainUserLoad 1-973 sampler: 02 - HTTP GET Request: Search Single Owner
2026-03-25 09:08:29,037 INFO o.a.j.t.JMeterThread: Thread finished: MainUserLoad 1-684
2026-03-25 09:08:29,037 INFO o.a.j.t.JMeterThread: Stopping: MainUserLoad 1-179
2026-03-25 09:08:29,037 WARN o.a.j.t.JMeterThread: Interrupting: MainUserLoad 1-179 sampler: 03 - HTTP POST Request: Visits
2026-03-25 09:08:29,038 INFO o.a.j.t.JMeterThread: Stopping: MainUserLoad 1-320
2026-03-25 09:08:29,038 INFO o.a.j.t.JMeterThread: Thread finished: MainUserLoad 1-973
2026-03-25 09:08:29,038 INFO o.a.j.t.JMeterThread: Thread finished: MainUserLoad 1-179
2026-03-25 09:08:29,038 WARN o.a.j.t.JMeterThread: Interrupting: MainUserLoad 1-320 sampler: 03 - HTTP POST Request: Visits
2026-03-25 09:08:29,051 INFO o.a.j.t.JMeterThread: Stopping: MainUserLoad 1-796
2026-03-25 09:08:29,052 WARN o.a.j.t.JMeterThread: Interrupting: MainUserLoad 1-796 sampler: 02 - HTTP GET Request: Search Single Owner
2026-03-25 09:08:29,052 INFO o.a.j.t.JMeterThread: Thread finished: MainUserLoad 1-320
2026-03-25 09:08:29,052 INFO o.a.j.t.JMeterThread: Stopping: MainUserLoad 1-652
2026-03-25 09:08:29,052 WARN o.a.j.t.JMeterThread: Interrupting: MainUserLoad 1-652 sampler: 02 - HTTP GET Request: Search Single Owner
2026-03-25 09:08:29,053 INFO o.a.j.t.JMeterThread: Stopping: MainUserLoad 1-229
2026-03-25 09:08:29,053 WARN o.a.j.t.JMeterThread: Interrupting: MainUserLoad 1-229 sampler: 04: HTTP  GET Request: Owners
2026-03-25 09:08:29,053 INFO o.a.j.t.JMeterThread: Stopping: MainUserLoad 1-282
2026-03-25 09:08:29,053 WARN o.a.j.t.JMeterThread: Interrupting: MainUserLoad 1-282 sampler: 02 - HTTP GET Request: Search Single Owner
2026-03-25 09:08:29,053 INFO o.a.j.t.JMeterThread: Thread finished: MainUserLoad 1-796
2026-03-25 09:08:29,053 INFO o.a.j.t.JMeterThread: Thread finished: MainUserLoad 1-652
2026-03-25 09:08:29,054 INFO o.a.j.t.JMeterThread: Stopping: MainUserLoad 1-497
2026-03-25 09:08:29,054 WARN o.a.j.t.JMeterThread: Interrupting: MainUserLoad 1-497 sampler: 02 - HTTP GET Request: Search Single Owner
2026-03-25 09:08:29,054 INFO o.a.j.t.JMeterThread: Thread finished: MainUserLoad 1-229
2026-03-25 09:08:29,054 INFO o.a.j.t.JMeterThread: Stopping: MainUserLoad 1-95
2026-03-25 09:08:29,054 WARN o.a.j.t.JMeterThread: Interrupting: MainUserLoad 1-95 sampler: 01 - HTTP GET Request: Veterinarians Page
2026-03-25 09:08:29,054 INFO o.a.j.t.JMeterThread: Thread finished: MainUserLoad 1-282
2026-03-25 09:08:29,054 INFO o.a.j.t.JMeterThread: Stopping: MainUserLoad 1-785
2026-03-25 09:08:29,054 WARN o.a.j.t.JMeterThread: Interrupting: MainUserLoad 1-785 sampler: 02 - HTTP GET Request: Search Single Owner
2026-03-25 09:08:29,054 INFO o.a.j.t.JMeterThread: Thread finished: MainUserLoad 1-497
2026-03-25 09:08:29,054 INFO o.a.j.t.JMeterThread: Stopping: MainUserLoad 1-414
2026-03-25 09:08:29,054 WARN o.a.j.t.JMeterThread: Interrupting: MainUserLoad 1-414 sampler: 02 - HTTP GET Request: Search Single Owner
2026-03-25 09:08:29,056 INFO o.a.j.t.JMeterThread: Thread finished: MainUserLoad 1-95
2026-03-25 09:08:29,056 INFO o.a.j.t.JMeterThread: Stopping: MainUserLoad 1-12
2026-03-25 09:08:29,056 INFO o.a.j.t.JMeterThread: Thread finished: MainUserLoad 1-785
2026-03-25 09:08:29,056 INFO o.a.j.t.JMeterThread: Thread finished: MainUserLoad 1-414
2026-03-25 09:08:29,056 WARN o.a.j.t.JMeterThread: Interrupting: MainUserLoad 1-12 sampler: 02 - HTTP GET Request: Search Single Owner
2026-03-25 09:08:29,066 INFO o.a.j.t.JMeterThread: Stopping: MainUserLoad 1-944
2026-03-25 09:08:29,066 WARN o.a.j.t.JMeterThread: Interrupting: MainUserLoad 1-944 sampler: 03 - HTTP POST Request: Visits
2026-03-25 09:08:29,068 INFO o.a.j.t.JMeterThread: Thread finished: MainUserLoad 1-12
2026-03-25 09:08:29,069 INFO o.a.j.t.JMeterThread: Stopping: MainUserLoad 1-37
2026-03-25 09:08:29,069 WARN o.a.j.t.JMeterThread: Interrupting: MainUserLoad 1-37 sampler: 01 - HTTP GET Request: Veterinarians Page
2026-03-25 09:08:29,070 INFO o.a.j.t.JMeterThread: Stopping: MainUserLoad 1-525
2026-03-25 09:08:29,070 WARN o.a.j.t.JMeterThread: Interrupting: MainUserLoad 1-525 sampler: 04: HTTP  GET Request: Owners
2026-03-25 09:08:29,070 INFO o.a.j.t.JMeterThread: Thread finished: MainUserLoad 1-944
2026-03-25 09:08:29,070 INFO o.a.j.t.JMeterThread: Stopping: MainUserLoad 1-588
2026-03-25 09:08:29,070 WARN o.a.j.t.JMeterThread: Interrupting: MainUserLoad 1-588 sampler: 01 - HTTP GET Request: Veterinarians Page
2026-03-25 09:08:29,070 INFO o.a.j.t.JMeterThread: Thread finished: MainUserLoad 1-37
2026-03-25 09:08:29,070 INFO o.a.j.t.JMeterThread: Stopping: MainUserLoad 1-699
2026-03-25 09:08:29,070 WARN o.a.j.t.JMeterThread: Interrupting: MainUserLoad 1-699 sampler: 04: HTTP  GET Request: Owners
2026-03-25 09:08:29,071 INFO o.a.j.t.JMeterThread: Stopping: MainUserLoad 1-938
2026-03-25 09:08:29,071 WARN o.a.j.t.JMeterThread: Interrupting: MainUserLoad 1-938 sampler: 01 - HTTP GET Request: Veterinarians Page
2026-03-25 09:08:29,071 INFO o.a.j.t.JMeterThread: Stopping: MainUserLoad 1-544
2026-03-25 09:08:29,071 WARN o.a.j.t.JMeterThread: Interrupting: MainUserLoad 1-544 sampler: 02 - HTTP GET Request: Search Single Owner
2026-03-25 09:08:29,071 INFO o.a.j.t.JMeterThread: Stopping: MainUserLoad 1-373
2026-03-25 09:08:29,072 INFO o.a.j.t.JMeterThread: Thread finished: MainUserLoad 1-588
2026-03-25 09:08:29,072 WARN o.a.j.t.JMeterThread: Interrupting: MainUserLoad 1-373 sampler: 04: HTTP  GET Request: Owners
2026-03-25 09:08:29,072 INFO o.a.j.t.JMeterThread: Thread finished: MainUserLoad 1-525
2026-03-25 09:08:29,073 INFO o.a.j.t.JMeterThread: Stopping: MainUserLoad 1-485
2026-03-25 09:08:29,073 INFO o.a.j.t.JMeterThread: Thread finished: MainUserLoad 1-699
2026-03-25 09:08:29,073 WARN o.a.j.t.JMeterThread: Interrupting: MainUserLoad 1-485 sampler: 03 - HTTP POST Request: Visits
2026-03-25 09:08:29,073 INFO o.a.j.t.JMeterThread: Stopping: MainUserLoad 1-729
2026-03-25 09:08:29,073 WARN o.a.j.t.JMeterThread: Interrupting: MainUserLoad 1-729 sampler: 02 - HTTP GET Request: Search Single Owner
2026-03-25 09:08:29,073 INFO o.a.j.t.JMeterThread: Thread finished: MainUserLoad 1-938
2026-03-25 09:08:29,073 INFO o.a.j.t.JMeterThread: Thread finished: MainUserLoad 1-544
2026-03-25 09:08:29,074 INFO o.a.j.t.JMeterThread: Stopping: MainUserLoad 1-169
2026-03-25 09:08:29,074 WARN o.a.j.t.JMeterThread: Interrupting: MainUserLoad 1-169 sampler: 01 - HTTP GET Request: Veterinarians Page
2026-03-25 09:08:29,074 INFO o.a.j.t.JMeterThread: Thread finished: MainUserLoad 1-373
2026-03-25 09:08:29,074 INFO o.a.j.t.JMeterThread: Stopping: MainUserLoad 1-814
2026-03-25 09:08:29,074 WARN o.a.j.t.JMeterThread: Interrupting: MainUserLoad 1-814 sampler: 03 - HTTP POST Request: Visits
2026-03-25 09:08:29,076 INFO o.a.j.t.JMeterThread: Stopping: MainUserLoad 1-340
2026-03-25 09:08:29,076 INFO o.a.j.t.JMeterThread: Thread finished: MainUserLoad 1-485
2026-03-25 09:08:29,076 WARN o.a.j.t.JMeterThread: Interrupting: MainUserLoad 1-340 sampler: 04: HTTP  GET Request: Owners
2026-03-25 09:08:29,077 INFO o.a.j.t.JMeterThread: Stopping: MainUserLoad 1-162
2026-03-25 09:08:29,077 WARN o.a.j.t.JMeterThread: Interrupting: MainUserLoad 1-162 sampler: 02 - HTTP GET Request: Search Single Owner
2026-03-25 09:08:29,078 INFO o.a.j.t.JMeterThread: Stopping: MainUserLoad 1-601
2026-03-25 09:08:29,078 WARN o.a.j.t.JMeterThread: Interrupting: MainUserLoad 1-601 sampler: 04: HTTP  GET Request: Owners
2026-03-25 09:08:29,078 INFO o.a.j.t.JMeterThread: Thread finished: MainUserLoad 1-729
2026-03-25 09:08:29,079 INFO o.a.j.t.JMeterThread: Stopping: MainUserLoad 1-427
2026-03-25 09:08:29,079 WARN o.a.j.t.JMeterThread: Interrupting: MainUserLoad 1-427 sampler: 04: HTTP  GET Request: Owners
2026-03-25 09:08:29,080 INFO o.a.j.t.JMeterThread: Thread finished: MainUserLoad 1-169
2026-03-25 09:08:29,081 INFO o.a.j.t.JMeterThread: Thread finished: MainUserLoad 1-162
2026-03-25 09:08:29,081 INFO o.a.j.t.JMeterThread: Thread finished: MainUserLoad 1-814
2026-03-25 09:08:29,081 INFO o.a.j.t.JMeterThread: Thread finished: MainUserLoad 1-601
2026-03-25 09:08:29,081 INFO o.a.j.t.JMeterThread: Thread finished: MainUserLoad 1-340
2026-03-25 09:08:29,083 INFO o.a.j.t.JMeterThread: Stopping: MainUserLoad 1-388
2026-03-25 09:08:29,083 WARN o.a.j.t.JMeterThread: Interrupting: MainUserLoad 1-388 sampler: 02 - HTTP GET Request: Search Single Owner
2026-03-25 09:08:29,084 INFO o.a.j.t.JMeterThread: Stopping: MainUserLoad 1-764
2026-03-25 09:08:29,084 WARN o.a.j.t.JMeterThread: Interrupting: MainUserLoad 1-764 sampler: 04: HTTP  GET Request: Owners
2026-03-25 09:08:29,084 INFO o.a.j.t.JMeterThread: Stopping: MainUserLoad 1-446
2026-03-25 09:08:29,084 WARN o.a.j.t.JMeterThread: Interrupting: MainUserLoad 1-446 sampler: 02 - HTTP GET Request: Search Single Owner
2026-03-25 09:08:29,084 INFO o.a.j.t.JMeterThread: Stopping: MainUserLoad 1-505
2026-03-25 09:08:29,084 WARN o.a.j.t.JMeterThread: Interrupting: MainUserLoad 1-505 sampler: 04: HTTP  GET Request: Owners
2026-03-25 09:08:29,084 INFO o.a.j.t.JMeterThread: Stopping: MainUserLoad 1-359
2026-03-25 09:08:29,084 WARN o.a.j.t.JMeterThread: Interrupting: MainUserLoad 1-359 sampler: 02 - HTTP GET Request: Search Single Owner
2026-03-25 09:08:29,084 INFO o.a.j.t.JMeterThread: Thread finished: MainUserLoad 1-388
2026-03-25 09:08:29,084 INFO o.a.j.t.JMeterThread: Stopping: MainUserLoad 1-626
2026-03-25 09:08:29,084 WARN o.a.j.t.JMeterThread: Interrupting: MainUserLoad 1-626 sampler: 04: HTTP  GET Request: Owners
2026-03-25 09:08:29,084 INFO o.a.j.t.JMeterThread: Thread finished: MainUserLoad 1-427
2026-03-25 09:08:29,084 INFO o.a.j.t.JMeterThread: Stopping: MainUserLoad 1-519
2026-03-25 09:08:29,085 WARN o.a.j.t.JMeterThread: Interrupting: MainUserLoad 1-519 sampler: 03 - HTTP POST Request: Visits
2026-03-25 09:08:29,085 INFO o.a.j.t.JMeterThread: Stopping: MainUserLoad 1-132
2026-03-25 09:08:29,086 INFO o.a.j.t.JMeterThread: Thread finished: MainUserLoad 1-446
2026-03-25 09:08:29,086 WARN o.a.j.t.JMeterThread: Interrupting: MainUserLoad 1-132 sampler: 04: HTTP  GET Request: Owners
2026-03-25 09:08:29,086 INFO o.a.j.t.JMeterThread: Thread finished: MainUserLoad 1-359
2026-03-25 09:08:29,086 INFO o.a.j.t.JMeterThread: Thread finished: MainUserLoad 1-505
2026-03-25 09:08:29,086 INFO o.a.j.t.JMeterThread: Thread finished: MainUserLoad 1-626
2026-03-25 09:08:29,086 INFO o.a.j.t.JMeterThread: Thread finished: MainUserLoad 1-519
2026-03-25 09:08:29,086 INFO o.a.j.t.JMeterThread: Thread finished: MainUserLoad 1-764
2026-03-25 09:08:29,088 INFO o.a.j.t.JMeterThread: Stopping: MainUserLoad 1-389
2026-03-25 09:08:29,089 WARN o.a.j.t.JMeterThread: Interrupting: MainUserLoad 1-389 sampler: 04: HTTP  GET Request: Owners
2026-03-25 09:08:29,089 INFO o.a.j.t.JMeterThread: Thread finished: MainUserLoad 1-132
2026-03-25 09:08:29,109 INFO o.a.j.t.JMeterThread: Stopping: MainUserLoad 1-781
2026-03-25 09:08:29,109 WARN o.a.j.t.JMeterThread: Interrupting: MainUserLoad 1-781 sampler: 02 - HTTP GET Request: Search Single Owner
2026-03-25 09:08:29,110 INFO o.a.j.t.JMeterThread: Thread finished: MainUserLoad 1-389
2026-03-25 09:08:29,112 INFO o.a.j.t.JMeterThread: Thread finished: MainUserLoad 1-781
2026-03-25 09:08:29,113 INFO o.a.j.t.JMeterThread: Stopping: MainUserLoad 1-606
2026-03-25 09:08:29,113 WARN o.a.j.t.JMeterThread: Interrupting: MainUserLoad 1-606 sampler: 02 - HTTP GET Request: Search Single Owner
2026-03-25 09:08:29,113 INFO o.a.j.t.JMeterThread: Stopping: MainUserLoad 1-491
2026-03-25 09:08:29,113 WARN o.a.j.t.JMeterThread: Interrupting: MainUserLoad 1-491 sampler: 01 - HTTP GET Request: Veterinarians Page
2026-03-25 09:08:29,113 INFO o.a.j.t.JMeterThread: Stopping: MainUserLoad 1-21
2026-03-25 09:08:29,113 WARN o.a.j.t.JMeterThread: Interrupting: MainUserLoad 1-21 sampler: 02 - HTTP GET Request: Search Single Owner
2026-03-25 09:08:29,113 INFO o.a.j.t.JMeterThread: Stopping: MainUserLoad 1-903
2026-03-25 09:08:29,113 WARN o.a.j.t.JMeterThread: Interrupting: MainUserLoad 1-903 sampler: 01 - HTTP GET Request: Veterinarians Page
2026-03-25 09:08:29,113 INFO o.a.j.t.JMeterThread: Stopping: MainUserLoad 1-23
2026-03-25 09:08:29,113 WARN o.a.j.t.JMeterThread: Interrupting: MainUserLoad 1-23 sampler: 02 - HTTP GET Request: Search Single Owner
2026-03-25 09:08:29,114 INFO o.a.j.t.JMeterThread: Stopping: MainUserLoad 1-585
2026-03-25 09:08:29,114 WARN o.a.j.t.JMeterThread: Interrupting: MainUserLoad 1-585 sampler: 02 - HTTP GET Request: Search Single Owner
2026-03-25 09:08:29,114 INFO o.a.j.t.JMeterThread: Stopping: MainUserLoad 1-301
2026-03-25 09:08:29,114 WARN o.a.j.t.JMeterThread: Interrupting: MainUserLoad 1-301 sampler: 01 - HTTP GET Request: Veterinarians Page
2026-03-25 09:08:29,114 INFO o.a.j.t.JMeterThread: Stopping: MainUserLoad 1-277
2026-03-25 09:08:29,114 WARN o.a.j.t.JMeterThread: Interrupting: MainUserLoad 1-277 sampler: 02 - HTTP GET Request: Search Single Owner
2026-03-25 09:08:29,114 INFO o.a.j.t.JMeterThread: Stopping: MainUserLoad 1-686
2026-03-25 09:08:29,114 WARN o.a.j.t.JMeterThread: Interrupting: MainUserLoad 1-686 sampler: 02 - HTTP GET Request: Search Single Owner
2026-03-25 09:08:29,114 INFO o.a.j.t.JMeterThread: Stopping: MainUserLoad 1-57
2026-03-25 09:08:29,114 WARN o.a.j.t.JMeterThread: Interrupting: MainUserLoad 1-57 sampler: 04: HTTP  GET Request: Owners
2026-03-25 09:08:29,114 INFO o.a.j.t.JMeterThread: Stopping: MainUserLoad 1-926
2026-03-25 09:08:29,114 WARN o.a.j.t.JMeterThread: Interrupting: MainUserLoad 1-926 sampler: 04: HTTP  GET Request: Owners
2026-03-25 09:08:29,114 INFO o.a.j.t.JMeterThread: Stopping: MainUserLoad 1-677
2026-03-25 09:08:29,114 WARN o.a.j.t.JMeterThread: Interrupting: MainUserLoad 1-677 sampler: 04: HTTP  GET Request: Owners
2026-03-25 09:08:29,114 INFO o.a.j.t.JMeterThread: Stopping: MainUserLoad 1-997
2026-03-25 09:08:29,114 WARN o.a.j.t.JMeterThread: Interrupting: MainUserLoad 1-997 sampler: 02 - HTTP GET Request: Search Single Owner
2026-03-25 09:08:29,114 INFO o.a.j.t.JMeterThread: Stopping: MainUserLoad 1-70
2026-03-25 09:08:29,114 WARN o.a.j.t.JMeterThread: Interrupting: MainUserLoad 1-70 sampler: 02 - HTTP GET Request: Search Single Owner
2026-03-25 09:08:29,115 INFO o.a.j.t.JMeterThread: Stopping: MainUserLoad 1-405
2026-03-25 09:08:29,115 WARN o.a.j.t.JMeterThread: Interrupting: MainUserLoad 1-405 sampler: 02 - HTTP GET Request: Search Single Owner
2026-03-25 09:08:29,115 INFO o.a.j.t.JMeterThread: Stopping: MainUserLoad 1-127
2026-03-25 09:08:29,115 WARN o.a.j.t.JMeterThread: Interrupting: MainUserLoad 1-127 sampler: 04: HTTP  GET Request: Owners
2026-03-25 09:08:29,116 INFO o.a.j.t.JMeterThread: Stopping: MainUserLoad 1-401
2026-03-25 09:08:29,116 WARN o.a.j.t.JMeterThread: Interrupting: MainUserLoad 1-401 sampler: 03 - HTTP POST Request: Visits
2026-03-25 09:08:29,116 INFO o.a.j.t.JMeterThread: Stopping: MainUserLoad 1-824
2026-03-25 09:08:29,116 WARN o.a.j.t.JMeterThread: Interrupting: MainUserLoad 1-824 sampler: 03 - HTTP POST Request: Visits
2026-03-25 09:08:29,116 INFO o.a.j.t.JMeterThread: Stopping: MainUserLoad 1-296
2026-03-25 09:08:29,116 WARN o.a.j.t.JMeterThread: Interrupting: MainUserLoad 1-296 sampler: 02 - HTTP GET Request: Search Single Owner
2026-03-25 09:08:29,116 INFO o.a.j.t.JMeterThread: Stopping: MainUserLoad 1-991
2026-03-25 09:08:29,116 WARN o.a.j.t.JMeterThread: Interrupting: MainUserLoad 1-991 sampler: 01 - HTTP GET Request: Veterinarians Page
2026-03-25 09:08:29,116 INFO o.a.j.t.JMeterThread: Stopping: MainUserLoad 1-67
2026-03-25 09:08:29,116 WARN o.a.j.t.JMeterThread: Interrupting: MainUserLoad 1-67 sampler: 04: HTTP  GET Request: Owners
2026-03-25 09:08:29,116 INFO o.a.j.t.JMeterThread: Stopping: MainUserLoad 1-134
2026-03-25 09:08:29,116 WARN o.a.j.t.JMeterThread: Interrupting: MainUserLoad 1-134 sampler: 02 - HTTP GET Request: Search Single Owner
2026-03-25 09:08:29,117 INFO o.a.j.t.JMeterThread: Stopping: MainUserLoad 1-596
2026-03-25 09:08:29,117 WARN o.a.j.t.JMeterThread: Interrupting: MainUserLoad 1-596 sampler: 02 - HTTP GET Request: Search Single Owner
2026-03-25 09:08:29,117 INFO o.a.j.t.JMeterThread: Stopping: MainUserLoad 1-420
2026-03-25 09:08:29,117 WARN o.a.j.t.JMeterThread: Interrupting: MainUserLoad 1-420 sampler: 02 - HTTP GET Request: Search Single Owner
2026-03-25 09:08:29,117 INFO o.a.j.t.JMeterThread: Stopping: MainUserLoad 1-873
2026-03-25 09:08:29,117 WARN o.a.j.t.JMeterThread: Interrupting: MainUserLoad 1-873 sampler: 04: HTTP  GET Request: Owners
2026-03-25 09:08:29,117 INFO o.a.j.t.JMeterThread: Stopping: MainUserLoad 1-924
2026-03-25 09:08:29,117 WARN o.a.j.t.JMeterThread: Interrupting: MainUserLoad 1-924 sampler: 01 - HTTP GET Request: Veterinarians Page
2026-03-25 09:08:29,117 INFO o.a.j.t.JMeterThread: Stopping: MainUserLoad 1-228
2026-03-25 09:08:29,117 WARN o.a.j.t.JMeterThread: Interrupting: MainUserLoad 1-228 sampler: 04: HTTP  GET Request: Owners
2026-03-25 09:08:29,117 INFO o.a.j.t.JMeterThread: Thread finished: MainUserLoad 1-606
2026-03-25 09:08:29,117 INFO o.a.j.t.JMeterThread: Stopping: MainUserLoad 1-513
2026-03-25 09:08:29,118 WARN o.a.j.t.JMeterThread: Interrupting: MainUserLoad 1-513 sampler: 04: HTTP  GET Request: Owners
2026-03-25 09:08:29,118 INFO o.a.j.t.JMeterThread: Stopping: MainUserLoad 1-102
2026-03-25 09:08:29,119 WARN o.a.j.t.JMeterThread: Interrupting: MainUserLoad 1-102 sampler: 02 - HTTP GET Request: Search Single Owner
2026-03-25 09:08:29,119 INFO o.a.j.t.JMeterThread: Stopping: MainUserLoad 1-62
2026-03-25 09:08:29,119 WARN o.a.j.t.JMeterThread: Interrupting: MainUserLoad 1-62 sampler: 04: HTTP  GET Request: Owners
2026-03-25 09:08:29,119 INFO o.a.j.t.JMeterThread: Stopping: MainUserLoad 1-775
2026-03-25 09:08:29,119 WARN o.a.j.t.JMeterThread: Interrupting: MainUserLoad 1-775 sampler: 03 - HTTP POST Request: Visits
2026-03-25 09:08:29,120 INFO o.a.j.t.JMeterThread: Stopping: MainUserLoad 1-84
2026-03-25 09:08:29,120 WARN o.a.j.t.JMeterThread: Interrupting: MainUserLoad 1-84 sampler: 04: HTTP  GET Request: Owners
2026-03-25 09:08:29,120 INFO o.a.j.t.JMeterThread: Stopping: MainUserLoad 1-786
2026-03-25 09:08:29,120 WARN o.a.j.t.JMeterThread: Interrupting: MainUserLoad 1-786 sampler: 04: HTTP  GET Request: Owners
2026-03-25 09:08:29,120 INFO o.a.j.t.JMeterThread: Stopping: MainUserLoad 1-834
2026-03-25 09:08:29,120 WARN o.a.j.t.JMeterThread: Interrupting: MainUserLoad 1-834 sampler: 04: HTTP  GET Request: Owners
2026-03-25 09:08:29,120 INFO o.a.j.t.JMeterThread: Thread finished: MainUserLoad 1-491
2026-03-25 09:08:29,120 INFO o.a.j.t.JMeterThread: Stopping: MainUserLoad 1-406
2026-03-25 09:08:29,120 WARN o.a.j.t.JMeterThread: Interrupting: MainUserLoad 1-406 sampler: 04: HTTP  GET Request: Owners
2026-03-25 09:08:29,120 INFO o.a.j.t.JMeterThread: Stopping: MainUserLoad 1-316
2026-03-25 09:08:29,120 WARN o.a.j.t.JMeterThread: Interrupting: MainUserLoad 1-316 sampler: 02 - HTTP GET Request: Search Single Owner
2026-03-25 09:08:29,122 INFO o.a.j.t.JMeterThread: Stopping: MainUserLoad 1-68
2026-03-25 09:08:29,122 WARN o.a.j.t.JMeterThread: Interrupting: MainUserLoad 1-68 sampler: 04: HTTP  GET Request: Owners
2026-03-25 09:08:29,122 INFO o.a.j.t.JMeterThread: Thread finished: MainUserLoad 1-903
2026-03-25 09:08:29,122 INFO o.a.j.t.JMeterThread: Stopping: MainUserLoad 1-500
2026-03-25 09:08:29,122 WARN o.a.j.t.JMeterThread: Interrupting: MainUserLoad 1-500 sampler: 04: HTTP  GET Request: Owners
2026-03-25 09:08:29,122 INFO o.a.j.t.JMeterThread: Stopping: MainUserLoad 1-135
2026-03-25 09:08:29,122 WARN o.a.j.t.JMeterThread: Interrupting: MainUserLoad 1-135 sampler: 04: HTTP  GET Request: Owners
2026-03-25 09:08:29,122 INFO o.a.j.t.JMeterThread: Thread finished: MainUserLoad 1-21
2026-03-25 09:08:29,122 INFO o.a.j.t.JMeterThread: Stopping: MainUserLoad 1-993
2026-03-25 09:08:29,122 WARN o.a.j.t.JMeterThread: Interrupting: MainUserLoad 1-993 sampler: 01 - HTTP GET Request: Veterinarians Page
2026-03-25 09:08:29,122 INFO o.a.j.t.JMeterThread: Stopping: MainUserLoad 1-625
2026-03-25 09:08:29,122 WARN o.a.j.t.JMeterThread: Interrupting: MainUserLoad 1-625 sampler: 01 - HTTP GET Request: Veterinarians Page
2026-03-25 09:08:29,122 INFO o.a.j.t.JMeterThread: Stopping: MainUserLoad 1-331
2026-03-25 09:08:29,122 WARN o.a.j.t.JMeterThread: Interrupting: MainUserLoad 1-331 sampler: 04: HTTP  GET Request: Owners
2026-03-25 09:08:29,122 INFO o.a.j.t.JMeterThread: Stopping: MainUserLoad 1-675
2026-03-25 09:08:29,122 WARN o.a.j.t.JMeterThread: Interrupting: MainUserLoad 1-675 sampler: 02 - HTTP GET Request: Search Single Owner
2026-03-25 09:08:29,122 INFO o.a.j.t.JMeterThread: Stopping: MainUserLoad 1-128
2026-03-25 09:08:29,122 WARN o.a.j.t.JMeterThread: Interrupting: MainUserLoad 1-128 sampler: 03 - HTTP POST Request: Visits
2026-03-25 09:08:29,123 INFO o.a.j.t.JMeterThread: Stopping: MainUserLoad 1-230
2026-03-25 09:08:29,123 WARN o.a.j.t.JMeterThread: Interrupting: MainUserLoad 1-230 sampler: 04: HTTP  GET Request: Owners
2026-03-25 09:08:29,123 INFO o.a.j.t.JMeterThread: Stopping: MainUserLoad 1-302
2026-03-25 09:08:29,123 INFO o.a.j.t.JMeterThread: Thread finished: MainUserLoad 1-585
2026-03-25 09:08:29,123 WARN o.a.j.t.JMeterThread: Interrupting: MainUserLoad 1-302 sampler: 02 - HTTP GET Request: Search Single Owner
2026-03-25 09:08:29,124 INFO o.a.j.t.JMeterThread: Thread finished: MainUserLoad 1-23
2026-03-25 09:08:29,124 INFO o.a.j.t.JMeterThread: Thread finished: MainUserLoad 1-301
2026-03-25 09:08:29,124 INFO o.a.j.t.JMeterThread: Thread finished: MainUserLoad 1-277
2026-03-25 09:08:29,125 INFO o.a.j.t.JMeterThread: Thread finished: MainUserLoad 1-686
2026-03-25 09:08:29,127 INFO o.a.j.t.JMeterThread: Stopping: MainUserLoad 1-10
2026-03-25 09:08:29,127 INFO o.a.j.t.JMeterThread: Thread finished: MainUserLoad 1-57
2026-03-25 09:08:29,127 INFO o.a.j.t.JMeterThread: Thread finished: MainUserLoad 1-926
2026-03-25 09:08:29,127 WARN o.a.j.t.JMeterThread: Interrupting: MainUserLoad 1-10 sampler: 01 - HTTP GET Request: Veterinarians Page
2026-03-25 09:08:29,128 INFO o.a.j.t.JMeterThread: Thread finished: MainUserLoad 1-677
2026-03-25 09:08:29,128 INFO o.a.j.t.JMeterThread: Thread finished: MainUserLoad 1-997
2026-03-25 09:08:29,129 INFO o.a.j.t.JMeterThread: Stopping: MainUserLoad 1-579
2026-03-25 09:08:29,130 INFO o.a.j.t.JMeterThread: Thread finished: MainUserLoad 1-127
2026-03-25 09:08:29,130 INFO o.a.j.t.JMeterThread: Thread finished: MainUserLoad 1-405
2026-03-25 09:08:29,130 INFO o.a.j.t.JMeterThread: Thread finished: MainUserLoad 1-70
2026-03-25 09:08:29,131 INFO o.a.j.t.JMeterThread: Thread finished: MainUserLoad 1-401
2026-03-25 09:08:29,131 INFO o.a.j.t.JMeterThread: Thread finished: MainUserLoad 1-296
2026-03-25 09:08:29,131 WARN o.a.j.t.JMeterThread: Interrupting: MainUserLoad 1-579 sampler: 02 - HTTP GET Request: Search Single Owner
2026-03-25 09:08:29,131 INFO o.a.j.t.JMeterThread: Thread finished: MainUserLoad 1-824
2026-03-25 09:08:29,131 INFO o.a.j.t.JMeterThread: Thread finished: MainUserLoad 1-67
2026-03-25 09:08:29,132 INFO o.a.j.t.JMeterThread: Thread finished: MainUserLoad 1-134
2026-03-25 09:08:29,132 INFO o.a.j.t.JMeterThread: Thread finished: MainUserLoad 1-991
2026-03-25 09:08:29,132 INFO o.a.j.t.JMeterThread: Thread finished: MainUserLoad 1-596
2026-03-25 09:08:29,132 INFO o.a.j.t.JMeterThread: Thread finished: MainUserLoad 1-420
2026-03-25 09:08:29,132 INFO o.a.j.t.JMeterThread: Stopping: MainUserLoad 1-77
2026-03-25 09:08:29,132 WARN o.a.j.t.JMeterThread: Interrupting: MainUserLoad 1-77 sampler: 02 - HTTP GET Request: Search Single Owner
2026-03-25 09:08:29,132 INFO o.a.j.t.JMeterThread: Thread finished: MainUserLoad 1-873
2026-03-25 09:08:29,132 INFO o.a.j.t.JMeterThread: Thread finished: MainUserLoad 1-924
2026-03-25 09:08:29,132 INFO o.a.j.t.JMeterThread: Thread finished: MainUserLoad 1-228
2026-03-25 09:08:29,132 INFO o.a.j.t.JMeterThread: Stopping: MainUserLoad 1-378
2026-03-25 09:08:29,133 WARN o.a.j.t.JMeterThread: Interrupting: MainUserLoad 1-378 sampler: 01 - HTTP GET Request: Veterinarians Page
2026-03-25 09:08:29,133 INFO o.a.j.t.JMeterThread: Stopping: MainUserLoad 1-939
2026-03-25 09:08:29,133 WARN o.a.j.t.JMeterThread: Interrupting: MainUserLoad 1-939 sampler: 02 - HTTP GET Request: Search Single Owner
2026-03-25 09:08:29,133 INFO o.a.j.t.JMeterThread: Thread finished: MainUserLoad 1-513
2026-03-25 09:08:29,134 INFO o.a.j.t.JMeterThread: Thread finished: MainUserLoad 1-102
2026-03-25 09:08:29,134 INFO o.a.j.t.JMeterThread: Thread finished: MainUserLoad 1-62
2026-03-25 09:08:29,134 INFO o.a.j.t.JMeterThread: Stopping: MainUserLoad 1-83
2026-03-25 09:08:29,134 WARN o.a.j.t.JMeterThread: Interrupting: MainUserLoad 1-83 sampler: 02 - HTTP GET Request: Search Single Owner
2026-03-25 09:08:29,135 INFO o.a.j.t.JMeterThread: Stopping: MainUserLoad 1-861
2026-03-25 09:08:29,135 WARN o.a.j.t.JMeterThread: Interrupting: MainUserLoad 1-861 sampler: 02 - HTTP GET Request: Search Single Owner
2026-03-25 09:08:29,135 INFO o.a.j.t.JMeterThread: Thread finished: MainUserLoad 1-84
2026-03-25 09:08:29,135 INFO o.a.j.t.JMeterThread: Stopping: MainUserLoad 1-835
2026-03-25 09:08:29,135 WARN o.a.j.t.JMeterThread: Interrupting: MainUserLoad 1-835 sampler: 02 - HTTP GET Request: Search Single Owner
2026-03-25 09:08:29,136 INFO o.a.j.t.JMeterThread: Stopping: MainUserLoad 1-233
2026-03-25 09:08:29,136 WARN o.a.j.t.JMeterThread: Interrupting: MainUserLoad 1-233 sampler: 02 - HTTP GET Request: Search Single Owner
2026-03-25 09:08:29,136 INFO o.a.j.t.JMeterThread: Thread finished: MainUserLoad 1-775
2026-03-25 09:08:29,136 INFO o.a.j.t.JMeterThread: Stopping: MainUserLoad 1-428
2026-03-25 09:08:29,136 WARN o.a.j.t.JMeterThread: Interrupting: MainUserLoad 1-428 sampler: 01 - HTTP GET Request: Veterinarians Page
2026-03-25 09:08:29,136 INFO o.a.j.t.JMeterThread: Stopping: MainUserLoad 1-788
2026-03-25 09:08:29,136 WARN o.a.j.t.JMeterThread: Interrupting: MainUserLoad 1-788 sampler: 04: HTTP  GET Request: Owners
2026-03-25 09:08:29,136 INFO o.a.j.t.JMeterThread: Stopping: MainUserLoad 1-984
2026-03-25 09:08:29,136 WARN o.a.j.t.JMeterThread: Interrupting: MainUserLoad 1-984 sampler: 01 - HTTP GET Request: Veterinarians Page
2026-03-25 09:08:29,137 INFO o.a.j.t.JMeterThread: Stopping: MainUserLoad 1-286
2026-03-25 09:08:29,137 INFO o.a.j.t.JMeterThread: Thread finished: MainUserLoad 1-786
2026-03-25 09:08:29,137 INFO o.a.j.t.JMeterThread: Thread finished: MainUserLoad 1-834
2026-03-25 09:08:29,137 WARN o.a.j.t.JMeterThread: Interrupting: MainUserLoad 1-286 sampler: 02 - HTTP GET Request: Search Single Owner
2026-03-25 09:08:29,137 INFO o.a.j.t.JMeterThread: Thread finished: MainUserLoad 1-316
2026-03-25 09:08:29,137 INFO o.a.j.t.JMeterThread: Stopping: MainUserLoad 1-514
2026-03-25 09:08:29,137 WARN o.a.j.t.JMeterThread: Interrupting: MainUserLoad 1-514 sampler: 01 - HTTP GET Request: Veterinarians Page
2026-03-25 09:08:29,137 INFO o.a.j.t.JMeterThread: Thread finished: MainUserLoad 1-406
2026-03-25 09:08:29,137 INFO o.a.j.t.JMeterThread: Thread finished: MainUserLoad 1-135
2026-03-25 09:08:29,139 INFO o.a.j.t.JMeterThread: Thread finished: MainUserLoad 1-625
2026-03-25 09:08:29,139 INFO o.a.j.t.JMeterThread: Thread finished: MainUserLoad 1-500
2026-03-25 09:08:29,139 INFO o.a.j.t.JMeterThread: Thread finished: MainUserLoad 1-68
2026-03-25 09:08:29,137 INFO o.a.j.t.JMeterThread: Stopping: MainUserLoad 1-857
2026-03-25 09:08:29,139 INFO o.a.j.t.JMeterThread: Thread finished: MainUserLoad 1-993
2026-03-25 09:08:29,139 INFO o.a.j.t.JMeterThread: Thread finished: MainUserLoad 1-675
2026-03-25 09:08:29,139 INFO o.a.j.t.JMeterThread: Thread finished: MainUserLoad 1-230
2026-03-25 09:08:29,139 INFO o.a.j.t.JMeterThread: Thread finished: MainUserLoad 1-128
2026-03-25 09:08:29,139 INFO o.a.j.t.JMeterThread: Thread finished: MainUserLoad 1-331
2026-03-25 09:08:29,139 WARN o.a.j.t.JMeterThread: Interrupting: MainUserLoad 1-857 sampler: 02 - HTTP GET Request: Search Single Owner
2026-03-25 09:08:29,140 INFO o.a.j.t.JMeterThread: Stopping: MainUserLoad 1-93
2026-03-25 09:08:29,141 WARN o.a.j.t.JMeterThread: Interrupting: MainUserLoad 1-93 sampler: 04: HTTP  GET Request: Owners
2026-03-25 09:08:29,141 INFO o.a.j.t.JMeterThread: Stopping: MainUserLoad 1-661
2026-03-25 09:08:29,141 WARN o.a.j.t.JMeterThread: Interrupting: MainUserLoad 1-661 sampler: 02 - HTTP GET Request: Search Single Owner
2026-03-25 09:08:29,141 INFO o.a.j.t.JMeterThread: Thread finished: MainUserLoad 1-302
2026-03-25 09:08:29,141 INFO o.a.j.t.JMeterThread: Stopping: MainUserLoad 1-212
2026-03-25 09:08:29,141 WARN o.a.j.t.JMeterThread: Interrupting: MainUserLoad 1-212 sampler: 01 - HTTP GET Request: Veterinarians Page
2026-03-25 09:08:29,141 INFO o.a.j.t.JMeterThread: Stopping: MainUserLoad 1-662
2026-03-25 09:08:29,141 WARN o.a.j.t.JMeterThread: Interrupting: MainUserLoad 1-662 sampler: 02 - HTTP GET Request: Search Single Owner
2026-03-25 09:08:29,142 INFO o.a.j.t.JMeterThread: Stopping: MainUserLoad 1-246
2026-03-25 09:08:29,142 WARN o.a.j.t.JMeterThread: Interrupting: MainUserLoad 1-246 sampler: 04: HTTP  GET Request: Owners
2026-03-25 09:08:29,142 INFO o.a.j.t.JMeterThread: Stopping: MainUserLoad 1-141
2026-03-25 09:08:29,142 WARN o.a.j.t.JMeterThread: Interrupting: MainUserLoad 1-141 sampler: 01 - HTTP GET Request: Veterinarians Page
2026-03-25 09:08:29,142 INFO o.a.j.t.JMeterThread: Stopping: MainUserLoad 1-51
2026-03-25 09:08:29,142 WARN o.a.j.t.JMeterThread: Interrupting: MainUserLoad 1-51 sampler: 02 - HTTP GET Request: Search Single Owner
2026-03-25 09:08:29,142 INFO o.a.j.t.JMeterThread: Stopping: MainUserLoad 1-637
2026-03-25 09:08:29,142 WARN o.a.j.t.JMeterThread: Interrupting: MainUserLoad 1-637 sampler: 04: HTTP  GET Request: Owners
2026-03-25 09:08:29,143 INFO o.a.j.t.JMeterThread: Thread finished: MainUserLoad 1-10
2026-03-25 09:08:29,143 INFO o.a.j.t.JMeterThread: Stopping: MainUserLoad 1-256
2026-03-25 09:08:29,144 WARN o.a.j.t.JMeterThread: Interrupting: MainUserLoad 1-256 sampler: 02 - HTTP GET Request: Search Single Owner
2026-03-25 09:08:29,145 INFO o.a.j.t.JMeterThread: Thread finished: MainUserLoad 1-579
2026-03-25 09:08:29,145 INFO o.a.j.t.JMeterThread: Stopping: MainUserLoad 1-917
2026-03-25 09:08:29,145 WARN o.a.j.t.JMeterThread: Interrupting: MainUserLoad 1-917 sampler: 04: HTTP  GET Request: Owners
2026-03-25 09:08:29,146 INFO o.a.j.t.JMeterThread: Stopping: MainUserLoad 1-257
2026-03-25 09:08:29,146 INFO o.a.j.t.JMeterThread: Thread finished: MainUserLoad 1-77
2026-03-25 09:08:29,146 WARN o.a.j.t.JMeterThread: Interrupting: MainUserLoad 1-257 sampler: 04: HTTP  GET Request: Owners
2026-03-25 09:08:29,147 INFO o.a.j.t.JMeterThread: Stopping: MainUserLoad 1-850
2026-03-25 09:08:29,147 WARN o.a.j.t.JMeterThread: Interrupting: MainUserLoad 1-850 sampler: 02 - HTTP GET Request: Search Single Owner
2026-03-25 09:08:29,147 INFO o.a.j.t.JMeterThread: Thread finished: MainUserLoad 1-378
2026-03-25 09:08:29,147 INFO o.a.j.t.JMeterThread: Thread finished: MainUserLoad 1-939
2026-03-25 09:08:29,147 INFO o.a.j.t.JMeterThread: Stopping: MainUserLoad 1-366
2026-03-25 09:08:29,148 WARN o.a.j.t.JMeterThread: Interrupting: MainUserLoad 1-366 sampler: 02 - HTTP GET Request: Search Single Owner
2026-03-25 09:08:29,148 INFO o.a.j.t.JMeterThread: Stopping: MainUserLoad 1-681
2026-03-25 09:08:29,148 WARN o.a.j.t.JMeterThread: Interrupting: MainUserLoad 1-681 sampler: 01 - HTTP GET Request: Veterinarians Page
2026-03-25 09:08:29,148 INFO o.a.j.t.JMeterThread: Thread finished: MainUserLoad 1-861
2026-03-25 09:08:29,148 INFO o.a.j.t.JMeterThread: Thread finished: MainUserLoad 1-233
2026-03-25 09:08:29,149 INFO o.a.j.t.JMeterThread: Stopping: MainUserLoad 1-821
2026-03-25 09:08:29,149 WARN o.a.j.t.JMeterThread: Interrupting: MainUserLoad 1-821 sampler: 03 - HTTP POST Request: Visits
2026-03-25 09:08:29,149 INFO o.a.j.t.JMeterThread: Stopping: MainUserLoad 1-553
2026-03-25 09:08:29,149 WARN o.a.j.t.JMeterThread: Interrupting: MainUserLoad 1-553 sampler: 04: HTTP  GET Request: Owners
2026-03-25 09:08:29,149 INFO o.a.j.t.JMeterThread: Thread finished: MainUserLoad 1-83
2026-03-25 09:08:29,149 INFO o.a.j.t.JMeterThread: Thread finished: MainUserLoad 1-428
2026-03-25 09:08:29,149 INFO o.a.j.t.JMeterThread: Stopping: MainUserLoad 1-927
2026-03-25 09:08:29,150 INFO o.a.j.t.JMeterThread: Thread finished: MainUserLoad 1-984
2026-03-25 09:08:29,150 WARN o.a.j.t.JMeterThread: Interrupting: MainUserLoad 1-927 sampler: 03 - HTTP POST Request: Visits
2026-03-25 09:08:29,150 INFO o.a.j.t.JMeterThread: Thread finished: MainUserLoad 1-835
2026-03-25 09:08:29,150 INFO o.a.j.t.JMeterThread: Thread finished: MainUserLoad 1-788
2026-03-25 09:08:29,150 INFO o.a.j.t.JMeterThread: Thread finished: MainUserLoad 1-286
2026-03-25 09:08:29,152 INFO o.a.j.t.JMeterThread: Thread finished: MainUserLoad 1-514
2026-03-25 09:08:29,152 INFO o.a.j.t.JMeterThread: Stopping: MainUserLoad 1-562
2026-03-25 09:08:29,152 WARN o.a.j.t.JMeterThread: Interrupting: MainUserLoad 1-562 sampler: 01 - HTTP GET Request: Veterinarians Page
2026-03-25 09:08:29,153 INFO o.a.j.t.JMeterThread: Thread finished: MainUserLoad 1-857
2026-03-25 09:08:29,153 INFO o.a.j.t.JMeterThread: Thread finished: MainUserLoad 1-661
2026-03-25 09:08:29,153 INFO o.a.j.t.JMeterThread: Thread finished: MainUserLoad 1-662
2026-03-25 09:08:29,153 INFO o.a.j.t.JMeterThread: Thread finished: MainUserLoad 1-93
2026-03-25 09:08:29,153 INFO o.a.j.t.JMeterThread: Thread finished: MainUserLoad 1-212
2026-03-25 09:08:29,153 INFO o.a.j.t.JMeterThread: Thread finished: MainUserLoad 1-246
2026-03-25 09:08:29,153 INFO o.a.j.t.JMeterThread: Stopping: MainUserLoad 1-216
2026-03-25 09:08:29,154 WARN o.a.j.t.JMeterThread: Interrupting: MainUserLoad 1-216 sampler: 01 - HTTP GET Request: Veterinarians Page
2026-03-25 09:08:29,154 INFO o.a.j.t.JMeterThread: Thread finished: MainUserLoad 1-51
2026-03-25 09:08:29,154 INFO o.a.j.t.JMeterThread: Thread finished: MainUserLoad 1-141
2026-03-25 09:08:29,154 INFO o.a.j.t.JMeterThread: Thread finished: MainUserLoad 1-637
2026-03-25 09:08:29,156 INFO o.a.j.t.JMeterThread: Thread finished: MainUserLoad 1-256
2026-03-25 09:08:29,154 INFO o.a.j.t.JMeterThread: Stopping: MainUserLoad 1-455
2026-03-25 09:08:29,156 WARN o.a.j.t.JMeterThread: Interrupting: MainUserLoad 1-455 sampler: 02 - HTTP GET Request: Search Single Owner
2026-03-25 09:08:29,157 INFO o.a.j.t.JMeterThread: Thread finished: MainUserLoad 1-917
2026-03-25 09:08:29,158 INFO o.a.j.t.JMeterThread: Stopping: MainUserLoad 1-222
2026-03-25 09:08:29,158 INFO o.a.j.t.JMeterThread: Thread finished: MainUserLoad 1-257
2026-03-25 09:08:29,159 INFO o.a.j.t.JMeterThread: Thread finished: MainUserLoad 1-850
2026-03-25 09:08:29,159 INFO o.a.j.t.JMeterThread: Thread finished: MainUserLoad 1-821
2026-03-25 09:08:29,159 INFO o.a.j.t.JMeterThread: Thread finished: MainUserLoad 1-553
2026-03-25 09:08:29,159 INFO o.a.j.t.JMeterThread: Thread finished: MainUserLoad 1-366
2026-03-25 09:08:29,159 INFO o.a.j.t.JMeterThread: Thread finished: MainUserLoad 1-681
2026-03-25 09:08:29,160 WARN o.a.j.t.JMeterThread: Interrupting: MainUserLoad 1-222 sampler: 02 - HTTP GET Request: Search Single Owner
2026-03-25 09:08:29,160 INFO o.a.j.t.JMeterThread: Thread finished: MainUserLoad 1-927
2026-03-25 09:08:29,161 INFO o.a.j.t.JMeterThread: Thread finished: MainUserLoad 1-562
2026-03-25 09:08:29,162 INFO o.a.j.t.JMeterThread: Thread finished: MainUserLoad 1-216
2026-03-25 09:08:29,163 INFO o.a.j.t.JMeterThread: Thread finished: MainUserLoad 1-455
2026-03-25 09:08:29,166 INFO o.a.j.t.JMeterThread: Stopping: MainUserLoad 1-26
2026-03-25 09:08:29,166 WARN o.a.j.t.JMeterThread: Interrupting: MainUserLoad 1-26 sampler: 03 - HTTP POST Request: Visits
2026-03-25 09:08:29,166 INFO o.a.j.t.JMeterThread: Stopping: MainUserLoad 1-901
2026-03-25 09:08:29,166 WARN o.a.j.t.JMeterThread: Interrupting: MainUserLoad 1-901 sampler: 04: HTTP  GET Request: Owners
2026-03-25 09:08:29,166 INFO o.a.j.t.JMeterThread: Thread finished: MainUserLoad 1-222
2026-03-25 09:08:29,167 INFO o.a.j.t.JMeterThread: Stopping: MainUserLoad 1-333
2026-03-25 09:08:29,167 WARN o.a.j.t.JMeterThread: Interrupting: MainUserLoad 1-333 sampler: 01 - HTTP GET Request: Veterinarians Page
2026-03-25 09:08:29,168 INFO o.a.j.t.JMeterThread: Stopping: MainUserLoad 1-742
2026-03-25 09:08:29,168 INFO o.a.j.t.JMeterThread: Thread finished: MainUserLoad 1-901
2026-03-25 09:08:29,168 INFO o.a.j.t.JMeterThread: Thread finished: MainUserLoad 1-26
2026-03-25 09:08:29,168 WARN o.a.j.t.JMeterThread: Interrupting: MainUserLoad 1-742 sampler: 02 - HTTP GET Request: Search Single Owner
2026-03-25 09:08:29,168 INFO o.a.j.t.JMeterThread: Stopping: MainUserLoad 1-960
2026-03-25 09:08:29,168 WARN o.a.j.t.JMeterThread: Interrupting: MainUserLoad 1-960 sampler: 02 - HTTP GET Request: Search Single Owner
2026-03-25 09:08:29,168 INFO o.a.j.t.JMeterThread: Stopping: MainUserLoad 1-114
2026-03-25 09:08:29,168 WARN o.a.j.t.JMeterThread: Interrupting: MainUserLoad 1-114 sampler: 04: HTTP  GET Request: Owners
2026-03-25 09:08:29,170 INFO o.a.j.t.JMeterThread: Thread finished: MainUserLoad 1-742
2026-03-25 09:08:29,170 INFO o.a.j.t.JMeterThread: Stopping: MainUserLoad 1-158
2026-03-25 09:08:29,170 INFO o.a.j.t.JMeterThread: Thread finished: MainUserLoad 1-333
2026-03-25 09:08:29,170 INFO o.a.j.t.JMeterThread: Thread finished: MainUserLoad 1-960
2026-03-25 09:08:29,170 WARN o.a.j.t.JMeterThread: Interrupting: MainUserLoad 1-158 sampler: 04: HTTP  GET Request: Owners
2026-03-25 09:08:29,170 INFO o.a.j.t.JMeterThread: Stopping: MainUserLoad 1-41
2026-03-25 09:08:29,170 WARN o.a.j.t.JMeterThread: Interrupting: MainUserLoad 1-41 sampler: 04: HTTP  GET Request: Owners
2026-03-25 09:08:29,171 INFO o.a.j.t.JMeterThread: Stopping: MainUserLoad 1-153
2026-03-25 09:08:29,171 WARN o.a.j.t.JMeterThread: Interrupting: MainUserLoad 1-153 sampler: 03 - HTTP POST Request: Visits
2026-03-25 09:08:29,171 INFO o.a.j.t.JMeterThread: Thread finished: MainUserLoad 1-114
2026-03-25 09:08:29,171 INFO o.a.j.t.JMeterThread: Stopping: MainUserLoad 1-649
2026-03-25 09:08:29,171 INFO o.a.j.t.JMeterThread: Thread finished: MainUserLoad 1-158
2026-03-25 09:08:29,172 INFO o.a.j.t.JMeterThread: Thread finished: MainUserLoad 1-41
2026-03-25 09:08:29,172 WARN o.a.j.t.JMeterThread: Interrupting: MainUserLoad 1-649 sampler: 04: HTTP  GET Request: Owners
2026-03-25 09:08:29,172 INFO o.a.j.t.JMeterThread: Stopping: MainUserLoad 1-718
2026-03-25 09:08:29,173 WARN o.a.j.t.JMeterThread: Interrupting: MainUserLoad 1-718 sampler: 03 - HTTP POST Request: Visits
2026-03-25 09:08:29,173 INFO o.a.j.t.JMeterThread: Stopping: MainUserLoad 1-920
2026-03-25 09:08:29,173 WARN o.a.j.t.JMeterThread: Interrupting: MainUserLoad 1-920 sampler: 04: HTTP  GET Request: Owners
2026-03-25 09:08:29,173 INFO o.a.j.t.JMeterThread: Thread finished: MainUserLoad 1-649
2026-03-25 09:08:29,173 INFO o.a.j.t.JMeterThread: Stopping: MainUserLoad 1-463
2026-03-25 09:08:29,174 WARN o.a.j.t.JMeterThread: Interrupting: MainUserLoad 1-463 sampler: 02 - HTTP GET Request: Search Single Owner
2026-03-25 09:08:29,174 INFO o.a.j.t.JMeterThread: Stopping: MainUserLoad 1-539
2026-03-25 09:08:29,174 WARN o.a.j.t.JMeterThread: Interrupting: MainUserLoad 1-539 sampler: 04: HTTP  GET Request: Owners
2026-03-25 09:08:29,174 INFO o.a.j.t.JMeterThread: Stopping: MainUserLoad 1-270
2026-03-25 09:08:29,174 WARN o.a.j.t.JMeterThread: Interrupting: MainUserLoad 1-270 sampler: 04: HTTP  GET Request: Owners
2026-03-25 09:08:29,174 INFO o.a.j.t.JMeterThread: Stopping: MainUserLoad 1-550
2026-03-25 09:08:29,174 WARN o.a.j.t.JMeterThread: Interrupting: MainUserLoad 1-550 sampler: 02 - HTTP GET Request: Search Single Owner
2026-03-25 09:08:29,174 INFO o.a.j.t.JMeterThread: Stopping: MainUserLoad 1-723
2026-03-25 09:08:29,174 WARN o.a.j.t.JMeterThread: Interrupting: MainUserLoad 1-723 sampler: 04: HTTP  GET Request: Owners
2026-03-25 09:08:29,174 INFO o.a.j.t.JMeterThread: Stopping: MainUserLoad 1-595
2026-03-25 09:08:29,174 WARN o.a.j.t.JMeterThread: Interrupting: MainUserLoad 1-595 sampler: 03 - HTTP POST Request: Visits
2026-03-25 09:08:29,175 INFO o.a.j.t.JMeterThread: Thread finished: MainUserLoad 1-723
2026-03-25 09:08:29,175 INFO o.a.j.t.JMeterThread: Thread finished: MainUserLoad 1-270
2026-03-25 09:08:29,175 INFO o.a.j.t.JMeterThread: Thread finished: MainUserLoad 1-539
2026-03-25 09:08:29,177 INFO o.a.j.t.JMeterThread: Stopping: MainUserLoad 1-297
2026-03-25 09:08:29,177 WARN o.a.j.t.JMeterThread: Interrupting: MainUserLoad 1-297 sampler: 04: HTTP  GET Request: Owners
2026-03-25 09:08:29,177 INFO o.a.j.t.JMeterThread: Stopping: MainUserLoad 1-338
2026-03-25 09:08:29,177 WARN o.a.j.t.JMeterThread: Interrupting: MainUserLoad 1-338 sampler: 02 - HTTP GET Request: Search Single Owner
2026-03-25 09:08:29,177 INFO o.a.j.t.JMeterThread: Stopping: MainUserLoad 1-459
2026-03-25 09:08:29,177 WARN o.a.j.t.JMeterThread: Interrupting: MainUserLoad 1-459 sampler: 04: HTTP  GET Request: Owners
2026-03-25 09:08:29,177 INFO o.a.j.t.JMeterThread: Stopping: MainUserLoad 1-203
2026-03-25 09:08:29,178 WARN o.a.j.t.JMeterThread: Interrupting: MainUserLoad 1-203 sampler: 04: HTTP  GET Request: Owners
2026-03-25 09:08:29,178 INFO o.a.j.t.JMeterThread: Stopping: MainUserLoad 1-112
2026-03-25 09:08:29,178 WARN o.a.j.t.JMeterThread: Interrupting: MainUserLoad 1-112 sampler: 03 - HTTP POST Request: Visits
2026-03-25 09:08:29,178 INFO o.a.j.t.JMeterThread: Stopping: MainUserLoad 1-671
2026-03-25 09:08:29,178 WARN o.a.j.t.JMeterThread: Interrupting: MainUserLoad 1-671 sampler: 04: HTTP  GET Request: Owners
2026-03-25 09:08:29,178 INFO o.a.j.t.JMeterThread: Stopping: MainUserLoad 1-7
2026-03-25 09:08:29,178 WARN o.a.j.t.JMeterThread: Interrupting: MainUserLoad 1-7 sampler: 04: HTTP  GET Request: Owners
2026-03-25 09:08:29,178 INFO o.a.j.t.JMeterThread: Stopping: MainUserLoad 1-403
2026-03-25 09:08:29,178 WARN o.a.j.t.JMeterThread: Interrupting: MainUserLoad 1-403 sampler: 04: HTTP  GET Request: Owners
2026-03-25 09:08:29,179 INFO o.a.j.t.JMeterThread: Stopping: MainUserLoad 1-929
2026-03-25 09:08:29,179 WARN o.a.j.t.JMeterThread: Interrupting: MainUserLoad 1-929 sampler: 01 - HTTP GET Request: Veterinarians Page
2026-03-25 09:08:29,179 INFO o.a.j.t.JMeterThread: Stopping: MainUserLoad 1-608
2026-03-25 09:08:29,179 WARN o.a.j.t.JMeterThread: Interrupting: MainUserLoad 1-608 sampler: 04: HTTP  GET Request: Owners
2026-03-25 09:08:29,180 INFO o.a.j.t.JMeterThread: Stopping: MainUserLoad 1-614
2026-03-25 09:08:29,180 WARN o.a.j.t.JMeterThread: Interrupting: MainUserLoad 1-614 sampler: 02 - HTTP GET Request: Search Single Owner
2026-03-25 09:08:29,180 INFO o.a.j.t.JMeterThread: Stopping: MainUserLoad 1-178
2026-03-25 09:08:29,180 WARN o.a.j.t.JMeterThread: Interrupting: MainUserLoad 1-178 sampler: 02 - HTTP GET Request: Search Single Owner
2026-03-25 09:08:29,180 INFO o.a.j.t.JMeterThread: Stopping: MainUserLoad 1-464
2026-03-25 09:08:29,180 WARN o.a.j.t.JMeterThread: Interrupting: MainUserLoad 1-464 sampler: 02 - HTTP GET Request: Search Single Owner
2026-03-25 09:08:29,180 INFO o.a.j.t.JMeterThread: Stopping: MainUserLoad 1-787
2026-03-25 09:08:29,180 WARN o.a.j.t.JMeterThread: Interrupting: MainUserLoad 1-787 sampler: 04: HTTP  GET Request: Owners
2026-03-25 09:08:29,180 INFO o.a.j.t.JMeterThread: Stopping: MainUserLoad 1-548
2026-03-25 09:08:29,180 WARN o.a.j.t.JMeterThread: Interrupting: MainUserLoad 1-548 sampler: 04: HTTP  GET Request: Owners
2026-03-25 09:08:29,180 INFO o.a.j.t.JMeterThread: Stopping: MainUserLoad 1-263
2026-03-25 09:08:29,180 WARN o.a.j.t.JMeterThread: Interrupting: MainUserLoad 1-263 sampler: 04: HTTP  GET Request: Owners
2026-03-25 09:08:29,180 INFO o.a.j.t.JMeterThread: Thread finished: MainUserLoad 1-718
2026-03-25 09:08:29,180 INFO o.a.j.t.JMeterThread: Stopping: MainUserLoad 1-878
2026-03-25 09:08:29,180 WARN o.a.j.t.JMeterThread: Interrupting: MainUserLoad 1-878 sampler: 03 - HTTP POST Request: Visits
2026-03-25 09:08:29,181 INFO o.a.j.t.JMeterThread: Thread finished: MainUserLoad 1-153
2026-03-25 09:08:29,181 INFO o.a.j.t.JMeterThread: Thread finished: MainUserLoad 1-920
2026-03-25 09:08:29,181 INFO o.a.j.t.JMeterThread: Stopping: MainUserLoad 1-838
2026-03-25 09:08:29,181 WARN o.a.j.t.JMeterThread: Interrupting: MainUserLoad 1-838 sampler: 02 - HTTP GET Request: Search Single Owner
2026-03-25 09:08:29,181 INFO o.a.j.t.JMeterThread: Stopping: MainUserLoad 1-613
2026-03-25 09:08:29,183 WARN o.a.j.t.JMeterThread: Interrupting: MainUserLoad 1-613 sampler: 02 - HTTP GET Request: Search Single Owner
2026-03-25 09:08:29,183 INFO o.a.j.t.JMeterThread: Thread finished: MainUserLoad 1-550
2026-03-25 09:08:29,183 INFO o.a.j.t.JMeterThread: Thread finished: MainUserLoad 1-595
2026-03-25 09:08:29,183 INFO o.a.j.t.JMeterThread: Stopping: MainUserLoad 1-303
2026-03-25 09:08:29,183 WARN o.a.j.t.JMeterThread: Interrupting: MainUserLoad 1-303 sampler: 04: HTTP  GET Request: Owners
2026-03-25 09:08:29,183 INFO o.a.j.t.JMeterThread: Thread finished: MainUserLoad 1-463
2026-03-25 09:08:29,183 INFO o.a.j.t.JMeterThread: Stopping: MainUserLoad 1-422
2026-03-25 09:08:29,184 WARN o.a.j.t.JMeterThread: Interrupting: MainUserLoad 1-422 sampler: 04: HTTP  GET Request: Owners
2026-03-25 09:08:29,184 INFO o.a.j.t.JMeterThread: Stopping: MainUserLoad 1-281
2026-03-25 09:08:29,184 WARN o.a.j.t.JMeterThread: Interrupting: MainUserLoad 1-281 sampler: 02 - HTTP GET Request: Search Single Owner
2026-03-25 09:08:29,184 INFO o.a.j.t.JMeterThread: Stopping: MainUserLoad 1-31
2026-03-25 09:08:29,184 WARN o.a.j.t.JMeterThread: Interrupting: MainUserLoad 1-31 sampler: 01 - HTTP GET Request: Veterinarians Page
2026-03-25 09:08:29,184 INFO o.a.j.t.JMeterThread: Stopping: MainUserLoad 1-218
2026-03-25 09:08:29,184 WARN o.a.j.t.JMeterThread: Interrupting: MainUserLoad 1-218 sampler: 01 - HTTP GET Request: Veterinarians Page
2026-03-25 09:08:29,185 INFO o.a.j.t.JMeterThread: Stopping: MainUserLoad 1-381
2026-03-25 09:08:29,185 INFO o.a.j.t.JMeterThread: Thread finished: MainUserLoad 1-297
2026-03-25 09:08:29,185 WARN o.a.j.t.JMeterThread: Interrupting: MainUserLoad 1-381 sampler: 04: HTTP  GET Request: Owners
2026-03-25 09:08:29,186 INFO o.a.j.t.JMeterThread: Thread finished: MainUserLoad 1-459
2026-03-25 09:08:29,186 INFO o.a.j.t.JMeterThread: Thread finished: MainUserLoad 1-338
2026-03-25 09:08:29,186 INFO o.a.j.t.JMeterThread: Stopping: MainUserLoad 1-348
2026-03-25 09:08:29,186 INFO o.a.j.t.JMeterThread: Thread finished: MainUserLoad 1-203
2026-03-25 09:08:29,186 WARN o.a.j.t.JMeterThread: Interrupting: MainUserLoad 1-348 sampler: 02 - HTTP GET Request: Search Single Owner
2026-03-25 09:08:29,186 INFO o.a.j.t.JMeterThread: Thread finished: MainUserLoad 1-112
2026-03-25 09:08:29,186 INFO o.a.j.t.JMeterThread: Stopping: MainUserLoad 1-124
2026-03-25 09:08:29,186 WARN o.a.j.t.JMeterThread: Interrupting: MainUserLoad 1-124 sampler: 01 - HTTP GET Request: Veterinarians Page
2026-03-25 09:08:29,187 INFO o.a.j.t.JMeterThread: Stopping: MainUserLoad 1-407
2026-03-25 09:08:29,187 WARN o.a.j.t.JMeterThread: Interrupting: MainUserLoad 1-407 sampler: 02 - HTTP GET Request: Search Single Owner
2026-03-25 09:08:29,187 INFO o.a.j.t.JMeterThread: Stopping: MainUserLoad 1-803
2026-03-25 09:08:29,187 WARN o.a.j.t.JMeterThread: Interrupting: MainUserLoad 1-803 sampler: 01 - HTTP GET Request: Veterinarians Page
2026-03-25 09:08:29,187 INFO o.a.j.t.JMeterThread: Stopping: MainUserLoad 1-955
2026-03-25 09:08:29,187 WARN o.a.j.t.JMeterThread: Interrupting: MainUserLoad 1-955 sampler: 04: HTTP  GET Request: Owners
2026-03-25 09:08:29,187 INFO o.a.j.t.JMeterThread: Stopping: MainUserLoad 1-784
2026-03-25 09:08:29,187 WARN o.a.j.t.JMeterThread: Interrupting: MainUserLoad 1-784 sampler: 01 - HTTP GET Request: Veterinarians Page
2026-03-25 09:08:29,187 INFO o.a.j.t.JMeterThread: Thread finished: MainUserLoad 1-671
2026-03-25 09:08:29,187 INFO o.a.j.t.JMeterThread: Stopping: MainUserLoad 1-394
2026-03-25 09:08:29,187 WARN o.a.j.t.JMeterThread: Interrupting: MainUserLoad 1-394 sampler: 02 - HTTP GET Request: Search Single Owner
2026-03-25 09:08:29,187 INFO o.a.j.t.JMeterThread: Thread finished: MainUserLoad 1-7
2026-03-25 09:08:29,187 INFO o.a.j.t.JMeterThread: Stopping: MainUserLoad 1-865
2026-03-25 09:08:29,187 WARN o.a.j.t.JMeterThread: Interrupting: MainUserLoad 1-865 sampler: 04: HTTP  GET Request: Owners
2026-03-25 09:08:29,187 INFO o.a.j.t.JMeterThread: Thread finished: MainUserLoad 1-929
2026-03-25 09:08:29,189 INFO o.a.j.t.JMeterThread: Stopping: MainUserLoad 1-799
2026-03-25 09:08:29,189 WARN o.a.j.t.JMeterThread: Interrupting: MainUserLoad 1-799 sampler: 02 - HTTP GET Request: Search Single Owner
2026-03-25 09:08:29,189 INFO o.a.j.t.JMeterThread: Thread finished: MainUserLoad 1-403
2026-03-25 09:08:29,189 INFO o.a.j.t.JMeterThread: Stopping: MainUserLoad 1-253
2026-03-25 09:08:29,189 WARN o.a.j.t.JMeterThread: Interrupting: MainUserLoad 1-253 sampler: 03 - HTTP POST Request: Visits
2026-03-25 09:08:29,189 INFO o.a.j.t.JMeterThread: Stopping: MainUserLoad 1-692
2026-03-25 09:08:29,189 INFO o.a.j.t.JMeterThread: Thread finished: MainUserLoad 1-614
2026-03-25 09:08:29,189 WARN o.a.j.t.JMeterThread: Interrupting: MainUserLoad 1-692 sampler: 04: HTTP  GET Request: Owners
2026-03-25 09:08:29,189 INFO o.a.j.t.JMeterThread: Thread finished: MainUserLoad 1-178
2026-03-25 09:08:29,189 INFO o.a.j.t.JMeterThread: Thread finished: MainUserLoad 1-608
2026-03-25 09:08:29,189 INFO o.a.j.t.JMeterThread: Thread finished: MainUserLoad 1-878
2026-03-25 09:08:29,189 INFO o.a.j.t.JMeterThread: Thread finished: MainUserLoad 1-263
2026-03-25 09:08:29,189 INFO o.a.j.t.JMeterThread: Thread finished: MainUserLoad 1-464
2026-03-25 09:08:29,190 INFO o.a.j.t.JMeterThread: Stopping: MainUserLoad 1-402
2026-03-25 09:08:29,190 WARN o.a.j.t.JMeterThread: Interrupting: MainUserLoad 1-402 sampler: 03 - HTTP POST Request: Visits
2026-03-25 09:08:29,190 INFO o.a.j.t.JMeterThread: Thread finished: MainUserLoad 1-548
2026-03-25 09:08:29,190 INFO o.a.j.t.JMeterThread: Thread finished: MainUserLoad 1-787
2026-03-25 09:08:29,190 INFO o.a.j.t.JMeterThread: Stopping: MainUserLoad 1-517
2026-03-25 09:08:29,190 WARN o.a.j.t.JMeterThread: Interrupting: MainUserLoad 1-517 sampler: 02 - HTTP GET Request: Search Single Owner
2026-03-25 09:08:29,190 INFO o.a.j.t.JMeterThread: Stopping: MainUserLoad 1-777
2026-03-25 09:08:29,191 WARN o.a.j.t.JMeterThread: Interrupting: MainUserLoad 1-777 sampler: 03 - HTTP POST Request: Visits
2026-03-25 09:08:29,191 INFO o.a.j.t.JMeterThread: Stopping: MainUserLoad 1-640
2026-03-25 09:08:29,191 WARN o.a.j.t.JMeterThread: Interrupting: MainUserLoad 1-640 sampler: 04: HTTP  GET Request: Owners
2026-03-25 09:08:29,191 INFO o.a.j.t.JMeterThread: Thread finished: MainUserLoad 1-838
2026-03-25 09:08:29,191 INFO o.a.j.t.JMeterThread: Stopping: MainUserLoad 1-868
2026-03-25 09:08:29,191 WARN o.a.j.t.JMeterThread: Interrupting: MainUserLoad 1-868 sampler: 04: HTTP  GET Request: Owners
2026-03-25 09:08:29,192 INFO o.a.j.t.JMeterThread: Thread finished: MainUserLoad 1-613
2026-03-25 09:08:29,192 INFO o.a.j.t.JMeterThread: Stopping: MainUserLoad 1-717
2026-03-25 09:08:29,192 WARN o.a.j.t.JMeterThread: Interrupting: MainUserLoad 1-717 sampler: 04: HTTP  GET Request: Owners
2026-03-25 09:08:29,192 INFO o.a.j.t.JMeterThread: Stopping: MainUserLoad 1-545
2026-03-25 09:08:29,193 INFO o.a.j.t.JMeterThread: Thread finished: MainUserLoad 1-303
2026-03-25 09:08:29,193 WARN o.a.j.t.JMeterThread: Interrupting: MainUserLoad 1-545 sampler: 02 - HTTP GET Request: Search Single Owner
2026-03-25 09:08:29,193 INFO o.a.j.t.JMeterThread: Thread finished: MainUserLoad 1-422
2026-03-25 09:08:29,193 INFO o.a.j.t.JMeterThread: Thread finished: MainUserLoad 1-281
2026-03-25 09:08:29,193 INFO o.a.j.t.JMeterThread: Stopping: MainUserLoad 1-86
2026-03-25 09:08:29,194 INFO o.a.j.t.JMeterThread: Thread finished: MainUserLoad 1-31
2026-03-25 09:08:29,194 WARN o.a.j.t.JMeterThread: Interrupting: MainUserLoad 1-86 sampler: 04: HTTP  GET Request: Owners
2026-03-25 09:08:29,194 INFO o.a.j.t.JMeterThread: Stopping: MainUserLoad 1-790
2026-03-25 09:08:29,194 INFO o.a.j.t.JMeterThread: Thread finished: MainUserLoad 1-218
2026-03-25 09:08:29,194 WARN o.a.j.t.JMeterThread: Interrupting: MainUserLoad 1-790 sampler: 04: HTTP  GET Request: Owners
2026-03-25 09:08:29,194 INFO o.a.j.t.JMeterThread: Stopping: MainUserLoad 1-876
2026-03-25 09:08:29,194 WARN o.a.j.t.JMeterThread: Interrupting: MainUserLoad 1-876 sampler: 04: HTTP  GET Request: Owners
2026-03-25 09:08:29,194 INFO o.a.j.t.JMeterThread: Stopping: MainUserLoad 1-181
2026-03-25 09:08:29,194 WARN o.a.j.t.JMeterThread: Interrupting: MainUserLoad 1-181 sampler: 02 - HTTP GET Request: Search Single Owner
2026-03-25 09:08:29,195 INFO o.a.j.t.JMeterThread: Thread finished: MainUserLoad 1-381
2026-03-25 09:08:29,195 INFO o.a.j.t.JMeterThread: Stopping: MainUserLoad 1-584
2026-03-25 09:08:29,195 WARN o.a.j.t.JMeterThread: Interrupting: MainUserLoad 1-584 sampler: 01 - HTTP GET Request: Veterinarians Page
2026-03-25 09:08:29,195 INFO o.a.j.t.JMeterThread: Thread finished: MainUserLoad 1-348
2026-03-25 09:08:29,195 INFO o.a.j.t.JMeterThread: Thread finished: MainUserLoad 1-124
2026-03-25 09:08:29,195 INFO o.a.j.t.JMeterThread: Thread finished: MainUserLoad 1-407
2026-03-25 09:08:29,196 INFO o.a.j.t.JMeterThread: Thread finished: MainUserLoad 1-803
2026-03-25 09:08:29,196 INFO o.a.j.t.JMeterThread: Stopping: MainUserLoad 1-801
2026-03-25 09:08:29,196 WARN o.a.j.t.JMeterThread: Interrupting: MainUserLoad 1-801 sampler: 02 - HTTP GET Request: Search Single Owner
2026-03-25 09:08:29,196 INFO o.a.j.t.JMeterThread: Stopping: MainUserLoad 1-164
2026-03-25 09:08:29,196 WARN o.a.j.t.JMeterThread: Interrupting: MainUserLoad 1-164 sampler: 01 - HTTP GET Request: Veterinarians Page
2026-03-25 09:08:29,196 INFO o.a.j.t.JMeterThread: Thread finished: MainUserLoad 1-784
2026-03-25 09:08:29,196 INFO o.a.j.t.JMeterThread: Stopping: MainUserLoad 1-377
2026-03-25 09:08:29,196 INFO o.a.j.t.JMeterThread: Thread finished: MainUserLoad 1-955
2026-03-25 09:08:29,196 WARN o.a.j.t.JMeterThread: Interrupting: MainUserLoad 1-377 sampler: 03 - HTTP POST Request: Visits
2026-03-25 09:08:29,197 INFO o.a.j.t.JMeterThread: Stopping: MainUserLoad 1-330
2026-03-25 09:08:29,197 WARN o.a.j.t.JMeterThread: Interrupting: MainUserLoad 1-330 sampler: 04: HTTP  GET Request: Owners
2026-03-25 09:08:29,197 INFO o.a.j.t.JMeterThread: Thread finished: MainUserLoad 1-394
2026-03-25 09:08:29,197 INFO o.a.j.t.JMeterThread: Stopping: MainUserLoad 1-477
2026-03-25 09:08:29,197 INFO o.a.j.t.JMeterThread: Thread finished: MainUserLoad 1-865
2026-03-25 09:08:29,197 WARN o.a.j.t.JMeterThread: Interrupting: MainUserLoad 1-477 sampler: 01 - HTTP GET Request: Veterinarians Page
2026-03-25 09:08:29,198 INFO o.a.j.t.JMeterThread: Stopping: MainUserLoad 1-843
2026-03-25 09:08:29,198 WARN o.a.j.t.JMeterThread: Interrupting: MainUserLoad 1-843 sampler: 02 - HTTP GET Request: Search Single Owner
2026-03-25 09:08:29,198 INFO o.a.j.t.JMeterThread: Stopping: MainUserLoad 1-425
2026-03-25 09:08:29,198 WARN o.a.j.t.JMeterThread: Interrupting: MainUserLoad 1-425 sampler: 04: HTTP  GET Request: Owners
2026-03-25 09:08:29,198 INFO o.a.j.t.JMeterThread: Stopping: MainUserLoad 1-978
2026-03-25 09:08:29,198 WARN o.a.j.t.JMeterThread: Interrupting: MainUserLoad 1-978 sampler: 04: HTTP  GET Request: Owners
2026-03-25 09:08:29,198 INFO o.a.j.t.JMeterThread: Stopping: MainUserLoad 1-107
2026-03-25 09:08:29,198 WARN o.a.j.t.JMeterThread: Interrupting: MainUserLoad 1-107 sampler: 02 - HTTP GET Request: Search Single Owner
2026-03-25 09:08:29,198 INFO o.a.j.t.JMeterThread: Thread finished: MainUserLoad 1-799
2026-03-25 09:08:29,198 INFO o.a.j.t.JMeterThread: Thread finished: MainUserLoad 1-253
2026-03-25 09:08:29,199 INFO o.a.j.t.JMeterThread: Stopping: MainUserLoad 1-475
2026-03-25 09:08:29,199 WARN o.a.j.t.JMeterThread: Interrupting: MainUserLoad 1-475 sampler: 02 - HTTP GET Request: Search Single Owner
2026-03-25 09:08:29,199 INFO o.a.j.t.JMeterThread: Thread finished: MainUserLoad 1-692
2026-03-25 09:08:29,200 INFO o.a.j.t.JMeterThread: Thread finished: MainUserLoad 1-402
2026-03-25 09:08:29,200 INFO o.a.j.t.JMeterThread: Stopping: MainUserLoad 1-415
2026-03-25 09:08:29,200 WARN o.a.j.t.JMeterThread: Interrupting: MainUserLoad 1-415 sampler: 02 - HTTP GET Request: Search Single Owner
2026-03-25 09:08:29,200 INFO o.a.j.t.JMeterThread: Thread finished: MainUserLoad 1-517
2026-03-25 09:08:29,201 INFO o.a.j.t.JMeterThread: Stopping: MainUserLoad 1-474
2026-03-25 09:08:29,201 WARN o.a.j.t.JMeterThread: Interrupting: MainUserLoad 1-474 sampler: 04: HTTP  GET Request: Owners
2026-03-25 09:08:29,201 INFO o.a.j.t.JMeterThread: Thread finished: MainUserLoad 1-777
2026-03-25 09:08:29,201 INFO o.a.j.t.JMeterThread: Stopping: MainUserLoad 1-858
2026-03-25 09:08:29,201 INFO o.a.j.t.JMeterThread: Thread finished: MainUserLoad 1-640
2026-03-25 09:08:29,201 WARN o.a.j.t.JMeterThread: Interrupting: MainUserLoad 1-858 sampler: 02 - HTTP GET Request: Search Single Owner
2026-03-25 09:08:29,201 INFO o.a.j.t.JMeterThread: Thread finished: MainUserLoad 1-868
2026-03-25 09:08:29,202 INFO o.a.j.t.JMeterThread: Stopping: MainUserLoad 1-954
2026-03-25 09:08:29,202 INFO o.a.j.t.JMeterThread: Thread finished: MainUserLoad 1-717
2026-03-25 09:08:29,202 WARN o.a.j.t.JMeterThread: Interrupting: MainUserLoad 1-954 sampler: 03 - HTTP POST Request: Visits
2026-03-25 09:08:29,202 INFO o.a.j.t.JMeterThread: Thread finished: MainUserLoad 1-545
2026-03-25 09:08:29,202 INFO o.a.j.t.JMeterThread: Stopping: MainUserLoad 1-94
2026-03-25 09:08:29,203 INFO o.a.j.t.JMeterThread: Thread finished: MainUserLoad 1-86
2026-03-25 09:08:29,203 WARN o.a.j.t.JMeterThread: Interrupting: MainUserLoad 1-94 sampler: 02 - HTTP GET Request: Search Single Owner
2026-03-25 09:08:29,203 INFO o.a.j.t.JMeterThread: Thread finished: MainUserLoad 1-876
2026-03-25 09:08:29,203 INFO o.a.j.t.JMeterThread: Thread finished: MainUserLoad 1-790
2026-03-25 09:08:29,204 INFO o.a.j.t.JMeterThread: Stopping: MainUserLoad 1-819
2026-03-25 09:08:29,204 WARN o.a.j.t.JMeterThread: Interrupting: MainUserLoad 1-819 sampler: 02 - HTTP GET Request: Search Single Owner
2026-03-25 09:08:29,204 INFO o.a.j.t.JMeterThread: Thread finished: MainUserLoad 1-181
2026-03-25 09:08:29,204 INFO o.a.j.t.JMeterThread: Stopping: MainUserLoad 1-49
2026-03-25 09:08:29,205 WARN o.a.j.t.JMeterThread: Interrupting: MainUserLoad 1-49 sampler: 04: HTTP  GET Request: Owners
2026-03-25 09:08:29,205 INFO o.a.j.t.JMeterThread: Stopping: MainUserLoad 1-503
2026-03-25 09:08:29,205 INFO o.a.j.t.JMeterThread: Thread finished: MainUserLoad 1-584
2026-03-25 09:08:29,205 WARN o.a.j.t.JMeterThread: Interrupting: MainUserLoad 1-503 sampler: 04: HTTP  GET Request: Owners
2026-03-25 09:08:29,205 INFO o.a.j.t.JMeterThread: Thread finished: MainUserLoad 1-164
2026-03-25 09:08:29,205 INFO o.a.j.t.JMeterThread: Thread finished: MainUserLoad 1-377
2026-03-25 09:08:29,205 INFO o.a.j.t.JMeterThread: Stopping: MainUserLoad 1-520
2026-03-25 09:08:29,205 WARN o.a.j.t.JMeterThread: Interrupting: MainUserLoad 1-520 sampler: 04: HTTP  GET Request: Owners
2026-03-25 09:08:29,205 INFO o.a.j.t.JMeterThread: Thread finished: MainUserLoad 1-801
2026-03-25 09:08:29,206 INFO o.a.j.t.JMeterThread: Stopping: MainUserLoad 1-471
2026-03-25 09:08:29,206 WARN o.a.j.t.JMeterThread: Interrupting: MainUserLoad 1-471 sampler: 02 - HTTP GET Request: Search Single Owner
2026-03-25 09:08:29,206 INFO o.a.j.t.JMeterThread: Thread finished: MainUserLoad 1-843
2026-03-25 09:08:29,206 INFO o.a.j.t.JMeterThread: Thread finished: MainUserLoad 1-330
2026-03-25 09:08:29,206 INFO o.a.j.t.JMeterThread: Thread finished: MainUserLoad 1-978
2026-03-25 09:08:29,206 INFO o.a.j.t.JMeterThread: Thread finished: MainUserLoad 1-425
2026-03-25 09:08:29,206 INFO o.a.j.t.JMeterThread: Thread finished: MainUserLoad 1-477
2026-03-25 09:08:29,206 INFO o.a.j.t.JMeterThread: Stopping: MainUserLoad 1-712
2026-03-25 09:08:29,206 WARN o.a.j.t.JMeterThread: Interrupting: MainUserLoad 1-712 sampler: 04: HTTP  GET Request: Owners
2026-03-25 09:08:29,207 INFO o.a.j.t.JMeterThread: Thread finished: MainUserLoad 1-107
2026-03-25 09:08:29,207 INFO o.a.j.t.JMeterThread: Stopping: MainUserLoad 1-541
2026-03-25 09:08:29,207 WARN o.a.j.t.JMeterThread: Interrupting: MainUserLoad 1-541 sampler: 03 - HTTP POST Request: Visits
2026-03-25 09:08:29,207 INFO o.a.j.t.JMeterThread: Thread finished: MainUserLoad 1-475
2026-03-25 09:08:29,207 INFO o.a.j.t.JMeterThread: Thread finished: MainUserLoad 1-474
2026-03-25 09:08:29,207 INFO o.a.j.t.JMeterThread: Thread finished: MainUserLoad 1-415
2026-03-25 09:08:29,207 INFO o.a.j.t.JMeterThread: Stopping: MainUserLoad 1-593
2026-03-25 09:08:29,208 WARN o.a.j.t.JMeterThread: Interrupting: MainUserLoad 1-593 sampler: 04: HTTP  GET Request: Owners
2026-03-25 09:08:29,208 INFO o.a.j.t.JMeterThread: Stopping: MainUserLoad 1-29
2026-03-25 09:08:29,208 WARN o.a.j.t.JMeterThread: Interrupting: MainUserLoad 1-29 sampler: 03 - HTTP POST Request: Visits
2026-03-25 09:08:29,208 INFO o.a.j.t.JMeterThread: Thread finished: MainUserLoad 1-858
2026-03-25 09:08:29,208 INFO o.a.j.t.JMeterThread: Stopping: MainUserLoad 1-663
2026-03-25 09:08:29,208 WARN o.a.j.t.JMeterThread: Interrupting: MainUserLoad 1-663 sampler: 02 - HTTP GET Request: Search Single Owner
2026-03-25 09:08:29,208 INFO o.a.j.t.JMeterThread: Thread finished: MainUserLoad 1-954
2026-03-25 09:08:29,208 INFO o.a.j.t.JMeterThread: Stopping: MainUserLoad 1-822
2026-03-25 09:08:29,208 WARN o.a.j.t.JMeterThread: Interrupting: MainUserLoad 1-822 sampler: 02 - HTTP GET Request: Search Single Owner
2026-03-25 09:08:29,210 INFO o.a.j.t.JMeterThread: Stopping: MainUserLoad 1-970
2026-03-25 09:08:29,210 WARN o.a.j.t.JMeterThread: Interrupting: MainUserLoad 1-970 sampler: 04: HTTP  GET Request: Owners
2026-03-25 09:08:29,210 INFO o.a.j.t.JMeterThread: Stopping: MainUserLoad 1-202
2026-03-25 09:08:29,210 WARN o.a.j.t.JMeterThread: Interrupting: MainUserLoad 1-202 sampler: 04: HTTP  GET Request: Owners
2026-03-25 09:08:29,211 INFO o.a.j.t.JMeterThread: Stopping: MainUserLoad 1-879
2026-03-25 09:08:29,211 WARN o.a.j.t.JMeterThread: Interrupting: MainUserLoad 1-879 sampler: 04: HTTP  GET Request: Owners
2026-03-25 09:08:29,211 INFO o.a.j.t.JMeterThread: Thread finished: MainUserLoad 1-94
2026-03-25 09:08:29,211 INFO o.a.j.t.JMeterThread: Thread finished: MainUserLoad 1-49
2026-03-25 09:08:29,211 INFO o.a.j.t.JMeterThread: Thread finished: MainUserLoad 1-819
2026-03-25 09:08:29,211 INFO o.a.j.t.JMeterThread: Stopping: MainUserLoad 1-511
2026-03-25 09:08:29,211 WARN o.a.j.t.JMeterThread: Interrupting: MainUserLoad 1-511 sampler: 02 - HTTP GET Request: Search Single Owner
2026-03-25 09:08:29,211 INFO o.a.j.t.JMeterThread: Stopping: MainUserLoad 1-155
2026-03-25 09:08:29,211 WARN o.a.j.t.JMeterThread: Interrupting: MainUserLoad 1-155 sampler: 03 - HTTP POST Request: Visits
2026-03-25 09:08:29,211 INFO o.a.j.t.JMeterThread: Stopping: MainUserLoad 1-171
2026-03-25 09:08:29,211 WARN o.a.j.t.JMeterThread: Interrupting: MainUserLoad 1-171 sampler: 04: HTTP  GET Request: Owners
2026-03-25 09:08:29,211 INFO o.a.j.t.JMeterThread: Stopping: MainUserLoad 1-943
2026-03-25 09:08:29,211 WARN o.a.j.t.JMeterThread: Interrupting: MainUserLoad 1-943 sampler: 04: HTTP  GET Request: Owners
2026-03-25 09:08:29,211 INFO o.a.j.t.JMeterThread: Thread finished: MainUserLoad 1-503
2026-03-25 09:08:29,211 INFO o.a.j.t.JMeterThread: Stopping: MainUserLoad 1-518
2026-03-25 09:08:29,211 WARN o.a.j.t.JMeterThread: Interrupting: MainUserLoad 1-518 sampler: 04: HTTP  GET Request: Owners
2026-03-25 09:08:29,212 INFO o.a.j.t.JMeterThread: Stopping: MainUserLoad 1-791
2026-03-25 09:08:29,212 WARN o.a.j.t.JMeterThread: Interrupting: MainUserLoad 1-791 sampler: 04: HTTP  GET Request: Owners
2026-03-25 09:08:29,212 INFO o.a.j.t.JMeterThread: Thread finished: MainUserLoad 1-520
2026-03-25 09:08:29,212 INFO o.a.j.t.JMeterThread: Stopping: MainUserLoad 1-829
2026-03-25 09:08:29,212 INFO o.a.j.t.JMeterThread: Thread finished: MainUserLoad 1-471
2026-03-25 09:08:29,212 WARN o.a.j.t.JMeterThread: Interrupting: MainUserLoad 1-829 sampler: 04: HTTP  GET Request: Owners
2026-03-25 09:08:29,213 INFO o.a.j.t.JMeterThread: Stopping: MainUserLoad 1-840
2026-03-25 09:08:29,213 WARN o.a.j.t.JMeterThread: Interrupting: MainUserLoad 1-840 sampler: 02 - HTTP GET Request: Search Single Owner
2026-03-25 09:08:29,213 INFO o.a.j.t.JMeterThread: Thread finished: MainUserLoad 1-712
2026-03-25 09:08:29,213 INFO o.a.j.t.JMeterThread: Stopping: MainUserLoad 1-262
2026-03-25 09:08:29,213 WARN o.a.j.t.JMeterThread: Interrupting: MainUserLoad 1-262 sampler: 04: HTTP  GET Request: Owners
2026-03-25 09:08:29,213 INFO o.a.j.t.JMeterThread: Stopping: MainUserLoad 1-266
2026-03-25 09:08:29,213 WARN o.a.j.t.JMeterThread: Interrupting: MainUserLoad 1-266 sampler: 02 - HTTP GET Request: Search Single Owner
2026-03-25 09:08:29,213 INFO o.a.j.t.JMeterThread: Stopping: MainUserLoad 1-570
2026-03-25 09:08:29,213 INFO o.a.j.t.JMeterThread: Thread finished: MainUserLoad 1-541
2026-03-25 09:08:29,213 WARN o.a.j.t.JMeterThread: Interrupting: MainUserLoad 1-570 sampler: 02 - HTTP GET Request: Search Single Owner
2026-03-25 09:08:29,214 INFO o.a.j.t.JMeterThread: Thread finished: MainUserLoad 1-29
2026-03-25 09:08:29,214 INFO o.a.j.t.JMeterThread: Stopping: MainUserLoad 1-621
2026-03-25 09:08:29,214 INFO o.a.j.t.JMeterThread: Thread finished: MainUserLoad 1-593
2026-03-25 09:08:29,214 WARN o.a.j.t.JMeterThread: Interrupting: MainUserLoad 1-621 sampler: 04: HTTP  GET Request: Owners
2026-03-25 09:08:29,214 INFO o.a.j.t.JMeterThread: Stopping: MainUserLoad 1-335
2026-03-25 09:08:29,214 INFO o.a.j.t.JMeterThread: Thread finished: MainUserLoad 1-663
2026-03-25 09:08:29,214 WARN o.a.j.t.JMeterThread: Interrupting: MainUserLoad 1-335 sampler: 01 - HTTP GET Request: Veterinarians Page
2026-03-25 09:08:29,214 INFO o.a.j.t.JMeterThread: Thread finished: MainUserLoad 1-822
2026-03-25 09:08:29,215 INFO o.a.j.t.JMeterThread: Stopping: MainUserLoad 1-706
2026-03-25 09:08:29,215 WARN o.a.j.t.JMeterThread: Interrupting: MainUserLoad 1-706 sampler: 04: HTTP  GET Request: Owners
2026-03-25 09:08:29,216 INFO o.a.j.t.JMeterThread: Thread finished: MainUserLoad 1-970
2026-03-25 09:08:29,216 INFO o.a.j.t.JMeterThread: Stopping: MainUserLoad 1-907
2026-03-25 09:08:29,216 WARN o.a.j.t.JMeterThread: Interrupting: MainUserLoad 1-907 sampler: 04: HTTP  GET Request: Owners
2026-03-25 09:08:29,216 INFO o.a.j.t.JMeterThread: Stopping: MainUserLoad 1-434
2026-03-25 09:08:29,216 WARN o.a.j.t.JMeterThread: Interrupting: MainUserLoad 1-434 sampler: 02 - HTTP GET Request: Search Single Owner
2026-03-25 09:08:29,217 INFO o.a.j.t.JMeterThread: Thread finished: MainUserLoad 1-202
2026-03-25 09:08:29,217 INFO o.a.j.t.JMeterThread: Stopping: MainUserLoad 1-935
2026-03-25 09:08:29,217 WARN o.a.j.t.JMeterThread: Interrupting: MainUserLoad 1-935 sampler: 03 - HTTP POST Request: Visits
2026-03-25 09:08:29,217 INFO o.a.j.t.JMeterThread: Thread finished: MainUserLoad 1-879
2026-03-25 09:08:29,217 INFO o.a.j.t.JMeterThread: Thread finished: MainUserLoad 1-511
2026-03-25 09:08:29,217 INFO o.a.j.t.JMeterThread: Thread finished: MainUserLoad 1-171
2026-03-25 09:08:29,218 INFO o.a.j.t.JMeterThread: Thread finished: MainUserLoad 1-155
2026-03-25 09:08:29,217 INFO o.a.j.t.JMeterThread: Stopping: MainUserLoad 1-508
2026-03-25 09:08:29,218 INFO o.a.j.t.JMeterThread: Thread finished: MainUserLoad 1-943
2026-03-25 09:08:29,218 WARN o.a.j.t.JMeterThread: Interrupting: MainUserLoad 1-508 sampler: 01 - HTTP GET Request: Veterinarians Page
2026-03-25 09:08:29,218 INFO o.a.j.t.JMeterThread: Thread finished: MainUserLoad 1-518
2026-03-25 09:08:29,218 INFO o.a.j.t.JMeterThread: Thread finished: MainUserLoad 1-791
2026-03-25 09:08:29,218 INFO o.a.j.t.JMeterThread: Stopping: MainUserLoad 1-353
2026-03-25 09:08:29,220 INFO o.a.j.t.JMeterThread: Thread finished: MainUserLoad 1-829
2026-03-25 09:08:29,220 WARN o.a.j.t.JMeterThread: Interrupting: MainUserLoad 1-353 sampler: 03 - HTTP POST Request: Visits
2026-03-25 09:08:29,220 INFO o.a.j.t.JMeterThread: Thread finished: MainUserLoad 1-262
2026-03-25 09:08:29,220 INFO o.a.j.t.JMeterThread: Thread finished: MainUserLoad 1-266
2026-03-25 09:08:29,220 INFO o.a.j.t.JMeterThread: Thread finished: MainUserLoad 1-840
2026-03-25 09:08:29,221 INFO o.a.j.t.JMeterThread: Stopping: MainUserLoad 1-845
2026-03-25 09:08:29,221 INFO o.a.j.t.JMeterThread: Thread finished: MainUserLoad 1-570
2026-03-25 09:08:29,221 WARN o.a.j.t.JMeterThread: Interrupting: MainUserLoad 1-845 sampler: 02 - HTTP GET Request: Search Single Owner
2026-03-25 09:08:29,221 INFO o.a.j.t.JMeterThread: Thread finished: MainUserLoad 1-621
2026-03-25 09:08:29,221 INFO o.a.j.t.JMeterThread: Stopping: MainUserLoad 1-457
2026-03-25 09:08:29,222 INFO o.a.j.t.JMeterThread: Thread finished: MainUserLoad 1-335
2026-03-25 09:08:29,223 WARN o.a.j.t.JMeterThread: Interrupting: MainUserLoad 1-457 sampler: 03 - HTTP POST Request: Visits
2026-03-25 09:08:29,223 INFO o.a.j.t.JMeterThread: Thread finished: MainUserLoad 1-706
2026-03-25 09:08:29,223 INFO o.a.j.t.JMeterThread: Stopping: MainUserLoad 1-469
2026-03-25 09:08:29,225 INFO o.a.j.t.JMeterThread: Thread finished: MainUserLoad 1-434
2026-03-25 09:08:29,225 WARN o.a.j.t.JMeterThread: Interrupting: MainUserLoad 1-469 sampler: 04: HTTP  GET Request: Owners
2026-03-25 09:08:29,225 INFO o.a.j.t.JMeterThread: Thread finished: MainUserLoad 1-907
2026-03-25 09:08:29,225 INFO o.a.j.t.JMeterThread: Thread finished: MainUserLoad 1-935
2026-03-25 09:08:29,225 INFO o.a.j.t.JMeterThread: Stopping: MainUserLoad 1-411
2026-03-25 09:08:29,225 WARN o.a.j.t.JMeterThread: Interrupting: MainUserLoad 1-411 sampler: 03 - HTTP POST Request: Visits
2026-03-25 09:08:29,226 INFO o.a.j.t.JMeterThread: Stopping: MainUserLoad 1-909
2026-03-25 09:08:29,226 WARN o.a.j.t.JMeterThread: Interrupting: MainUserLoad 1-909 sampler: 04: HTTP  GET Request: Owners
2026-03-25 09:08:29,226 INFO o.a.j.t.JMeterThread: Stopping: MainUserLoad 1-104
2026-03-25 09:08:29,226 WARN o.a.j.t.JMeterThread: Interrupting: MainUserLoad 1-104 sampler: 04: HTTP  GET Request: Owners
2026-03-25 09:08:29,226 INFO o.a.j.t.JMeterThread: Thread finished: MainUserLoad 1-508
2026-03-25 09:08:29,226 INFO o.a.j.t.JMeterThread: Stopping: MainUserLoad 1-367
2026-03-25 09:08:29,227 WARN o.a.j.t.JMeterThread: Interrupting: MainUserLoad 1-367 sampler: 04: HTTP  GET Request: Owners
2026-03-25 09:08:29,227 INFO o.a.j.t.JMeterThread: Stopping: MainUserLoad 1-962
2026-03-25 09:08:29,227 WARN o.a.j.t.JMeterThread: Interrupting: MainUserLoad 1-962 sampler: 01 - HTTP GET Request: Veterinarians Page
2026-03-25 09:08:29,227 INFO o.a.j.t.JMeterThread: Thread finished: MainUserLoad 1-353
2026-03-25 09:08:29,228 INFO o.a.j.t.JMeterThread: Stopping: MainUserLoad 1-227
2026-03-25 09:08:29,228 WARN o.a.j.t.JMeterThread: Interrupting: MainUserLoad 1-227 sampler: 04: HTTP  GET Request: Owners
2026-03-25 09:08:29,228 INFO o.a.j.t.JMeterThread: Stopping: MainUserLoad 1-941
2026-03-25 09:08:29,228 WARN o.a.j.t.JMeterThread: Interrupting: MainUserLoad 1-941 sampler: 04: HTTP  GET Request: Owners
2026-03-25 09:08:29,228 INFO o.a.j.t.JMeterThread: Stopping: MainUserLoad 1-552
2026-03-25 09:08:29,229 WARN o.a.j.t.JMeterThread: Interrupting: MainUserLoad 1-552 sampler: 02 - HTTP GET Request: Search Single Owner
2026-03-25 09:08:29,229 INFO o.a.j.t.JMeterThread: Thread finished: MainUserLoad 1-845
2026-03-25 09:08:29,230 INFO o.a.j.t.JMeterThread: Stopping: MainUserLoad 1-620
2026-03-25 09:08:29,230 WARN o.a.j.t.JMeterThread: Interrupting: MainUserLoad 1-620 sampler: 02 - HTTP GET Request: Search Single Owner
2026-03-25 09:08:29,230 INFO o.a.j.t.JMeterThread: Thread finished: MainUserLoad 1-457
2026-03-25 09:08:29,230 INFO o.a.j.t.JMeterThread: Stopping: MainUserLoad 1-18
2026-03-25 09:08:29,230 WARN o.a.j.t.JMeterThread: Interrupting: MainUserLoad 1-18 sampler: 04: HTTP  GET Request: Owners
2026-03-25 09:08:29,230 INFO o.a.j.t.JMeterThread: Stopping: MainUserLoad 1-304
2026-03-25 09:08:29,230 WARN o.a.j.t.JMeterThread: Interrupting: MainUserLoad 1-304 sampler: 01 - HTTP GET Request: Veterinarians Page
2026-03-25 09:08:29,230 INFO o.a.j.t.JMeterThread: Thread finished: MainUserLoad 1-469
2026-03-25 09:08:29,230 INFO o.a.j.t.JMeterThread: Stopping: MainUserLoad 1-105
2026-03-25 09:08:29,231 WARN o.a.j.t.JMeterThread: Interrupting: MainUserLoad 1-105 sampler: 04: HTTP  GET Request: Owners
2026-03-25 09:08:29,231 INFO o.a.j.t.JMeterThread: Thread finished: MainUserLoad 1-411
2026-03-25 09:08:29,231 INFO o.a.j.t.JMeterThread: Stopping: MainUserLoad 1-897
2026-03-25 09:08:29,231 WARN o.a.j.t.JMeterThread: Interrupting: MainUserLoad 1-897 sampler: 04: HTTP  GET Request: Owners
2026-03-25 09:08:29,232 INFO o.a.j.t.JMeterThread: Stopping: MainUserLoad 1-923
2026-03-25 09:08:29,232 WARN o.a.j.t.JMeterThread: Interrupting: MainUserLoad 1-923 sampler: 01 - HTTP GET Request: Veterinarians Page
2026-03-25 09:08:29,232 INFO o.a.j.t.JMeterThread: Stopping: MainUserLoad 1-290
2026-03-25 09:08:29,232 INFO o.a.j.t.JMeterThread: Thread finished: MainUserLoad 1-909
2026-03-25 09:08:29,232 WARN o.a.j.t.JMeterThread: Interrupting: MainUserLoad 1-290 sampler: 04: HTTP  GET Request: Owners
2026-03-25 09:08:29,232 INFO o.a.j.t.JMeterThread: Thread finished: MainUserLoad 1-104
2026-03-25 09:08:29,232 INFO o.a.j.t.JMeterThread: Stopping: MainUserLoad 1-859
2026-03-25 09:08:29,232 WARN o.a.j.t.JMeterThread: Interrupting: MainUserLoad 1-859 sampler: 01 - HTTP GET Request: Veterinarians Page
2026-03-25 09:08:29,233 INFO o.a.j.t.JMeterThread: Thread finished: MainUserLoad 1-962
2026-03-25 09:08:29,233 INFO o.a.j.t.JMeterThread: Thread finished: MainUserLoad 1-367
2026-03-25 09:08:29,233 INFO o.a.j.t.JMeterThread: Stopping: MainUserLoad 1-597
2026-03-25 09:08:29,233 WARN o.a.j.t.JMeterThread: Interrupting: MainUserLoad 1-597 sampler: 04: HTTP  GET Request: Owners
2026-03-25 09:08:29,233 INFO o.a.j.t.JMeterThread: Thread finished: MainUserLoad 1-227
2026-03-25 09:08:29,233 INFO o.a.j.t.JMeterThread: Stopping: MainUserLoad 1-812
2026-03-25 09:08:29,233 WARN o.a.j.t.JMeterThread: Interrupting: MainUserLoad 1-812 sampler: 04: HTTP  GET Request: Owners
2026-03-25 09:08:29,233 INFO o.a.j.t.JMeterThread: Stopping: MainUserLoad 1-932
2026-03-25 09:08:29,233 WARN o.a.j.t.JMeterThread: Interrupting: MainUserLoad 1-932 sampler: 04: HTTP  GET Request: Owners
2026-03-25 09:08:29,233 INFO o.a.j.t.JMeterThread: Stopping: MainUserLoad 1-536
2026-03-25 09:08:29,233 WARN o.a.j.t.JMeterThread: Interrupting: MainUserLoad 1-536 sampler: 04: HTTP  GET Request: Owners
2026-03-25 09:08:29,233 INFO o.a.j.t.JMeterThread: Stopping: MainUserLoad 1-709
2026-03-25 09:08:29,233 WARN o.a.j.t.JMeterThread: Interrupting: MainUserLoad 1-709 sampler: 01 - HTTP GET Request: Veterinarians Page
2026-03-25 09:08:29,235 INFO o.a.j.t.JMeterThread: Thread finished: MainUserLoad 1-941
2026-03-25 09:08:29,235 INFO o.a.j.t.JMeterThread: Stopping: MainUserLoad 1-906
2026-03-25 09:08:29,235 WARN o.a.j.t.JMeterThread: Interrupting: MainUserLoad 1-906 sampler: 01 - HTTP GET Request: Veterinarians Page
2026-03-25 09:08:29,235 INFO o.a.j.t.JMeterThread: Stopping: MainUserLoad 1-504
2026-03-25 09:08:29,235 WARN o.a.j.t.JMeterThread: Interrupting: MainUserLoad 1-504 sampler: 03 - HTTP POST Request: Visits
2026-03-25 09:08:29,235 INFO o.a.j.t.JMeterThread: Thread finished: MainUserLoad 1-552
2026-03-25 09:08:29,235 INFO o.a.j.t.JMeterThread: Stopping: MainUserLoad 1-307
2026-03-25 09:08:29,235 WARN o.a.j.t.JMeterThread: Interrupting: MainUserLoad 1-307 sampler: 01 - HTTP GET Request: Veterinarians Page
2026-03-25 09:08:29,235 INFO o.a.j.t.JMeterThread: Stopping: MainUserLoad 1-795
2026-03-25 09:08:29,235 WARN o.a.j.t.JMeterThread: Interrupting: MainUserLoad 1-795 sampler: 02 - HTTP GET Request: Search Single Owner
2026-03-25 09:08:29,236 INFO o.a.j.t.JMeterThread: Stopping: MainUserLoad 1-587
2026-03-25 09:08:29,236 WARN o.a.j.t.JMeterThread: Interrupting: MainUserLoad 1-587 sampler: 02 - HTTP GET Request: Search Single Owner
2026-03-25 09:08:29,236 INFO o.a.j.t.JMeterThread: Stopping: MainUserLoad 1-639
2026-03-25 09:08:29,236 WARN o.a.j.t.JMeterThread: Interrupting: MainUserLoad 1-639 sampler: 02 - HTTP GET Request: Search Single Owner
2026-03-25 09:08:29,236 INFO o.a.j.t.JMeterThread: Thread finished: MainUserLoad 1-620
2026-03-25 09:08:29,237 INFO o.a.j.t.JMeterThread: Stopping: MainUserLoad 1-622
2026-03-25 09:08:29,237 INFO o.a.j.t.JMeterThread: Thread finished: MainUserLoad 1-18
2026-03-25 09:08:29,237 INFO o.a.j.t.JMeterThread: Thread finished: MainUserLoad 1-304
2026-03-25 09:08:29,237 WARN o.a.j.t.JMeterThread: Interrupting: MainUserLoad 1-622 sampler: 01 - HTTP GET Request: Veterinarians Page
2026-03-25 09:08:29,237 INFO o.a.j.t.JMeterThread: Stopping: MainUserLoad 1-108
2026-03-25 09:08:29,237 WARN o.a.j.t.JMeterThread: Interrupting: MainUserLoad 1-108 sampler: 04: HTTP  GET Request: Owners
2026-03-25 09:08:29,237 INFO o.a.j.t.JMeterThread: Stopping: MainUserLoad 1-484
2026-03-25 09:08:29,237 WARN o.a.j.t.JMeterThread: Interrupting: MainUserLoad 1-484 sampler: 04: HTTP  GET Request: Owners
2026-03-25 09:08:29,237 INFO o.a.j.t.JMeterThread: Thread finished: MainUserLoad 1-105
2026-03-25 09:08:29,237 INFO o.a.j.t.JMeterThread: Stopping: MainUserLoad 1-880
2026-03-25 09:08:29,237 WARN o.a.j.t.JMeterThread: Interrupting: MainUserLoad 1-880 sampler: 04: HTTP  GET Request: Owners
2026-03-25 09:08:29,239 INFO o.a.j.t.JMeterThread: Stopping: MainUserLoad 1-275
2026-03-25 09:08:29,239 INFO o.a.j.t.JMeterThread: Thread finished: MainUserLoad 1-923
2026-03-25 09:08:29,239 WARN o.a.j.t.JMeterThread: Interrupting: MainUserLoad 1-275 sampler: 02 - HTTP GET Request: Search Single Owner
2026-03-25 09:08:29,239 INFO o.a.j.t.JMeterThread: Thread finished: MainUserLoad 1-897
2026-03-25 09:08:29,239 INFO o.a.j.t.JMeterThread: Stopping: MainUserLoad 1-516
2026-03-25 09:08:29,239 WARN o.a.j.t.JMeterThread: Interrupting: MainUserLoad 1-516 sampler: 04: HTTP  GET Request: Owners
2026-03-25 09:08:29,240 INFO o.a.j.t.JMeterThread: Stopping: MainUserLoad 1-489
2026-03-25 09:08:29,240 INFO o.a.j.t.JMeterThread: Thread finished: MainUserLoad 1-290
2026-03-25 09:08:29,240 WARN o.a.j.t.JMeterThread: Interrupting: MainUserLoad 1-489 sampler: 02 - HTTP GET Request: Search Single Owner
2026-03-25 09:08:29,240 INFO o.a.j.t.JMeterThread: Stopping: MainUserLoad 1-551
2026-03-25 09:08:29,241 WARN o.a.j.t.JMeterThread: Interrupting: MainUserLoad 1-551 sampler: 01 - HTTP GET Request: Veterinarians Page
2026-03-25 09:08:29,241 INFO o.a.j.t.JMeterThread: Thread finished: MainUserLoad 1-859
2026-03-25 09:08:29,242 INFO o.a.j.t.JMeterThread: Stopping: MainUserLoad 1-280
2026-03-25 09:08:29,242 WARN o.a.j.t.JMeterThread: Interrupting: MainUserLoad 1-280 sampler: 04: HTTP  GET Request: Owners
2026-03-25 09:08:29,242 INFO o.a.j.t.JMeterThread: Thread finished: MainUserLoad 1-709
2026-03-25 09:08:29,242 INFO o.a.j.t.JMeterThread: Thread finished: MainUserLoad 1-597
2026-03-25 09:08:29,242 INFO o.a.j.t.JMeterThread: Thread finished: MainUserLoad 1-812
2026-03-25 09:08:29,243 INFO o.a.j.t.JMeterThread: Thread finished: MainUserLoad 1-536
2026-03-25 09:08:29,243 INFO o.a.j.t.JMeterThread: Thread finished: MainUserLoad 1-932
2026-03-25 09:08:29,243 INFO o.a.j.t.JMeterThread: Stopping: MainUserLoad 1-641
2026-03-25 09:08:29,243 WARN o.a.j.t.JMeterThread: Interrupting: MainUserLoad 1-641 sampler: 04: HTTP  GET Request: Owners
2026-03-25 09:08:29,243 INFO o.a.j.t.JMeterThread: Thread finished: MainUserLoad 1-504
2026-03-25 09:08:29,243 INFO o.a.j.t.JMeterThread: Thread finished: MainUserLoad 1-906
2026-03-25 09:08:29,243 INFO o.a.j.t.JMeterThread: Stopping: MainUserLoad 1-771
2026-03-25 09:08:29,243 WARN o.a.j.t.JMeterThread: Interrupting: MainUserLoad 1-771 sampler: 02 - HTTP GET Request: Search Single Owner
2026-03-25 09:08:29,243 INFO o.a.j.t.JMeterThread: Stopping: MainUserLoad 1-576
2026-03-25 09:08:29,243 INFO o.a.j.t.JMeterThread: Thread finished: MainUserLoad 1-795
2026-03-25 09:08:29,243 WARN o.a.j.t.JMeterThread: Interrupting: MainUserLoad 1-576 sampler: 04: HTTP  GET Request: Owners
2026-03-25 09:08:29,245 INFO o.a.j.t.JMeterThread: Thread finished: MainUserLoad 1-307
2026-03-25 09:08:29,245 INFO o.a.j.t.JMeterThread: Thread finished: MainUserLoad 1-639
2026-03-25 09:08:29,245 INFO o.a.j.t.JMeterThread: Thread finished: MainUserLoad 1-587
2026-03-25 09:08:29,245 INFO o.a.j.t.JMeterThread: Stopping: MainUserLoad 1-730
2026-03-25 09:08:29,245 INFO o.a.j.t.JMeterThread: Thread finished: MainUserLoad 1-880
2026-03-25 09:08:29,245 WARN o.a.j.t.JMeterThread: Interrupting: MainUserLoad 1-730 sampler: 04: HTTP  GET Request: Owners
2026-03-25 09:08:29,245 INFO o.a.j.t.JMeterThread: Thread finished: MainUserLoad 1-108
2026-03-25 09:08:29,245 INFO o.a.j.t.JMeterThread: Thread finished: MainUserLoad 1-622
2026-03-25 09:08:29,245 INFO o.a.j.t.JMeterThread: Thread finished: MainUserLoad 1-484
2026-03-25 09:08:29,245 INFO o.a.j.t.JMeterThread: Thread finished: MainUserLoad 1-275
2026-03-25 09:08:29,245 INFO o.a.j.t.JMeterThread: Thread finished: MainUserLoad 1-516
2026-03-25 09:08:29,246 INFO o.a.j.t.JMeterThread: Stopping: MainUserLoad 1-50
2026-03-25 09:08:29,246 WARN o.a.j.t.JMeterThread: Interrupting: MainUserLoad 1-50 sampler: 03 - HTTP POST Request: Visits
2026-03-25 09:08:29,246 INFO o.a.j.t.JMeterThread: Thread finished: MainUserLoad 1-489
2026-03-25 09:08:29,247 INFO o.a.j.t.JMeterThread: Thread finished: MainUserLoad 1-551
2026-03-25 09:08:29,247 INFO o.a.j.t.JMeterThread: Stopping: MainUserLoad 1-200
2026-03-25 09:08:29,247 WARN o.a.j.t.JMeterThread: Interrupting: MainUserLoad 1-200 sampler: 04: HTTP  GET Request: Owners
2026-03-25 09:08:29,247 INFO o.a.j.t.JMeterThread: Thread finished: MainUserLoad 1-280
2026-03-25 09:08:29,247 INFO o.a.j.t.JMeterThread: Stopping: MainUserLoad 1-754
2026-03-25 09:08:29,247 WARN o.a.j.t.JMeterThread: Interrupting: MainUserLoad 1-754 sampler: 02 - HTTP GET Request: Search Single Owner
2026-03-25 09:08:29,247 INFO o.a.j.t.JMeterThread: Thread finished: MainUserLoad 1-641
2026-03-25 09:08:29,247 INFO o.a.j.t.JMeterThread: Thread finished: MainUserLoad 1-771
2026-03-25 09:08:29,247 INFO o.a.j.t.JMeterThread: Stopping: MainUserLoad 1-679
2026-03-25 09:08:29,247 WARN o.a.j.t.JMeterThread: Interrupting: MainUserLoad 1-679 sampler: 04: HTTP  GET Request: Owners
2026-03-25 09:08:29,248 INFO o.a.j.t.JMeterThread: Stopping: MainUserLoad 1-123
2026-03-25 09:08:29,248 WARN o.a.j.t.JMeterThread: Interrupting: MainUserLoad 1-123 sampler: 02 - HTTP GET Request: Search Single Owner
2026-03-25 09:08:29,248 INFO o.a.j.t.JMeterThread: Thread finished: MainUserLoad 1-576
2026-03-25 09:08:29,248 INFO o.a.j.t.JMeterThread: Stopping: MainUserLoad 1-61
2026-03-25 09:08:29,248 WARN o.a.j.t.JMeterThread: Interrupting: MainUserLoad 1-61 sampler: 04: HTTP  GET Request: Owners
2026-03-25 09:08:29,248 INFO o.a.j.t.JMeterThread: Stopping: MainUserLoad 1-354
2026-03-25 09:08:29,248 WARN o.a.j.t.JMeterThread: Interrupting: MainUserLoad 1-354 sampler: 02 - HTTP GET Request: Search Single Owner
2026-03-25 09:08:29,250 INFO o.a.j.t.JMeterThread: Thread finished: MainUserLoad 1-50
2026-03-25 09:08:29,250 INFO o.a.j.t.JMeterThread: Thread finished: MainUserLoad 1-730
2026-03-25 09:08:29,250 INFO o.a.j.t.JMeterThread: Stopping: MainUserLoad 1-133
2026-03-25 09:08:29,250 WARN o.a.j.t.JMeterThread: Interrupting: MainUserLoad 1-133 sampler: 02 - HTTP GET Request: Search Single Owner
2026-03-25 09:08:29,250 INFO o.a.j.t.JMeterThread: Thread finished: MainUserLoad 1-200
2026-03-25 09:08:29,250 INFO o.a.j.t.JMeterThread: Stopping: MainUserLoad 1-173
2026-03-25 09:08:29,250 WARN o.a.j.t.JMeterThread: Interrupting: MainUserLoad 1-173 sampler: 03 - HTTP POST Request: Visits
2026-03-25 09:08:29,250 INFO o.a.j.t.JMeterThread: Thread finished: MainUserLoad 1-754
2026-03-25 09:08:29,250 INFO o.a.j.t.JMeterThread: Stopping: MainUserLoad 1-800
2026-03-25 09:08:29,250 WARN o.a.j.t.JMeterThread: Interrupting: MainUserLoad 1-800 sampler: 04: HTTP  GET Request: Owners
2026-03-25 09:08:29,250 INFO o.a.j.t.JMeterThread: Stopping: MainUserLoad 1-980
2026-03-25 09:08:29,250 WARN o.a.j.t.JMeterThread: Interrupting: MainUserLoad 1-980 sampler: 01 - HTTP GET Request: Veterinarians Page
2026-03-25 09:08:29,250 INFO o.a.j.t.JMeterThread: Stopping: MainUserLoad 1-572
2026-03-25 09:08:29,250 INFO o.a.j.t.JMeterThread: Thread finished: MainUserLoad 1-679
2026-03-25 09:08:29,250 WARN o.a.j.t.JMeterThread: Interrupting: MainUserLoad 1-572 sampler: 02 - HTTP GET Request: Search Single Owner
2026-03-25 09:08:29,253 INFO o.a.j.t.JMeterThread: Thread finished: MainUserLoad 1-123
2026-03-25 09:08:29,254 INFO o.a.j.t.JMeterThread: Thread finished: MainUserLoad 1-61
2026-03-25 09:08:29,254 INFO o.a.j.t.JMeterThread: Thread finished: MainUserLoad 1-354
2026-03-25 09:08:29,254 INFO o.a.j.t.JMeterThread: Stopping: MainUserLoad 1-752
2026-03-25 09:08:29,254 WARN o.a.j.t.JMeterThread: Interrupting: MainUserLoad 1-752 sampler: 02 - HTTP GET Request: Search Single Owner
2026-03-25 09:08:29,254 INFO o.a.j.t.JMeterThread: Thread finished: MainUserLoad 1-133
2026-03-25 09:08:29,254 INFO o.a.j.t.JMeterThread: Thread finished: MainUserLoad 1-173
2026-03-25 09:08:29,255 INFO o.a.j.t.JMeterThread: Thread finished: MainUserLoad 1-800
2026-03-25 09:08:29,256 INFO o.a.j.t.JMeterThread: Stopping: MainUserLoad 1-327
2026-03-25 09:08:29,256 INFO o.a.j.t.JMeterThread: Thread finished: MainUserLoad 1-980
2026-03-25 09:08:29,256 WARN o.a.j.t.JMeterThread: Interrupting: MainUserLoad 1-327 sampler: 01 - HTTP GET Request: Veterinarians Page
2026-03-25 09:08:29,257 INFO o.a.j.t.JMeterThread: Thread finished: MainUserLoad 1-572
2026-03-25 09:08:29,258 INFO o.a.j.t.JMeterThread: Stopping: MainUserLoad 1-741
2026-03-25 09:08:29,258 WARN o.a.j.t.JMeterThread: Interrupting: MainUserLoad 1-741 sampler: 03 - HTTP POST Request: Visits
2026-03-25 09:08:29,258 INFO o.a.j.t.JMeterThread: Stopping: MainUserLoad 1-556
2026-03-25 09:08:29,258 INFO o.a.j.t.JMeterThread: Thread finished: MainUserLoad 1-752
2026-03-25 09:08:29,259 INFO o.a.j.t.JMeterThread: Thread finished: MainUserLoad 1-327
2026-03-25 09:08:29,258 WARN o.a.j.t.JMeterThread: Interrupting: MainUserLoad 1-556 sampler: 04: HTTP  GET Request: Owners
2026-03-25 09:08:29,260 INFO o.a.j.t.JMeterThread: Stopping: MainUserLoad 1-815
2026-03-25 09:08:29,260 WARN o.a.j.t.JMeterThread: Interrupting: MainUserLoad 1-815 sampler: 02 - HTTP GET Request: Search Single Owner
2026-03-25 09:08:29,260 INFO o.a.j.t.JMeterThread: Stopping: MainUserLoad 1-168
2026-03-25 09:08:29,260 WARN o.a.j.t.JMeterThread: Interrupting: MainUserLoad 1-168 sampler: 02 - HTTP GET Request: Search Single Owner
2026-03-25 09:08:29,260 INFO o.a.j.t.JMeterThread: Stopping: MainUserLoad 1-724
2026-03-25 09:08:29,260 WARN o.a.j.t.JMeterThread: Interrupting: MainUserLoad 1-724 sampler: 04: HTTP  GET Request: Owners
2026-03-25 09:08:29,260 INFO o.a.j.t.JMeterThread: Stopping: MainUserLoad 1-117
2026-03-25 09:08:29,260 WARN o.a.j.t.JMeterThread: Interrupting: MainUserLoad 1-117 sampler: 02 - HTTP GET Request: Search Single Owner
2026-03-25 09:08:29,260 INFO o.a.j.t.JMeterThread: Stopping: MainUserLoad 1-445
2026-03-25 09:08:29,262 WARN o.a.j.t.JMeterThread: Interrupting: MainUserLoad 1-445 sampler: 04: HTTP  GET Request: Owners
2026-03-25 09:08:29,260 INFO o.a.j.t.JMeterThread: Thread finished: MainUserLoad 1-741
2026-03-25 09:08:29,262 INFO o.a.j.t.JMeterThread: Stopping: MainUserLoad 1-258
2026-03-25 09:08:29,262 WARN o.a.j.t.JMeterThread: Interrupting: MainUserLoad 1-258 sampler: 01 - HTTP GET Request: Veterinarians Page
2026-03-25 09:08:29,262 INFO o.a.j.t.JMeterThread: Stopping: MainUserLoad 1-884
2026-03-25 09:08:29,262 WARN o.a.j.t.JMeterThread: Interrupting: MainUserLoad 1-884 sampler: 04: HTTP  GET Request: Owners
2026-03-25 09:08:29,263 INFO o.a.j.t.JMeterThread: Stopping: MainUserLoad 1-592
2026-03-25 09:08:29,263 WARN o.a.j.t.JMeterThread: Interrupting: MainUserLoad 1-592 sampler: 04: HTTP  GET Request: Owners
2026-03-25 09:08:29,263 INFO o.a.j.t.JMeterThread: Stopping: MainUserLoad 1-154
2026-03-25 09:08:29,263 WARN o.a.j.t.JMeterThread: Interrupting: MainUserLoad 1-154 sampler: 01 - HTTP GET Request: Veterinarians Page
2026-03-25 09:08:29,263 INFO o.a.j.t.JMeterThread: Thread finished: MainUserLoad 1-556
2026-03-25 09:08:29,263 INFO o.a.j.t.JMeterThread: Thread finished: MainUserLoad 1-815
2026-03-25 09:08:29,263 INFO o.a.j.t.JMeterThread: Stopping: MainUserLoad 1-945
2026-03-25 09:08:29,263 WARN o.a.j.t.JMeterThread: Interrupting: MainUserLoad 1-945 sampler: 02 - HTTP GET Request: Search Single Owner
2026-03-25 09:08:29,264 INFO o.a.j.t.JMeterThread: Stopping: MainUserLoad 1-964
2026-03-25 09:08:29,264 WARN o.a.j.t.JMeterThread: Interrupting: MainUserLoad 1-964 sampler: 02 - HTTP GET Request: Search Single Owner
2026-03-25 09:08:29,264 INFO o.a.j.t.JMeterThread: Stopping: MainUserLoad 1-185
2026-03-25 09:08:29,264 WARN o.a.j.t.JMeterThread: Interrupting: MainUserLoad 1-185 sampler: 04: HTTP  GET Request: Owners
2026-03-25 09:08:29,264 INFO o.a.j.t.JMeterThread: Stopping: MainUserLoad 1-79
2026-03-25 09:08:29,264 WARN o.a.j.t.JMeterThread: Interrupting: MainUserLoad 1-79 sampler: 04: HTTP  GET Request: Owners
2026-03-25 09:08:29,265 INFO o.a.j.t.JMeterThread: Thread finished: MainUserLoad 1-168
2026-03-25 09:08:29,265 INFO o.a.j.t.JMeterThread: Stopping: MainUserLoad 1-355
2026-03-25 09:08:29,265 INFO o.a.j.t.JMeterThread: Thread finished: MainUserLoad 1-724
2026-03-25 09:08:29,265 WARN o.a.j.t.JMeterThread: Interrupting: MainUserLoad 1-355 sampler: 04: HTTP  GET Request: Owners
2026-03-25 09:08:29,265 INFO o.a.j.t.JMeterThread: Stopping: MainUserLoad 1-946
2026-03-25 09:08:29,266 WARN o.a.j.t.JMeterThread: Interrupting: MainUserLoad 1-946 sampler: 02 - HTTP GET Request: Search Single Owner
2026-03-25 09:08:29,266 INFO o.a.j.t.JMeterThread: Stopping: MainUserLoad 1-726
2026-03-25 09:08:29,266 WARN o.a.j.t.JMeterThread: Interrupting: MainUserLoad 1-726 sampler: 04: HTTP  GET Request: Owners
2026-03-25 09:08:29,266 INFO o.a.j.t.JMeterThread: Thread finished: MainUserLoad 1-445
2026-03-25 09:08:29,266 INFO o.a.j.t.JMeterThread: Thread finished: MainUserLoad 1-117
2026-03-25 09:08:29,266 INFO o.a.j.t.JMeterThread: Stopping: MainUserLoad 1-172
2026-03-25 09:08:29,266 WARN o.a.j.t.JMeterThread: Interrupting: MainUserLoad 1-172 sampler: 04: HTTP  GET Request: Owners
2026-03-25 09:08:29,266 INFO o.a.j.t.JMeterThread: Thread finished: MainUserLoad 1-258
2026-03-25 09:08:29,266 INFO o.a.j.t.JMeterThread: Stopping: MainUserLoad 1-184
2026-03-25 09:08:29,266 WARN o.a.j.t.JMeterThread: Interrupting: MainUserLoad 1-184 sampler: 01 - HTTP GET Request: Veterinarians Page
2026-03-25 09:08:29,267 INFO o.a.j.t.JMeterThread: Thread finished: MainUserLoad 1-884
2026-03-25 09:08:29,267 INFO o.a.j.t.JMeterThread: Stopping: MainUserLoad 1-833
2026-03-25 09:08:29,267 WARN o.a.j.t.JMeterThread: Interrupting: MainUserLoad 1-833 sampler: 04: HTTP  GET Request: Owners
2026-03-25 09:08:29,267 INFO o.a.j.t.JMeterThread: Thread finished: MainUserLoad 1-592
2026-03-25 09:08:29,268 INFO o.a.j.t.JMeterThread: Stopping: MainUserLoad 1-721
2026-03-25 09:08:29,268 WARN o.a.j.t.JMeterThread: Interrupting: MainUserLoad 1-721 sampler: 02 - HTTP GET Request: Search Single Owner
2026-03-25 09:08:29,268 INFO o.a.j.t.JMeterThread: Stopping: MainUserLoad 1-881
2026-03-25 09:08:29,268 WARN o.a.j.t.JMeterThread: Interrupting: MainUserLoad 1-881 sampler: 03 - HTTP POST Request: Visits
2026-03-25 09:08:29,268 INFO o.a.j.t.JMeterThread: Stopping: MainUserLoad 1-967
2026-03-25 09:08:29,268 WARN o.a.j.t.JMeterThread: Interrupting: MainUserLoad 1-967 sampler: 04: HTTP  GET Request: Owners
2026-03-25 09:08:29,268 INFO o.a.j.t.JMeterThread: Thread finished: MainUserLoad 1-154
2026-03-25 09:08:29,269 INFO o.a.j.t.JMeterThread: Stopping: MainUserLoad 1-312
2026-03-25 09:08:29,269 WARN o.a.j.t.JMeterThread: Interrupting: MainUserLoad 1-312 sampler: 02 - HTTP GET Request: Search Single Owner
2026-03-25 09:08:29,269 INFO o.a.j.t.JMeterThread: Thread finished: MainUserLoad 1-964
2026-03-25 09:08:29,269 INFO o.a.j.t.JMeterThread: Thread finished: MainUserLoad 1-945
2026-03-25 09:08:29,269 INFO o.a.j.t.JMeterThread: Thread finished: MainUserLoad 1-185
2026-03-25 09:08:29,269 INFO o.a.j.t.JMeterThread: Thread finished: MainUserLoad 1-79
2026-03-25 09:08:29,269 INFO o.a.j.t.JMeterThread: Stopping: MainUserLoad 1-44
2026-03-25 09:08:29,270 WARN o.a.j.t.JMeterThread: Interrupting: MainUserLoad 1-44 sampler: 04: HTTP  GET Request: Owners
2026-03-25 09:08:29,270 INFO o.a.j.t.JMeterThread: Stopping: MainUserLoad 1-624
2026-03-25 09:08:29,270 WARN o.a.j.t.JMeterThread: Interrupting: MainUserLoad 1-624 sampler: 04: HTTP  GET Request: Owners
2026-03-25 09:08:29,270 INFO o.a.j.t.JMeterThread: Stopping: MainUserLoad 1-217
2026-03-25 09:08:29,270 WARN o.a.j.t.JMeterThread: Interrupting: MainUserLoad 1-217 sampler: 02 - HTTP GET Request: Search Single Owner
2026-03-25 09:08:29,271 INFO o.a.j.t.JMeterThread: Thread finished: MainUserLoad 1-355
2026-03-25 09:08:29,271 INFO o.a.j.t.JMeterThread: Stopping: MainUserLoad 1-207
2026-03-25 09:08:29,271 INFO o.a.j.t.JMeterThread: Thread finished: MainUserLoad 1-726
2026-03-25 09:08:29,272 WARN o.a.j.t.JMeterThread: Interrupting: MainUserLoad 1-207 sampler: 04: HTTP  GET Request: Owners
2026-03-25 09:08:29,272 INFO o.a.j.t.JMeterThread: Thread finished: MainUserLoad 1-172
2026-03-25 09:08:29,272 INFO o.a.j.t.JMeterThread: Thread finished: MainUserLoad 1-946
2026-03-25 09:08:29,272 INFO o.a.j.t.JMeterThread: Thread finished: MainUserLoad 1-184
2026-03-25 09:08:29,272 INFO o.a.j.t.JMeterThread: Stopping: MainUserLoad 1-22
2026-03-25 09:08:29,272 WARN o.a.j.t.JMeterThread: Interrupting: MainUserLoad 1-22 sampler: 04: HTTP  GET Request: Owners
2026-03-25 09:08:29,272 INFO o.a.j.t.JMeterThread: Stopping: MainUserLoad 1-339
2026-03-25 09:08:29,272 WARN o.a.j.t.JMeterThread: Interrupting: MainUserLoad 1-339 sampler: 02 - HTTP GET Request: Search Single Owner
2026-03-25 09:08:29,272 INFO o.a.j.t.JMeterThread: Stopping: MainUserLoad 1-395
2026-03-25 09:08:29,273 WARN o.a.j.t.JMeterThread: Interrupting: MainUserLoad 1-395 sampler: 04: HTTP  GET Request: Owners
2026-03-25 09:08:29,273 INFO o.a.j.t.JMeterThread: Thread finished: MainUserLoad 1-833
2026-03-25 09:08:29,273 INFO o.a.j.t.JMeterThread: Thread finished: MainUserLoad 1-721
2026-03-25 09:08:29,273 INFO o.a.j.t.JMeterThread: Thread finished: MainUserLoad 1-881
2026-03-25 09:08:29,273 INFO o.a.j.t.JMeterThread: Stopping: MainUserLoad 1-245
2026-03-25 09:08:29,273 WARN o.a.j.t.JMeterThread: Interrupting: MainUserLoad 1-245 sampler: 04: HTTP  GET Request: Owners
2026-03-25 09:08:29,273 INFO o.a.j.t.JMeterThread: Stopping: MainUserLoad 1-655
2026-03-25 09:08:29,273 WARN o.a.j.t.JMeterThread: Interrupting: MainUserLoad 1-655 sampler: 02 - HTTP GET Request: Search Single Owner
2026-03-25 09:08:29,273 INFO o.a.j.t.JMeterThread: Thread finished: MainUserLoad 1-312
2026-03-25 09:08:29,273 INFO o.a.j.t.JMeterThread: Thread finished: MainUserLoad 1-967
2026-03-25 09:08:29,273 INFO o.a.j.t.JMeterThread: Stopping: MainUserLoad 1-522
2026-03-25 09:08:29,273 WARN o.a.j.t.JMeterThread: Interrupting: MainUserLoad 1-522 sampler: 02 - HTTP GET Request: Search Single Owner
2026-03-25 09:08:29,275 INFO o.a.j.t.JMeterThread: Stopping: MainUserLoad 1-644
2026-03-25 09:08:29,275 WARN o.a.j.t.JMeterThread: Interrupting: MainUserLoad 1-644 sampler: 01 - HTTP GET Request: Veterinarians Page
2026-03-25 09:08:29,275 INFO o.a.j.t.JMeterThread: Thread finished: MainUserLoad 1-624
2026-03-25 09:08:29,276 INFO o.a.j.t.JMeterThread: Stopping: MainUserLoad 1-762
2026-03-25 09:08:29,276 WARN o.a.j.t.JMeterThread: Interrupting: MainUserLoad 1-762 sampler: 02 - HTTP GET Request: Search Single Owner
2026-03-25 09:08:29,276 INFO o.a.j.t.JMeterThread: Thread finished: MainUserLoad 1-44
2026-03-25 09:08:29,276 INFO o.a.j.t.JMeterThread: Thread finished: MainUserLoad 1-217
2026-03-25 09:08:29,276 INFO o.a.j.t.JMeterThread: Stopping: MainUserLoad 1-783
2026-03-25 09:08:29,276 WARN o.a.j.t.JMeterThread: Interrupting: MainUserLoad 1-783 sampler: 02 - HTTP GET Request: Search Single Owner
2026-03-25 09:08:29,276 INFO o.a.j.t.JMeterThread: Thread finished: MainUserLoad 1-207
2026-03-25 09:08:29,277 INFO o.a.j.t.JMeterThread: Stopping: MainUserLoad 1-769
2026-03-25 09:08:29,277 WARN o.a.j.t.JMeterThread: Interrupting: MainUserLoad 1-769 sampler: 04: HTTP  GET Request: Owners
2026-03-25 09:08:29,277 INFO o.a.j.t.JMeterThread: Stopping: MainUserLoad 1-15
2026-03-25 09:08:29,277 WARN o.a.j.t.JMeterThread: Interrupting: MainUserLoad 1-15 sampler: 04: HTTP  GET Request: Owners
2026-03-25 09:08:29,278 INFO o.a.j.t.JMeterThread: Thread finished: MainUserLoad 1-339
2026-03-25 09:08:29,278 INFO o.a.j.t.JMeterThread: Stopping: MainUserLoad 1-805
2026-03-25 09:08:29,278 WARN o.a.j.t.JMeterThread: Interrupting: MainUserLoad 1-805 sampler: 04: HTTP  GET Request: Owners
2026-03-25 09:08:29,278 INFO o.a.j.t.JMeterThread: Thread finished: MainUserLoad 1-22
2026-03-25 09:08:29,278 INFO o.a.j.t.JMeterThread: Thread finished: MainUserLoad 1-395
2026-03-25 09:08:29,278 INFO o.a.j.t.JMeterThread: Stopping: MainUserLoad 1-488
2026-03-25 09:08:29,279 WARN o.a.j.t.JMeterThread: Interrupting: MainUserLoad 1-488 sampler: 02 - HTTP GET Request: Search Single Owner
2026-03-25 09:08:29,279 INFO o.a.j.t.JMeterThread: Stopping: MainUserLoad 1-43
2026-03-25 09:08:29,279 INFO o.a.j.t.JMeterThread: Thread finished: MainUserLoad 1-245
2026-03-25 09:08:29,279 WARN o.a.j.t.JMeterThread: Interrupting: MainUserLoad 1-43 sampler: 04: HTTP  GET Request: Owners
2026-03-25 09:08:29,279 INFO o.a.j.t.JMeterThread: Stopping: MainUserLoad 1-515
2026-03-25 09:08:29,279 WARN o.a.j.t.JMeterThread: Interrupting: MainUserLoad 1-515 sampler: 02 - HTTP GET Request: Search Single Owner
2026-03-25 09:08:29,279 INFO o.a.j.t.JMeterThread: Thread finished: MainUserLoad 1-522
2026-03-25 09:08:29,280 INFO o.a.j.t.JMeterThread: Stopping: MainUserLoad 1-100
2026-03-25 09:08:29,280 WARN o.a.j.t.JMeterThread: Interrupting: MainUserLoad 1-100 sampler: 01 - HTTP GET Request: Veterinarians Page
2026-03-25 09:08:29,280 INFO o.a.j.t.JMeterThread: Thread finished: MainUserLoad 1-655
2026-03-25 09:08:29,280 INFO o.a.j.t.JMeterThread: Stopping: MainUserLoad 1-892
2026-03-25 09:08:29,280 WARN o.a.j.t.JMeterThread: Interrupting: MainUserLoad 1-892 sampler: 02 - HTTP GET Request: Search Single Owner
2026-03-25 09:08:29,280 INFO o.a.j.t.JMeterThread: Stopping: MainUserLoad 1-468
2026-03-25 09:08:29,280 WARN o.a.j.t.JMeterThread: Interrupting: MainUserLoad 1-468 sampler: 03 - HTTP POST Request: Visits
2026-03-25 09:08:29,280 INFO o.a.j.t.JMeterThread: Thread finished: MainUserLoad 1-644
2026-03-25 09:08:29,281 INFO o.a.j.t.JMeterThread: Thread finished: MainUserLoad 1-762
2026-03-25 09:08:29,280 INFO o.a.j.t.JMeterThread: Stopping: MainUserLoad 1-589
2026-03-25 09:08:29,281 WARN o.a.j.t.JMeterThread: Interrupting: MainUserLoad 1-589 sampler: 04: HTTP  GET Request: Owners
2026-03-25 09:08:29,281 INFO o.a.j.t.JMeterThread: Thread finished: MainUserLoad 1-783
2026-03-25 09:08:29,281 INFO o.a.j.t.JMeterThread: Thread finished: MainUserLoad 1-769
2026-03-25 09:08:29,282 INFO o.a.j.t.JMeterThread: Stopping: MainUserLoad 1-317
2026-03-25 09:08:29,282 WARN o.a.j.t.JMeterThread: Interrupting: MainUserLoad 1-317 sampler: 01 - HTTP GET Request: Veterinarians Page
2026-03-25 09:08:29,282 INFO o.a.j.t.JMeterThread: Thread finished: MainUserLoad 1-15
2026-03-25 09:08:29,282 INFO o.a.j.t.JMeterThread: Stopping: MainUserLoad 1-421
2026-03-25 09:08:29,282 WARN o.a.j.t.JMeterThread: Interrupting: MainUserLoad 1-421 sampler: 02 - HTTP GET Request: Search Single Owner
2026-03-25 09:08:29,282 INFO o.a.j.t.JMeterThread: Thread finished: MainUserLoad 1-805
2026-03-25 09:08:29,283 INFO o.a.j.t.JMeterThread: Stopping: MainUserLoad 1-535
2026-03-25 09:08:29,283 WARN o.a.j.t.JMeterThread: Interrupting: MainUserLoad 1-535 sampler: 04: HTTP  GET Request: Owners
2026-03-25 09:08:29,283 INFO o.a.j.t.JMeterThread: Stopping: MainUserLoad 1-747
2026-03-25 09:08:29,283 INFO o.a.j.t.JMeterThread: Thread finished: MainUserLoad 1-43
2026-03-25 09:08:29,283 WARN o.a.j.t.JMeterThread: Interrupting: MainUserLoad 1-747 sampler: 02 - HTTP GET Request: Search Single Owner
2026-03-25 09:08:29,284 INFO o.a.j.t.JMeterThread: Thread finished: MainUserLoad 1-100
2026-03-25 09:08:29,284 INFO o.a.j.t.JMeterThread: Thread finished: MainUserLoad 1-515
2026-03-25 09:08:29,284 INFO o.a.j.t.JMeterThread: Thread finished: MainUserLoad 1-488
2026-03-25 09:08:29,284 INFO o.a.j.t.JMeterThread: Thread finished: MainUserLoad 1-892
2026-03-25 09:08:29,284 INFO o.a.j.t.JMeterThread: Stopping: MainUserLoad 1-210
2026-03-25 09:08:29,284 WARN o.a.j.t.JMeterThread: Interrupting: MainUserLoad 1-210 sampler: 04: HTTP  GET Request: Owners
2026-03-25 09:08:29,284 INFO o.a.j.t.JMeterThread: Thread finished: MainUserLoad 1-468
2026-03-25 09:08:29,284 INFO o.a.j.t.JMeterThread: Stopping: MainUserLoad 1-453
2026-03-25 09:08:29,285 WARN o.a.j.t.JMeterThread: Interrupting: MainUserLoad 1-453 sampler: 02 - HTTP GET Request: Search Single Owner
2026-03-25 09:08:29,285 INFO o.a.j.t.JMeterThread: Stopping: MainUserLoad 1-380
2026-03-25 09:08:29,285 WARN o.a.j.t.JMeterThread: Interrupting: MainUserLoad 1-380 sampler: 02 - HTTP GET Request: Search Single Owner
2026-03-25 09:08:29,285 INFO o.a.j.t.JMeterThread: Thread finished: MainUserLoad 1-589
2026-03-25 09:08:29,285 INFO o.a.j.t.JMeterThread: Stopping: MainUserLoad 1-361
2026-03-25 09:08:29,285 WARN o.a.j.t.JMeterThread: Interrupting: MainUserLoad 1-361 sampler: 04: HTTP  GET Request: Owners
2026-03-25 09:08:29,285 INFO o.a.j.t.JMeterThread: Stopping: MainUserLoad 1-358
2026-03-25 09:08:29,285 WARN o.a.j.t.JMeterThread: Interrupting: MainUserLoad 1-358 sampler: 01 - HTTP GET Request: Veterinarians Page
2026-03-25 09:08:29,286 INFO o.a.j.t.JMeterThread: Stopping: MainUserLoad 1-996
2026-03-25 09:08:29,286 WARN o.a.j.t.JMeterThread: Interrupting: MainUserLoad 1-996 sampler: 02 - HTTP GET Request: Search Single Owner
2026-03-25 09:08:29,286 INFO o.a.j.t.JMeterThread: Thread finished: MainUserLoad 1-317
2026-03-25 09:08:29,286 INFO o.a.j.t.JMeterThread: Stopping: MainUserLoad 1-792
2026-03-25 09:08:29,286 WARN o.a.j.t.JMeterThread: Interrupting: MainUserLoad 1-792 sampler: 02 - HTTP GET Request: Search Single Owner
2026-03-25 09:08:29,286 INFO o.a.j.t.JMeterThread: Stopping: MainUserLoad 1-532
2026-03-25 09:08:29,286 WARN o.a.j.t.JMeterThread: Interrupting: MainUserLoad 1-532 sampler: 01 - HTTP GET Request: Veterinarians Page
2026-03-25 09:08:29,286 INFO o.a.j.t.JMeterThread: Thread finished: MainUserLoad 1-421
2026-03-25 09:08:29,286 INFO o.a.j.t.JMeterThread: Stopping: MainUserLoad 1-272
2026-03-25 09:08:29,286 WARN o.a.j.t.JMeterThread: Interrupting: MainUserLoad 1-272 sampler: 03 - HTTP POST Request: Visits
2026-03-25 09:08:29,286 INFO o.a.j.t.JMeterThread: Stopping: MainUserLoad 1-825
2026-03-25 09:08:29,286 WARN o.a.j.t.JMeterThread: Interrupting: MainUserLoad 1-825 sampler: 04: HTTP  GET Request: Owners
2026-03-25 09:08:29,288 INFO o.a.j.t.JMeterThread: Thread finished: MainUserLoad 1-535
2026-03-25 09:08:29,288 INFO o.a.j.t.JMeterThread: Thread finished: MainUserLoad 1-747
2026-03-25 09:08:29,288 INFO o.a.j.t.JMeterThread: Stopping: MainUserLoad 1-618
2026-03-25 09:08:29,288 WARN o.a.j.t.JMeterThread: Interrupting: MainUserLoad 1-618 sampler: 03 - HTTP POST Request: Visits
2026-03-25 09:08:29,288 INFO o.a.j.t.JMeterThread: Stopping: MainUserLoad 1-886
2026-03-25 09:08:29,288 WARN o.a.j.t.JMeterThread: Interrupting: MainUserLoad 1-886 sampler: 01 - HTTP GET Request: Veterinarians Page
2026-03-25 09:08:29,289 INFO o.a.j.t.JMeterThread: Stopping: MainUserLoad 1-234
2026-03-25 09:08:29,289 WARN o.a.j.t.JMeterThread: Interrupting: MainUserLoad 1-234 sampler: 04: HTTP  GET Request: Owners
2026-03-25 09:08:29,289 INFO o.a.j.t.JMeterThread: Thread finished: MainUserLoad 1-210
2026-03-25 09:08:29,289 INFO o.a.j.t.JMeterThread: Stopping: MainUserLoad 1-241
2026-03-25 09:08:29,289 WARN o.a.j.t.JMeterThread: Interrupting: MainUserLoad 1-241 sampler: 01 - HTTP GET Request: Veterinarians Page
2026-03-25 09:08:29,289 INFO o.a.j.t.JMeterThread: Stopping: MainUserLoad 1-52
2026-03-25 09:08:29,289 INFO o.a.j.t.JMeterThread: Thread finished: MainUserLoad 1-453
2026-03-25 09:08:29,289 WARN o.a.j.t.JMeterThread: Interrupting: MainUserLoad 1-52 sampler: 02 - HTTP GET Request: Search Single Owner
2026-03-25 09:08:29,290 INFO o.a.j.t.JMeterThread: Stopping: MainUserLoad 1-6
2026-03-25 09:08:29,290 WARN o.a.j.t.JMeterThread: Interrupting: MainUserLoad 1-6 sampler: 03 - HTTP POST Request: Visits
2026-03-25 09:08:29,290 INFO o.a.j.t.JMeterThread: Thread finished: MainUserLoad 1-361
2026-03-25 09:08:29,290 INFO o.a.j.t.JMeterThread: Stopping: MainUserLoad 1-807
2026-03-25 09:08:29,290 WARN o.a.j.t.JMeterThread: Interrupting: MainUserLoad 1-807 sampler: 02 - HTTP GET Request: Search Single Owner
2026-03-25 09:08:29,290 INFO o.a.j.t.JMeterThread: Thread finished: MainUserLoad 1-380
2026-03-25 09:08:29,290 INFO o.a.j.t.JMeterThread: Thread finished: MainUserLoad 1-996
2026-03-25 09:08:29,291 INFO o.a.j.t.JMeterThread: Thread finished: MainUserLoad 1-792
2026-03-25 09:08:29,291 INFO o.a.j.t.JMeterThread: Thread finished: MainUserLoad 1-358
2026-03-25 09:08:29,291 INFO o.a.j.t.JMeterThread: Stopping: MainUserLoad 1-467
2026-03-25 09:08:29,291 WARN o.a.j.t.JMeterThread: Interrupting: MainUserLoad 1-467 sampler: 02 - HTTP GET Request: Search Single Owner
2026-03-25 09:08:29,291 INFO o.a.j.t.JMeterThread: Thread finished: MainUserLoad 1-532
2026-03-25 09:08:29,292 INFO o.a.j.t.JMeterThread: Thread finished: MainUserLoad 1-272
2026-03-25 09:08:29,292 INFO o.a.j.t.JMeterThread: Stopping: MainUserLoad 1-863
2026-03-25 09:08:29,292 WARN o.a.j.t.JMeterThread: Interrupting: MainUserLoad 1-863 sampler: 01 - HTTP GET Request: Veterinarians Page
2026-03-25 09:08:29,292 INFO o.a.j.t.JMeterThread: Thread finished: MainUserLoad 1-825
2026-03-25 09:08:29,292 INFO o.a.j.t.JMeterThread: Thread finished: MainUserLoad 1-618
2026-03-25 09:08:29,292 INFO o.a.j.t.JMeterThread: Stopping: MainUserLoad 1-448
2026-03-25 09:08:29,292 WARN o.a.j.t.JMeterThread: Interrupting: MainUserLoad 1-448 sampler: 02 - HTTP GET Request: Search Single Owner
2026-03-25 09:08:29,293 INFO o.a.j.t.JMeterThread: Thread finished: MainUserLoad 1-886
2026-03-25 09:08:29,293 INFO o.a.j.t.JMeterThread: Stopping: MainUserLoad 1-492
2026-03-25 09:08:29,293 WARN o.a.j.t.JMeterThread: Interrupting: MainUserLoad 1-492 sampler: 02 - HTTP GET Request: Search Single Owner
2026-03-25 09:08:29,293 INFO o.a.j.t.JMeterThread: Thread finished: MainUserLoad 1-234
2026-03-25 09:08:29,294 INFO o.a.j.t.JMeterThread: Stopping: MainUserLoad 1-715
2026-03-25 09:08:29,294 WARN o.a.j.t.JMeterThread: Interrupting: MainUserLoad 1-715 sampler: 03 - HTTP POST Request: Visits
2026-03-25 09:08:29,294 INFO o.a.j.t.JMeterThread: Thread finished: MainUserLoad 1-241
2026-03-25 09:08:29,294 INFO o.a.j.t.JMeterThread: Stopping: MainUserLoad 1-990
2026-03-25 09:08:29,294 WARN o.a.j.t.JMeterThread: Interrupting: MainUserLoad 1-990 sampler: 01 - HTTP GET Request: Veterinarians Page
2026-03-25 09:08:29,294 INFO o.a.j.t.JMeterThread: Thread finished: MainUserLoad 1-52
2026-03-25 09:08:29,294 INFO o.a.j.t.JMeterThread: Stopping: MainUserLoad 1-409
2026-03-25 09:08:29,294 WARN o.a.j.t.JMeterThread: Interrupting: MainUserLoad 1-409 sampler: 01 - HTTP GET Request: Veterinarians Page
2026-03-25 09:08:29,295 INFO o.a.j.t.JMeterThread: Thread finished: MainUserLoad 1-6
2026-03-25 09:08:29,295 INFO o.a.j.t.JMeterThread: Thread finished: MainUserLoad 1-807
2026-03-25 09:08:29,295 INFO o.a.j.t.JMeterThread: Stopping: MainUserLoad 1-306
2026-03-25 09:08:29,296 WARN o.a.j.t.JMeterThread: Interrupting: MainUserLoad 1-306 sampler: 04: HTTP  GET Request: Owners
2026-03-25 09:08:29,296 INFO o.a.j.t.JMeterThread: Thread finished: MainUserLoad 1-467
2026-03-25 09:08:29,296 INFO o.a.j.t.JMeterThread: Stopping: MainUserLoad 1-365
2026-03-25 09:08:29,297 WARN o.a.j.t.JMeterThread: Interrupting: MainUserLoad 1-365 sampler: 04: HTTP  GET Request: Owners
2026-03-25 09:08:29,297 INFO o.a.j.t.JMeterThread: Thread finished: MainUserLoad 1-863
2026-03-25 09:08:29,299 INFO o.a.j.t.JMeterThread: Thread finished: MainUserLoad 1-448
2026-03-25 09:08:29,299 INFO o.a.j.t.JMeterThread: Stopping: MainUserLoad 1-604
2026-03-25 09:08:29,299 INFO o.a.j.t.JMeterThread: Thread finished: MainUserLoad 1-492
2026-03-25 09:08:29,299 WARN o.a.j.t.JMeterThread: Interrupting: MainUserLoad 1-604 sampler: 01 - HTTP GET Request: Veterinarians Page
2026-03-25 09:08:29,300 INFO o.a.j.t.JMeterThread: Stopping: MainUserLoad 1-719
2026-03-25 09:08:29,300 WARN o.a.j.t.JMeterThread: Interrupting: MainUserLoad 1-719 sampler: 01 - HTTP GET Request: Veterinarians Page
2026-03-25 09:08:29,300 INFO o.a.j.t.JMeterThread: Stopping: MainUserLoad 1-144
2026-03-25 09:08:29,301 WARN o.a.j.t.JMeterThread: Interrupting: MainUserLoad 1-144 sampler: 01 - HTTP GET Request: Veterinarians Page
2026-03-25 09:08:29,301 INFO o.a.j.t.JMeterThread: Stopping: MainUserLoad 1-968
2026-03-25 09:08:29,301 WARN o.a.j.t.JMeterThread: Interrupting: MainUserLoad 1-968 sampler: 01 - HTTP GET Request: Veterinarians Page
2026-03-25 09:08:29,302 INFO o.a.j.t.JMeterThread: Thread finished: MainUserLoad 1-990
2026-03-25 09:08:29,302 INFO o.a.j.t.JMeterThread: Stopping: MainUserLoad 1-470
2026-03-25 09:08:29,302 INFO o.a.j.t.JMeterThread: Thread finished: MainUserLoad 1-306
2026-03-25 09:08:29,302 INFO o.a.j.t.JMeterThread: Thread finished: MainUserLoad 1-409
2026-03-25 09:08:29,302 WARN o.a.j.t.JMeterThread: Interrupting: MainUserLoad 1-470 sampler: 03 - HTTP POST Request: Visits
2026-03-25 09:08:29,302 INFO o.a.j.t.JMeterThread: Thread finished: MainUserLoad 1-715
2026-03-25 09:08:29,302 INFO o.a.j.t.JMeterThread: Thread finished: MainUserLoad 1-365
2026-03-25 09:08:29,304 INFO o.a.j.t.JMeterThread: Stopping: MainUserLoad 1-430
2026-03-25 09:08:29,305 WARN o.a.j.t.JMeterThread: Interrupting: MainUserLoad 1-430 sampler: 03 - HTTP POST Request: Visits
2026-03-25 09:08:29,306 INFO o.a.j.t.JMeterThread: Stopping: MainUserLoad 1-638
2026-03-25 09:08:29,306 WARN o.a.j.t.JMeterThread: Interrupting: MainUserLoad 1-638 sampler: 02 - HTTP GET Request: Search Single Owner
2026-03-25 09:08:29,306 INFO o.a.j.t.JMeterThread: Thread finished: MainUserLoad 1-604
2026-03-25 09:08:29,306 INFO o.a.j.t.JMeterThread: Thread finished: MainUserLoad 1-144
2026-03-25 09:08:29,306 INFO o.a.j.t.JMeterThread: Thread finished: MainUserLoad 1-719
2026-03-25 09:08:29,306 INFO o.a.j.t.JMeterThread: Stopping: MainUserLoad 1-2
2026-03-25 09:08:29,306 WARN o.a.j.t.JMeterThread: Interrupting: MainUserLoad 1-2 sampler: 02 - HTTP GET Request: Search Single Owner
2026-03-25 09:08:29,306 INFO o.a.j.t.JMeterThread: Thread finished: MainUserLoad 1-968
2026-03-25 09:08:29,306 INFO o.a.j.t.JMeterThread: Stopping: MainUserLoad 1-248
2026-03-25 09:08:29,307 WARN o.a.j.t.JMeterThread: Interrupting: MainUserLoad 1-248 sampler: 04: HTTP  GET Request: Owners
2026-03-25 09:08:29,307 INFO o.a.j.t.JMeterThread: Thread finished: MainUserLoad 1-470
2026-03-25 09:08:29,307 INFO o.a.j.t.JMeterThread: Stopping: MainUserLoad 1-851
2026-03-25 09:08:29,307 WARN o.a.j.t.JMeterThread: Interrupting: MainUserLoad 1-851 sampler: 03 - HTTP POST Request: Visits
2026-03-25 09:08:29,308 INFO o.a.j.t.JMeterThread: Stopping: MainUserLoad 1-667
2026-03-25 09:08:29,308 WARN o.a.j.t.JMeterThread: Interrupting: MainUserLoad 1-667 sampler: 04: HTTP  GET Request: Owners
2026-03-25 09:08:29,308 INFO o.a.j.t.JMeterThread: Stopping: MainUserLoad 1-502
2026-03-25 09:08:29,308 WARN o.a.j.t.JMeterThread: Interrupting: MainUserLoad 1-502 sampler: 03 - HTTP POST Request: Visits
2026-03-25 09:08:29,308 INFO o.a.j.t.JMeterThread: Stopping: MainUserLoad 1-209
2026-03-25 09:08:29,308 WARN o.a.j.t.JMeterThread: Interrupting: MainUserLoad 1-209 sampler: 04: HTTP  GET Request: Owners
2026-03-25 09:08:29,308 INFO o.a.j.t.JMeterThread: Stopping: MainUserLoad 1-397
2026-03-25 09:08:29,308 WARN o.a.j.t.JMeterThread: Interrupting: MainUserLoad 1-397 sampler: 04: HTTP  GET Request: Owners
2026-03-25 09:08:29,309 INFO o.a.j.t.JMeterThread: Thread finished: MainUserLoad 1-430
2026-03-25 09:08:29,309 INFO o.a.j.t.JMeterThread: Stopping: MainUserLoad 1-180
2026-03-25 09:08:29,309 INFO o.a.j.t.JMeterThread: Thread finished: MainUserLoad 1-638
2026-03-25 09:08:29,309 WARN o.a.j.t.JMeterThread: Interrupting: MainUserLoad 1-180 sampler: 04: HTTP  GET Request: Owners
2026-03-25 09:08:29,310 INFO o.a.j.t.JMeterThread: Stopping: MainUserLoad 1-73
2026-03-25 09:08:29,310 WARN o.a.j.t.JMeterThread: Interrupting: MainUserLoad 1-73 sampler: 02 - HTTP GET Request: Search Single Owner
2026-03-25 09:08:29,310 INFO o.a.j.t.JMeterThread: Thread finished: MainUserLoad 1-2
2026-03-25 09:08:29,311 INFO o.a.j.t.JMeterThread: Stopping: MainUserLoad 1-221
2026-03-25 09:08:29,312 WARN o.a.j.t.JMeterThread: Interrupting: MainUserLoad 1-221 sampler: 02 - HTTP GET Request: Search Single Owner
2026-03-25 09:08:29,312 INFO o.a.j.t.JMeterThread: Thread finished: MainUserLoad 1-248
2026-03-25 09:08:29,312 INFO o.a.j.t.JMeterThread: Thread finished: MainUserLoad 1-851
2026-03-25 09:08:29,313 INFO o.a.j.t.JMeterThread: Stopping: MainUserLoad 1-97
2026-03-25 09:08:29,313 WARN o.a.j.t.JMeterThread: Interrupting: MainUserLoad 1-97 sampler: 01 - HTTP GET Request: Veterinarians Page
2026-03-25 09:08:29,313 INFO o.a.j.t.JMeterThread: Thread finished: MainUserLoad 1-667
2026-03-25 09:08:29,313 INFO o.a.j.t.JMeterThread: Stopping: MainUserLoad 1-732
2026-03-25 09:08:29,313 WARN o.a.j.t.JMeterThread: Interrupting: MainUserLoad 1-732 sampler: 01 - HTTP GET Request: Veterinarians Page
2026-03-25 09:08:29,313 INFO o.a.j.t.JMeterThread: Thread finished: MainUserLoad 1-209
2026-03-25 09:08:29,314 INFO o.a.j.t.JMeterThread: Thread finished: MainUserLoad 1-397
2026-03-25 09:08:29,313 INFO o.a.j.t.JMeterThread: Stopping: MainUserLoad 1-806
2026-03-25 09:08:29,314 INFO o.a.j.t.JMeterThread: Thread finished: MainUserLoad 1-502
2026-03-25 09:08:29,314 INFO o.a.j.t.JMeterThread: Thread finished: MainUserLoad 1-73
2026-03-25 09:08:29,314 INFO o.a.j.t.JMeterThread: Thread finished: MainUserLoad 1-180
2026-03-25 09:08:29,315 WARN o.a.j.t.JMeterThread: Interrupting: MainUserLoad 1-806 sampler: 03 - HTTP POST Request: Visits
2026-03-25 09:08:29,315 INFO o.a.j.t.JMeterThread: Stopping: MainUserLoad 1-564
2026-03-25 09:08:29,315 WARN o.a.j.t.JMeterThread: Interrupting: MainUserLoad 1-564 sampler: 03 - HTTP POST Request: Visits
2026-03-25 09:08:29,316 INFO o.a.j.t.JMeterThread: Stopping: MainUserLoad 1-439
2026-03-25 09:08:29,316 INFO o.a.j.t.JMeterThread: Thread finished: MainUserLoad 1-221
2026-03-25 09:08:29,316 WARN o.a.j.t.JMeterThread: Interrupting: MainUserLoad 1-439 sampler: 02 - HTTP GET Request: Search Single Owner
2026-03-25 09:08:29,316 INFO o.a.j.t.JMeterThread: Thread finished: MainUserLoad 1-97
2026-03-25 09:08:29,316 INFO o.a.j.t.JMeterThread: Thread finished: MainUserLoad 1-732
2026-03-25 09:08:29,316 INFO o.a.j.t.JMeterThread: Stopping: MainUserLoad 1-186
2026-03-25 09:08:29,316 WARN o.a.j.t.JMeterThread: Interrupting: MainUserLoad 1-186 sampler: 01 - HTTP GET Request: Veterinarians Page
2026-03-25 09:08:29,316 INFO o.a.j.t.JMeterThread: Stopping: MainUserLoad 1-846
2026-03-25 09:08:29,317 WARN o.a.j.t.JMeterThread: Interrupting: MainUserLoad 1-846 sampler: 03 - HTTP POST Request: Visits
2026-03-25 09:08:29,317 INFO o.a.j.t.JMeterThread: Stopping: MainUserLoad 1-115
2026-03-25 09:08:29,317 WARN o.a.j.t.JMeterThread: Interrupting: MainUserLoad 1-115 sampler: 01 - HTTP GET Request: Veterinarians Page
2026-03-25 09:08:29,317 INFO o.a.j.t.JMeterThread: Stopping: MainUserLoad 1-157
2026-03-25 09:08:29,317 WARN o.a.j.t.JMeterThread: Interrupting: MainUserLoad 1-157 sampler: 04: HTTP  GET Request: Owners
2026-03-25 09:08:29,317 INFO o.a.j.t.JMeterThread: Thread finished: MainUserLoad 1-806
2026-03-25 09:08:29,318 INFO o.a.j.t.JMeterThread: Stopping: MainUserLoad 1-693
2026-03-25 09:08:29,318 WARN o.a.j.t.JMeterThread: Interrupting: MainUserLoad 1-693 sampler: 03 - HTTP POST Request: Visits
2026-03-25 09:08:29,318 INFO o.a.j.t.JMeterThread: Thread finished: MainUserLoad 1-564
2026-03-25 09:08:29,318 INFO o.a.j.t.JMeterThread: Stopping: MainUserLoad 1-287
2026-03-25 09:08:29,318 WARN o.a.j.t.JMeterThread: Interrupting: MainUserLoad 1-287 sampler: 04: HTTP  GET Request: Owners
2026-03-25 09:08:29,318 INFO o.a.j.t.JMeterThread: Stopping: MainUserLoad 1-937
2026-03-25 09:08:29,318 WARN o.a.j.t.JMeterThread: Interrupting: MainUserLoad 1-937 sampler: 02 - HTTP GET Request: Search Single Owner
2026-03-25 09:08:29,319 INFO o.a.j.t.JMeterThread: Stopping: MainUserLoad 1-146
2026-03-25 09:08:29,319 WARN o.a.j.t.JMeterThread: Interrupting: MainUserLoad 1-146 sampler: 04: HTTP  GET Request: Owners
2026-03-25 09:08:29,319 INFO o.a.j.t.JMeterThread: Stopping: MainUserLoad 1-4
2026-03-25 09:08:29,319 WARN o.a.j.t.JMeterThread: Interrupting: MainUserLoad 1-4 sampler: 01 - HTTP GET Request: Veterinarians Page
2026-03-25 09:08:29,319 INFO o.a.j.t.JMeterThread: Stopping: MainUserLoad 1-965
2026-03-25 09:08:29,319 WARN o.a.j.t.JMeterThread: Interrupting: MainUserLoad 1-965 sampler: 04: HTTP  GET Request: Owners
2026-03-25 09:08:29,320 INFO o.a.j.t.JMeterThread: Thread finished: MainUserLoad 1-186
2026-03-25 09:08:29,320 INFO o.a.j.t.JMeterThread: Stopping: MainUserLoad 1-159
2026-03-25 09:08:29,320 WARN o.a.j.t.JMeterThread: Interrupting: MainUserLoad 1-159 sampler: 02 - HTTP GET Request: Search Single Owner
2026-03-25 09:08:29,320 INFO o.a.j.t.JMeterThread: Stopping: MainUserLoad 1-543
2026-03-25 09:08:29,320 WARN o.a.j.t.JMeterThread: Interrupting: MainUserLoad 1-543 sampler: 04: HTTP  GET Request: Owners
2026-03-25 09:08:29,320 INFO o.a.j.t.JMeterThread: Thread finished: MainUserLoad 1-439
2026-03-25 09:08:29,320 INFO o.a.j.t.JMeterThread: Thread finished: MainUserLoad 1-846
2026-03-25 09:08:29,320 INFO o.a.j.t.JMeterThread: Thread finished: MainUserLoad 1-115
2026-03-25 09:08:29,320 INFO o.a.j.t.JMeterThread: Stopping: MainUserLoad 1-332
2026-03-25 09:08:29,320 WARN o.a.j.t.JMeterThread: Interrupting: MainUserLoad 1-332 sampler: 03 - HTTP POST Request: Visits
2026-03-25 09:08:29,320 INFO o.a.j.t.JMeterThread: Stopping: MainUserLoad 1-191
2026-03-25 09:08:29,320 WARN o.a.j.t.JMeterThread: Interrupting: MainUserLoad 1-191 sampler: 03 - HTTP POST Request: Visits
2026-03-25 09:08:29,320 INFO o.a.j.t.JMeterThread: Stopping: MainUserLoad 1-568
2026-03-25 09:08:29,320 WARN o.a.j.t.JMeterThread: Interrupting: MainUserLoad 1-568 sampler: 01 - HTTP GET Request: Veterinarians Page
2026-03-25 09:08:29,320 INFO o.a.j.t.JMeterThread: Stopping: MainUserLoad 1-757
2026-03-25 09:08:29,320 INFO o.a.j.t.JMeterThread: Thread finished: MainUserLoad 1-157
2026-03-25 09:08:29,320 WARN o.a.j.t.JMeterThread: Interrupting: MainUserLoad 1-757 sampler: 02 - HTTP GET Request: Search Single Owner
2026-03-25 09:08:29,322 INFO o.a.j.t.JMeterThread: Stopping: MainUserLoad 1-450
2026-03-25 09:08:29,322 WARN o.a.j.t.JMeterThread: Interrupting: MainUserLoad 1-450 sampler: 02 - HTTP GET Request: Search Single Owner
2026-03-25 09:08:29,322 INFO o.a.j.t.JMeterThread: Thread finished: MainUserLoad 1-287
2026-03-25 09:08:29,323 INFO o.a.j.t.JMeterThread: Thread finished: MainUserLoad 1-937
2026-03-25 09:08:29,323 INFO o.a.j.t.JMeterThread: Thread finished: MainUserLoad 1-693
2026-03-25 09:08:29,323 INFO o.a.j.t.JMeterThread: Stopping: MainUserLoad 1-276
2026-03-25 09:08:29,323 WARN o.a.j.t.JMeterThread: Interrupting: MainUserLoad 1-276 sampler: 02 - HTTP GET Request: Search Single Owner
2026-03-25 09:08:29,323 INFO o.a.j.t.JMeterThread: Thread finished: MainUserLoad 1-146
2026-03-25 09:08:29,323 INFO o.a.j.t.JMeterThread: Stopping: MainUserLoad 1-214
2026-03-25 09:08:29,323 WARN o.a.j.t.JMeterThread: Interrupting: MainUserLoad 1-214 sampler: 03 - HTTP POST Request: Visits
2026-03-25 09:08:29,324 INFO o.a.j.t.JMeterThread: Stopping: MainUserLoad 1-615
2026-03-25 09:08:29,324 INFO o.a.j.t.JMeterThread: Thread finished: MainUserLoad 1-4
2026-03-25 09:08:29,324 INFO o.a.j.t.JMeterThread: Thread finished: MainUserLoad 1-965
2026-03-25 09:08:29,324 WARN o.a.j.t.JMeterThread: Interrupting: MainUserLoad 1-615 sampler: 02 - HTTP GET Request: Search Single Owner
2026-03-25 09:08:29,325 INFO o.a.j.t.JMeterThread: Thread finished: MainUserLoad 1-159
2026-03-25 09:08:29,325 INFO o.a.j.t.JMeterThread: Stopping: MainUserLoad 1-431
2026-03-25 09:08:29,325 INFO o.a.j.t.JMeterThread: Thread finished: MainUserLoad 1-543
2026-03-25 09:08:29,325 WARN o.a.j.t.JMeterThread: Interrupting: MainUserLoad 1-431 sampler: 04: HTTP  GET Request: Owners
2026-03-25 09:08:29,325 INFO o.a.j.t.JMeterThread: Thread finished: MainUserLoad 1-332
2026-03-25 09:08:29,325 INFO o.a.j.t.JMeterThread: Thread finished: MainUserLoad 1-568
2026-03-25 09:08:29,325 INFO o.a.j.t.JMeterThread: Thread finished: MainUserLoad 1-191
2026-03-25 09:08:29,325 INFO o.a.j.t.JMeterThread: Stopping: MainUserLoad 1-347
2026-03-25 09:08:29,325 WARN o.a.j.t.JMeterThread: Interrupting: MainUserLoad 1-347 sampler: 03 - HTTP POST Request: Visits
2026-03-25 09:08:29,325 INFO o.a.j.t.JMeterThread: Thread finished: MainUserLoad 1-757
2026-03-25 09:08:29,325 INFO o.a.j.t.JMeterThread: Thread finished: MainUserLoad 1-450
2026-03-25 09:08:29,325 INFO o.a.j.t.JMeterThread: Stopping: MainUserLoad 1-383
2026-03-25 09:08:29,327 WARN o.a.j.t.JMeterThread: Interrupting: MainUserLoad 1-383 sampler: 01 - HTTP GET Request: Veterinarians Page
2026-03-25 09:08:29,327 INFO o.a.j.t.JMeterThread: Thread finished: MainUserLoad 1-276
2026-03-25 09:08:29,327 INFO o.a.j.t.JMeterThread: Stopping: MainUserLoad 1-648
2026-03-25 09:08:29,327 WARN o.a.j.t.JMeterThread: Interrupting: MainUserLoad 1-648 sampler: 04: HTTP  GET Request: Owners
2026-03-25 09:08:29,327 INFO o.a.j.t.JMeterThread: Thread finished: MainUserLoad 1-214
2026-03-25 09:08:29,328 INFO o.a.j.t.JMeterThread: Stopping: MainUserLoad 1-651
2026-03-25 09:08:29,328 WARN o.a.j.t.JMeterThread: Interrupting: MainUserLoad 1-651 sampler: 01 - HTTP GET Request: Veterinarians Page
2026-03-25 09:08:29,328 INFO o.a.j.t.JMeterThread: Thread finished: MainUserLoad 1-615
2026-03-25 09:08:29,328 INFO o.a.j.t.JMeterThread: Stopping: MainUserLoad 1-177
2026-03-25 09:08:29,328 WARN o.a.j.t.JMeterThread: Interrupting: MainUserLoad 1-177 sampler: 04: HTTP  GET Request: Owners
2026-03-25 09:08:29,328 INFO o.a.j.t.JMeterThread: Thread finished: MainUserLoad 1-431
2026-03-25 09:08:29,329 INFO o.a.j.t.JMeterThread: Stopping: MainUserLoad 1-836
2026-03-25 09:08:29,329 WARN o.a.j.t.JMeterThread: Interrupting: MainUserLoad 1-836 sampler: 02 - HTTP GET Request: Search Single Owner
2026-03-25 09:08:29,329 INFO o.a.j.t.JMeterThread: Thread finished: MainUserLoad 1-347
2026-03-25 09:08:29,329 INFO o.a.j.t.JMeterThread: Stopping: MainUserLoad 1-371
2026-03-25 09:08:29,329 WARN o.a.j.t.JMeterThread: Interrupting: MainUserLoad 1-371 sampler: 03 - HTTP POST Request: Visits
2026-03-25 09:08:29,329 INFO o.a.j.t.JMeterThread: Stopping: MainUserLoad 1-205
2026-03-25 09:08:29,330 WARN o.a.j.t.JMeterThread: Interrupting: MainUserLoad 1-205 sampler: 03 - HTTP POST Request: Visits
2026-03-25 09:08:29,330 INFO o.a.j.t.JMeterThread: Stopping: MainUserLoad 1-273
2026-03-25 09:08:29,330 WARN o.a.j.t.JMeterThread: Interrupting: MainUserLoad 1-273 sampler: 02 - HTTP GET Request: Search Single Owner
2026-03-25 09:08:29,331 INFO o.a.j.t.JMeterThread: Stopping: MainUserLoad 1-710
2026-03-25 09:08:29,331 INFO o.a.j.t.JMeterThread: Thread finished: MainUserLoad 1-383
2026-03-25 09:08:29,331 WARN o.a.j.t.JMeterThread: Interrupting: MainUserLoad 1-710 sampler: 02 - HTTP GET Request: Search Single Owner
2026-03-25 09:08:29,331 INFO o.a.j.t.JMeterThread: Stopping: MainUserLoad 1-832
2026-03-25 09:08:29,331 WARN o.a.j.t.JMeterThread: Interrupting: MainUserLoad 1-832 sampler: 03 - HTTP POST Request: Visits
2026-03-25 09:08:29,331 INFO o.a.j.t.JMeterThread: Stopping: MainUserLoad 1-698
2026-03-25 09:08:29,331 WARN o.a.j.t.JMeterThread: Interrupting: MainUserLoad 1-698 sampler: 01 - HTTP GET Request: Veterinarians Page
2026-03-25 09:08:29,331 INFO o.a.j.t.JMeterThread: Stopping: MainUserLoad 1-672
2026-03-25 09:08:29,331 WARN o.a.j.t.JMeterThread: Interrupting: MainUserLoad 1-672 sampler: 03 - HTTP POST Request: Visits
2026-03-25 09:08:29,332 INFO o.a.j.t.JMeterThread: Stopping: MainUserLoad 1-53
2026-03-25 09:08:29,332 WARN o.a.j.t.JMeterThread: Interrupting: MainUserLoad 1-53 sampler: 02 - HTTP GET Request: Search Single Owner
2026-03-25 09:08:29,332 INFO o.a.j.t.JMeterThread: Thread finished: MainUserLoad 1-648
2026-03-25 09:08:29,332 INFO o.a.j.t.JMeterThread: Stopping: MainUserLoad 1-188
2026-03-25 09:08:29,332 WARN o.a.j.t.JMeterThread: Interrupting: MainUserLoad 1-188 sampler: 02 - HTTP GET Request: Search Single Owner
2026-03-25 09:08:29,332 INFO o.a.j.t.JMeterThread: Stopping: MainUserLoad 1-344
2026-03-25 09:08:29,332 INFO o.a.j.t.JMeterThread: Thread finished: MainUserLoad 1-651
2026-03-25 09:08:29,332 WARN o.a.j.t.JMeterThread: Interrupting: MainUserLoad 1-344 sampler: 01 - HTTP GET Request: Veterinarians Page
2026-03-25 09:08:29,332 INFO o.a.j.t.JMeterThread: Stopping: MainUserLoad 1-931
2026-03-25 09:08:29,332 WARN o.a.j.t.JMeterThread: Interrupting: MainUserLoad 1-931 sampler: 01 - HTTP GET Request: Veterinarians Page
2026-03-25 09:08:29,332 INFO o.a.j.t.JMeterThread: Stopping: MainUserLoad 1-462
2026-03-25 09:08:29,332 WARN o.a.j.t.JMeterThread: Interrupting: MainUserLoad 1-462 sampler: 02 - HTTP GET Request: Search Single Owner
2026-03-25 09:08:29,333 INFO o.a.j.t.JMeterThread: Stopping: MainUserLoad 1-224
2026-03-25 09:08:29,333 WARN o.a.j.t.JMeterThread: Interrupting: MainUserLoad 1-224 sampler: 01 - HTTP GET Request: Veterinarians Page
2026-03-25 09:08:29,333 INFO o.a.j.t.JMeterThread: Thread finished: MainUserLoad 1-177
2026-03-25 09:08:29,333 INFO o.a.j.t.JMeterThread: Stopping: MainUserLoad 1-17
2026-03-25 09:08:29,333 WARN o.a.j.t.JMeterThread: Interrupting: MainUserLoad 1-17 sampler: 01 - HTTP GET Request: Veterinarians Page
2026-03-25 09:08:29,333 INFO o.a.j.t.JMeterThread: Stopping: MainUserLoad 1-30
2026-03-25 09:08:29,333 WARN o.a.j.t.JMeterThread: Interrupting: MainUserLoad 1-30 sampler: 03 - HTTP POST Request: Visits
2026-03-25 09:08:29,333 INFO o.a.j.t.JMeterThread: Stopping: MainUserLoad 1-875
2026-03-25 09:08:29,333 WARN o.a.j.t.JMeterThread: Interrupting: MainUserLoad 1-875 sampler: 01 - HTTP GET Request: Veterinarians Page
2026-03-25 09:08:29,334 INFO o.a.j.t.JMeterThread: Thread finished: MainUserLoad 1-836
2026-03-25 09:08:29,334 INFO o.a.j.t.JMeterThread: Thread finished: MainUserLoad 1-371
2026-03-25 09:08:29,334 INFO o.a.j.t.JMeterThread: Stopping: MainUserLoad 1-264
2026-03-25 09:08:29,334 INFO o.a.j.t.JMeterThread: Thread finished: MainUserLoad 1-205
2026-03-25 09:08:29,334 WARN o.a.j.t.JMeterThread: Interrupting: MainUserLoad 1-264 sampler: 04: HTTP  GET Request: Owners
2026-03-25 09:08:29,334 INFO o.a.j.t.JMeterThread: Stopping: MainUserLoad 1-356
2026-03-25 09:08:29,334 WARN o.a.j.t.JMeterThread: Interrupting: MainUserLoad 1-356 sampler: 01 - HTTP GET Request: Veterinarians Page
2026-03-25 09:08:29,334 INFO o.a.j.t.JMeterThread: Thread finished: MainUserLoad 1-273
2026-03-25 09:08:29,334 INFO o.a.j.t.JMeterThread: Thread finished: MainUserLoad 1-710
2026-03-25 09:08:29,334 INFO o.a.j.t.JMeterThread: Stopping: MainUserLoad 1-802
2026-03-25 09:08:29,336 WARN o.a.j.t.JMeterThread: Interrupting: MainUserLoad 1-802 sampler: 04: HTTP  GET Request: Owners
2026-03-25 09:08:29,336 INFO o.a.j.t.JMeterThread: Stopping: MainUserLoad 1-820
2026-03-25 09:08:29,336 WARN o.a.j.t.JMeterThread: Interrupting: MainUserLoad 1-820 sampler: 02 - HTTP GET Request: Search Single Owner
2026-03-25 09:08:29,336 INFO o.a.j.t.JMeterThread: Stopping: MainUserLoad 1-20
2026-03-25 09:08:29,336 WARN o.a.j.t.JMeterThread: Interrupting: MainUserLoad 1-20 sampler: 01 - HTTP GET Request: Veterinarians Page
2026-03-25 09:08:29,336 INFO o.a.j.t.JMeterThread: Thread finished: MainUserLoad 1-832
2026-03-25 09:08:29,336 INFO o.a.j.t.JMeterThread: Stopping: MainUserLoad 1-633
2026-03-25 09:08:29,336 INFO o.a.j.t.JMeterThread: Thread finished: MainUserLoad 1-698
2026-03-25 09:08:29,336 WARN o.a.j.t.JMeterThread: Interrupting: MainUserLoad 1-633 sampler: 02 - HTTP GET Request: Search Single Owner
2026-03-25 09:08:29,337 INFO o.a.j.t.JMeterThread: Thread finished: MainUserLoad 1-672
2026-03-25 09:08:29,337 INFO o.a.j.t.JMeterThread: Stopping: MainUserLoad 1-175
2026-03-25 09:08:29,337 WARN o.a.j.t.JMeterThread: Interrupting: MainUserLoad 1-175 sampler: 04: HTTP  GET Request: Owners
2026-03-25 09:08:29,337 INFO o.a.j.t.JMeterThread: Stopping: MainUserLoad 1-737
2026-03-25 09:08:29,337 WARN o.a.j.t.JMeterThread: Interrupting: MainUserLoad 1-737 sampler: 04: HTTP  GET Request: Owners
2026-03-25 09:08:29,337 INFO o.a.j.t.JMeterThread: Thread finished: MainUserLoad 1-53
2026-03-25 09:08:29,337 INFO o.a.j.t.JMeterThread: Stopping: MainUserLoad 1-936
2026-03-25 09:08:29,337 WARN o.a.j.t.JMeterThread: Interrupting: MainUserLoad 1-936 sampler: 01 - HTTP GET Request: Veterinarians Page
2026-03-25 09:08:29,338 INFO o.a.j.t.JMeterThread: Stopping: MainUserLoad 1-118
2026-03-25 09:08:29,338 WARN o.a.j.t.JMeterThread: Interrupting: MainUserLoad 1-118 sampler: 02 - HTTP GET Request: Search Single Owner
2026-03-25 09:08:29,338 INFO o.a.j.t.JMeterThread: Stopping: MainUserLoad 1-48
2026-03-25 09:08:29,338 WARN o.a.j.t.JMeterThread: Interrupting: MainUserLoad 1-48 sampler: 04: HTTP  GET Request: Owners
2026-03-25 09:08:29,338 INFO o.a.j.t.JMeterThread: Stopping: MainUserLoad 1-291
2026-03-25 09:08:29,338 WARN o.a.j.t.JMeterThread: Interrupting: MainUserLoad 1-291 sampler: 02 - HTTP GET Request: Search Single Owner
2026-03-25 09:08:29,339 INFO o.a.j.t.JMeterThread: Thread finished: MainUserLoad 1-188
2026-03-25 09:08:29,339 INFO o.a.j.t.JMeterThread: Thread finished: MainUserLoad 1-344
2026-03-25 09:08:29,339 INFO o.a.j.t.JMeterThread: Stopping: MainUserLoad 1-654
2026-03-25 09:08:29,339 WARN o.a.j.t.JMeterThread: Interrupting: MainUserLoad 1-654 sampler: 03 - HTTP POST Request: Visits
2026-03-25 09:08:29,339 INFO o.a.j.t.JMeterThread: Stopping: MainUserLoad 1-872
2026-03-25 09:08:29,339 WARN o.a.j.t.JMeterThread: Interrupting: MainUserLoad 1-872 sampler: 02 - HTTP GET Request: Search Single Owner
2026-03-25 09:08:29,339 INFO o.a.j.t.JMeterThread: Thread finished: MainUserLoad 1-462
2026-03-25 09:08:29,339 INFO o.a.j.t.JMeterThread: Stopping: MainUserLoad 1-419
2026-03-25 09:08:29,339 WARN o.a.j.t.JMeterThread: Interrupting: MainUserLoad 1-419 sampler: 01 - HTTP GET Request: Veterinarians Page
2026-03-25 09:08:29,339 INFO o.a.j.t.JMeterThread: Stopping: MainUserLoad 1-372
2026-03-25 09:08:29,339 WARN o.a.j.t.JMeterThread: Interrupting: MainUserLoad 1-372 sampler: 04: HTTP  GET Request: Owners
2026-03-25 09:08:29,339 INFO o.a.j.t.JMeterThread: Thread finished: MainUserLoad 1-931
2026-03-25 09:08:29,339 INFO o.a.j.t.JMeterThread: Stopping: MainUserLoad 1-919
2026-03-25 09:08:29,340 WARN o.a.j.t.JMeterThread: Interrupting: MainUserLoad 1-919 sampler: 03 - HTTP POST Request: Visits
2026-03-25 09:08:29,340 INFO o.a.j.t.JMeterThread: Thread finished: MainUserLoad 1-224
2026-03-25 09:08:29,340 INFO o.a.j.t.JMeterThread: Thread finished: MainUserLoad 1-17
2026-03-25 09:08:29,340 INFO o.a.j.t.JMeterThread: Stopping: MainUserLoad 1-376
2026-03-25 09:08:29,340 WARN o.a.j.t.JMeterThread: Interrupting: MainUserLoad 1-376 sampler: 03 - HTTP POST Request: Visits
2026-03-25 09:08:29,340 INFO o.a.j.t.JMeterThread: Thread finished: MainUserLoad 1-30
2026-03-25 09:08:29,340 INFO o.a.j.t.JMeterThread: Thread finished: MainUserLoad 1-875
2026-03-25 09:08:29,341 INFO o.a.j.t.JMeterThread: Stopping: MainUserLoad 1-753
2026-03-25 09:08:29,341 WARN o.a.j.t.JMeterThread: Interrupting: MainUserLoad 1-753 sampler: 03 - HTTP POST Request: Visits
2026-03-25 09:08:29,341 INFO o.a.j.t.JMeterThread: Stopping: MainUserLoad 1-375
2026-03-25 09:08:29,341 WARN o.a.j.t.JMeterThread: Interrupting: MainUserLoad 1-375 sampler: 02 - HTTP GET Request: Search Single Owner
2026-03-25 09:08:29,341 INFO o.a.j.t.JMeterThread: Stopping: MainUserLoad 1-711
2026-03-25 09:08:29,341 WARN o.a.j.t.JMeterThread: Interrupting: MainUserLoad 1-711 sampler: 04: HTTP  GET Request: Owners
2026-03-25 09:08:29,341 INFO o.a.j.t.JMeterThread: Thread finished: MainUserLoad 1-264
2026-03-25 09:08:29,341 INFO o.a.j.t.JMeterThread: Stopping: MainUserLoad 1-45
2026-03-25 09:08:29,342 WARN o.a.j.t.JMeterThread: Interrupting: MainUserLoad 1-45 sampler: 03 - HTTP POST Request: Visits
2026-03-25 09:08:29,342 INFO o.a.j.t.JMeterThread: Stopping: MainUserLoad 1-311
2026-03-25 09:08:29,342 WARN o.a.j.t.JMeterThread: Interrupting: MainUserLoad 1-311 sampler: 02 - HTTP GET Request: Search Single Owner
2026-03-25 09:08:29,342 INFO o.a.j.t.JMeterThread: Thread finished: MainUserLoad 1-356
2026-03-25 09:08:29,342 INFO o.a.j.t.JMeterThread: Stopping: MainUserLoad 1-578
2026-03-25 09:08:29,342 WARN o.a.j.t.JMeterThread: Interrupting: MainUserLoad 1-578 sampler: 01 - HTTP GET Request: Veterinarians Page
2026-03-25 09:08:29,342 INFO o.a.j.t.JMeterThread: Thread finished: MainUserLoad 1-820
2026-03-25 09:08:29,342 INFO o.a.j.t.JMeterThread: Stopping: MainUserLoad 1-295
2026-03-25 09:08:29,342 INFO o.a.j.t.JMeterThread: Thread finished: MainUserLoad 1-802
2026-03-25 09:08:29,342 WARN o.a.j.t.JMeterThread: Interrupting: MainUserLoad 1-295 sampler: 03 - HTTP POST Request: Visits
2026-03-25 09:08:29,342 INFO o.a.j.t.JMeterThread: Stopping: MainUserLoad 1-374
2026-03-25 09:08:29,344 WARN o.a.j.t.JMeterThread: Interrupting: MainUserLoad 1-374 sampler: 04: HTTP  GET Request: Owners
2026-03-25 09:08:29,344 INFO o.a.j.t.JMeterThread: Thread finished: MainUserLoad 1-20
2026-03-25 09:08:29,344 INFO o.a.j.t.JMeterThread: Stopping: MainUserLoad 1-665
2026-03-25 09:08:29,344 INFO o.a.j.t.JMeterThread: Thread finished: MainUserLoad 1-175
2026-03-25 09:08:29,344 INFO o.a.j.t.JMeterThread: Thread finished: MainUserLoad 1-633
2026-03-25 09:08:29,344 WARN o.a.j.t.JMeterThread: Interrupting: MainUserLoad 1-665 sampler: 02 - HTTP GET Request: Search Single Owner
2026-03-25 09:08:29,345 INFO o.a.j.t.JMeterThread: Stopping: MainUserLoad 1-32
2026-03-25 09:08:29,345 WARN o.a.j.t.JMeterThread: Interrupting: MainUserLoad 1-32 sampler: 01 - HTTP GET Request: Veterinarians Page
2026-03-25 09:08:29,345 INFO o.a.j.t.JMeterThread: Thread finished: MainUserLoad 1-737
2026-03-25 09:08:29,345 INFO o.a.j.t.JMeterThread: Thread finished: MainUserLoad 1-936
2026-03-25 09:08:29,345 INFO o.a.j.t.JMeterThread: Stopping: MainUserLoad 1-435
2026-03-25 09:08:29,345 WARN o.a.j.t.JMeterThread: Interrupting: MainUserLoad 1-435 sampler: 02 - HTTP GET Request: Search Single Owner
2026-03-25 09:08:29,345 INFO o.a.j.t.JMeterThread: Thread finished: MainUserLoad 1-118
2026-03-25 09:08:29,346 INFO o.a.j.t.JMeterThread: Thread finished: MainUserLoad 1-48
2026-03-25 09:08:29,346 INFO o.a.j.t.JMeterThread: Stopping: MainUserLoad 1-412
2026-03-25 09:08:29,346 WARN o.a.j.t.JMeterThread: Interrupting: MainUserLoad 1-412 sampler: 01 - HTTP GET Request: Veterinarians Page
2026-03-25 09:08:29,346 INFO o.a.j.t.JMeterThread: Thread finished: MainUserLoad 1-291
2026-03-25 09:08:29,347 INFO o.a.j.t.JMeterThread: Thread finished: MainUserLoad 1-654
2026-03-25 09:08:29,347 INFO o.a.j.t.JMeterThread: Stopping: MainUserLoad 1-310
2026-03-25 09:08:29,347 WARN o.a.j.t.JMeterThread: Interrupting: MainUserLoad 1-310 sampler: 02 - HTTP GET Request: Search Single Owner
2026-03-25 09:08:29,347 INFO o.a.j.t.JMeterThread: Thread finished: MainUserLoad 1-872
2026-03-25 09:08:29,347 INFO o.a.j.t.JMeterThread: Thread finished: MainUserLoad 1-419
2026-03-25 09:08:29,347 INFO o.a.j.t.JMeterThread: Thread finished: MainUserLoad 1-372
2026-03-25 09:08:29,347 INFO o.a.j.t.JMeterThread: Stopping: MainUserLoad 1-864
2026-03-25 09:08:29,347 WARN o.a.j.t.JMeterThread: Interrupting: MainUserLoad 1-864 sampler: 04: HTTP  GET Request: Owners
2026-03-25 09:08:29,347 INFO o.a.j.t.JMeterThread: Thread finished: MainUserLoad 1-919
2026-03-25 09:08:29,348 INFO o.a.j.t.JMeterThread: Stopping: MainUserLoad 1-243
2026-03-25 09:08:29,348 WARN o.a.j.t.JMeterThread: Interrupting: MainUserLoad 1-243 sampler: 03 - HTTP POST Request: Visits
2026-03-25 09:08:29,348 INFO o.a.j.t.JMeterThread: Thread finished: MainUserLoad 1-376
2026-03-25 09:08:29,348 INFO o.a.j.t.JMeterThread: Stopping: MainUserLoad 1-979
2026-03-25 09:08:29,348 WARN o.a.j.t.JMeterThread: Interrupting: MainUserLoad 1-979 sampler: 01 - HTTP GET Request: Veterinarians Page
2026-03-25 09:08:29,349 INFO o.a.j.t.JMeterThread: Thread finished: MainUserLoad 1-753
2026-03-25 09:08:29,349 INFO o.a.j.t.JMeterThread: Stopping: MainUserLoad 1-341
2026-03-25 09:08:29,349 WARN o.a.j.t.JMeterThread: Interrupting: MainUserLoad 1-341 sampler: 01 - HTTP GET Request: Veterinarians Page
2026-03-25 09:08:29,349 INFO o.a.j.t.JMeterThread: Thread finished: MainUserLoad 1-375
2026-03-25 09:08:29,349 INFO o.a.j.t.JMeterThread: Stopping: MainUserLoad 1-818
2026-03-25 09:08:29,349 WARN o.a.j.t.JMeterThread: Interrupting: MainUserLoad 1-818 sampler: 02 - HTTP GET Request: Search Single Owner
2026-03-25 09:08:29,349 INFO o.a.j.t.JMeterThread: Thread finished: MainUserLoad 1-711
2026-03-25 09:08:29,349 INFO o.a.j.t.JMeterThread: Thread finished: MainUserLoad 1-45
2026-03-25 09:08:29,349 INFO o.a.j.t.JMeterThread: Stopping: MainUserLoad 1-913
2026-03-25 09:08:29,350 INFO o.a.j.t.JMeterThread: Thread finished: MainUserLoad 1-311
2026-03-25 09:08:29,350 WARN o.a.j.t.JMeterThread: Interrupting: MainUserLoad 1-913 sampler: 02 - HTTP GET Request: Search Single Owner
2026-03-25 09:08:29,350 INFO o.a.j.t.JMeterThread: Thread finished: MainUserLoad 1-578
2026-03-25 09:08:29,350 INFO o.a.j.t.JMeterThread: Stopping: MainUserLoad 1-743
2026-03-25 09:08:29,350 WARN o.a.j.t.JMeterThread: Interrupting: MainUserLoad 1-743 sampler: 03 - HTTP POST Request: Visits
2026-03-25 09:08:29,350 INFO o.a.j.t.JMeterThread: Thread finished: MainUserLoad 1-374
2026-03-25 09:08:29,350 INFO o.a.j.t.JMeterThread: Thread finished: MainUserLoad 1-295
2026-03-25 09:08:29,350 INFO o.a.j.t.JMeterThread: Stopping: MainUserLoad 1-466
2026-03-25 09:08:29,350 WARN o.a.j.t.JMeterThread: Interrupting: MainUserLoad 1-466 sampler: 04: HTTP  GET Request: Owners
2026-03-25 09:08:29,351 INFO o.a.j.t.JMeterThread: Thread finished: MainUserLoad 1-665
2026-03-25 09:08:29,351 INFO o.a.j.t.JMeterThread: Stopping: MainUserLoad 1-152
2026-03-25 09:08:29,351 WARN o.a.j.t.JMeterThread: Interrupting: MainUserLoad 1-152 sampler: 03 - HTTP POST Request: Visits
2026-03-25 09:08:29,351 INFO o.a.j.t.JMeterThread: Stopping: MainUserLoad 1-268
2026-03-25 09:08:29,351 WARN o.a.j.t.JMeterThread: Interrupting: MainUserLoad 1-268 sampler: 02 - HTTP GET Request: Search Single Owner
2026-03-25 09:08:29,351 INFO o.a.j.t.JMeterThread: Thread finished: MainUserLoad 1-32
2026-03-25 09:08:29,351 INFO o.a.j.t.JMeterThread: Thread finished: MainUserLoad 1-435
2026-03-25 09:08:29,352 INFO o.a.j.t.JMeterThread: Stopping: MainUserLoad 1-192
2026-03-25 09:08:29,352 WARN o.a.j.t.JMeterThread: Interrupting: MainUserLoad 1-192 sampler: 01 - HTTP GET Request: Veterinarians Page
2026-03-25 09:08:29,352 INFO o.a.j.t.JMeterThread: Thread finished: MainUserLoad 1-412
2026-03-25 09:08:29,352 INFO o.a.j.t.JMeterThread: Stopping: MainUserLoad 1-87
2026-03-25 09:08:29,352 WARN o.a.j.t.JMeterThread: Interrupting: MainUserLoad 1-87 sampler: 01 - HTTP GET Request: Veterinarians Page
2026-03-25 09:08:29,352 INFO o.a.j.t.JMeterThread: Stopping: MainUserLoad 1-855
2026-03-25 09:08:29,352 WARN o.a.j.t.JMeterThread: Interrupting: MainUserLoad 1-855 sampler: 02 - HTTP GET Request: Search Single Owner
2026-03-25 09:08:29,353 INFO o.a.j.t.JMeterThread: Thread finished: MainUserLoad 1-864
2026-03-25 09:08:29,353 INFO o.a.j.t.JMeterThread: Stopping: MainUserLoad 1-925
2026-03-25 09:08:29,353 INFO o.a.j.t.JMeterThread: Thread finished: MainUserLoad 1-310
2026-03-25 09:08:29,353 WARN o.a.j.t.JMeterThread: Interrupting: MainUserLoad 1-925 sampler: 04: HTTP  GET Request: Owners
2026-03-25 09:08:29,353 INFO o.a.j.t.JMeterThread: Thread finished: MainUserLoad 1-243
2026-03-25 09:08:29,354 INFO o.a.j.t.JMeterThread: Stopping: MainUserLoad 1-345
2026-03-25 09:08:29,354 WARN o.a.j.t.JMeterThread: Interrupting: MainUserLoad 1-345 sampler: 03 - HTTP POST Request: Visits
2026-03-25 09:08:29,354 INFO o.a.j.t.JMeterThread: Thread finished: MainUserLoad 1-979
2026-03-25 09:08:29,354 INFO o.a.j.t.JMeterThread: Stopping: MainUserLoad 1-685
2026-03-25 09:08:29,354 WARN o.a.j.t.JMeterThread: Interrupting: MainUserLoad 1-685 sampler: 01 - HTTP GET Request: Veterinarians Page
2026-03-25 09:08:29,354 INFO o.a.j.t.JMeterThread: Thread finished: MainUserLoad 1-341
2026-03-25 09:08:29,354 INFO o.a.j.t.JMeterThread: Thread finished: MainUserLoad 1-818
2026-03-25 09:08:29,355 INFO o.a.j.t.JMeterThread: Stopping: MainUserLoad 1-694
2026-03-25 09:08:29,355 WARN o.a.j.t.JMeterThread: Interrupting: MainUserLoad 1-694 sampler: 04: HTTP  GET Request: Owners
2026-03-25 09:08:29,355 INFO o.a.j.t.JMeterThread: Thread finished: MainUserLoad 1-913
2026-03-25 09:08:29,355 INFO o.a.j.t.JMeterThread: Stopping: MainUserLoad 1-956
2026-03-25 09:08:29,355 INFO o.a.j.t.JMeterThread: Thread finished: MainUserLoad 1-743
2026-03-25 09:08:29,355 WARN o.a.j.t.JMeterThread: Interrupting: MainUserLoad 1-956 sampler: 02 - HTTP GET Request: Search Single Owner
2026-03-25 09:08:29,356 INFO o.a.j.t.JMeterThread: Stopping: MainUserLoad 1-137
2026-03-25 09:08:29,356 WARN o.a.j.t.JMeterThread: Interrupting: MainUserLoad 1-137 sampler: 03 - HTTP POST Request: Visits
2026-03-25 09:08:29,357 INFO o.a.j.t.JMeterThread: Stopping: MainUserLoad 1-642
2026-03-25 09:08:29,357 WARN o.a.j.t.JMeterThread: Interrupting: MainUserLoad 1-642 sampler: 03 - HTTP POST Request: Visits
2026-03-25 09:08:29,357 INFO o.a.j.t.JMeterThread: Thread finished: MainUserLoad 1-466
2026-03-25 09:08:29,357 INFO o.a.j.t.JMeterThread: Thread finished: MainUserLoad 1-152
2026-03-25 09:08:29,357 INFO o.a.j.t.JMeterThread: Stopping: MainUserLoad 1-700
2026-03-25 09:08:29,357 WARN o.a.j.t.JMeterThread: Interrupting: MainUserLoad 1-700 sampler: 03 - HTTP POST Request: Visits
2026-03-25 09:08:29,357 INFO o.a.j.t.JMeterThread: Thread finished: MainUserLoad 1-268
2026-03-25 09:08:29,357 INFO o.a.j.t.JMeterThread: Stopping: MainUserLoad 1-521
2026-03-25 09:08:29,358 WARN o.a.j.t.JMeterThread: Interrupting: MainUserLoad 1-521 sampler: 03 - HTTP POST Request: Visits
2026-03-25 09:08:29,358 INFO o.a.j.t.JMeterThread: Thread finished: MainUserLoad 1-192
2026-03-25 09:08:29,358 INFO o.a.j.t.JMeterThread: Stopping: MainUserLoad 1-760
2026-03-25 09:08:29,358 INFO o.a.j.t.JMeterThread: Thread finished: MainUserLoad 1-87
2026-03-25 09:08:29,358 WARN o.a.j.t.JMeterThread: Interrupting: MainUserLoad 1-760 sampler: 04: HTTP  GET Request: Owners
2026-03-25 09:08:29,358 INFO o.a.j.t.JMeterThread: Thread finished: MainUserLoad 1-855
2026-03-25 09:08:29,358 INFO o.a.j.t.JMeterThread: Stopping: MainUserLoad 1-630
2026-03-25 09:08:29,359 WARN o.a.j.t.JMeterThread: Interrupting: MainUserLoad 1-630 sampler: 01 - HTTP GET Request: Veterinarians Page
2026-03-25 09:08:29,359 INFO o.a.j.t.JMeterThread: Stopping: MainUserLoad 1-196
2026-03-25 09:08:29,359 WARN o.a.j.t.JMeterThread: Interrupting: MainUserLoad 1-196 sampler: 03 - HTTP POST Request: Visits
2026-03-25 09:08:29,359 INFO o.a.j.t.JMeterThread: Stopping: MainUserLoad 1-343
2026-03-25 09:08:29,359 WARN o.a.j.t.JMeterThread: Interrupting: MainUserLoad 1-343 sampler: 03 - HTTP POST Request: Visits
2026-03-25 09:08:29,359 INFO o.a.j.t.JMeterThread: Thread finished: MainUserLoad 1-925
2026-03-25 09:08:29,359 INFO o.a.j.t.JMeterThread: Stopping: MainUserLoad 1-565
2026-03-25 09:08:29,359 INFO o.a.j.t.JMeterThread: Thread finished: MainUserLoad 1-345
2026-03-25 09:08:29,359 WARN o.a.j.t.JMeterThread: Interrupting: MainUserLoad 1-565 sampler: 03 - HTTP POST Request: Visits
2026-03-25 09:08:29,360 INFO o.a.j.t.JMeterThread: Stopping: MainUserLoad 1-238
2026-03-25 09:08:29,360 WARN o.a.j.t.JMeterThread: Interrupting: MainUserLoad 1-238 sampler: 01 - HTTP GET Request: Veterinarians Page
2026-03-25 09:08:29,360 INFO o.a.j.t.JMeterThread: Thread finished: MainUserLoad 1-685
2026-03-25 09:08:29,360 INFO o.a.j.t.JMeterThread: Stopping: MainUserLoad 1-140
2026-03-25 09:08:29,360 WARN o.a.j.t.JMeterThread: Interrupting: MainUserLoad 1-140 sampler: 01 - HTTP GET Request: Veterinarians Page
2026-03-25 09:08:29,361 INFO o.a.j.t.JMeterThread: Thread finished: MainUserLoad 1-694
2026-03-25 09:08:29,361 INFO o.a.j.t.JMeterThread: Stopping: MainUserLoad 1-969
2026-03-25 09:08:29,361 WARN o.a.j.t.JMeterThread: Interrupting: MainUserLoad 1-969 sampler: 01 - HTTP GET Request: Veterinarians Page
2026-03-25 09:08:29,361 INFO o.a.j.t.JMeterThread: Thread finished: MainUserLoad 1-956
2026-03-25 09:08:29,361 INFO o.a.j.t.JMeterThread: Thread finished: MainUserLoad 1-137
2026-03-25 09:08:29,361 INFO o.a.j.t.JMeterThread: Thread finished: MainUserLoad 1-642
2026-03-25 09:08:29,361 INFO o.a.j.t.JMeterThread: Stopping: MainUserLoad 1-951
2026-03-25 09:08:29,361 WARN o.a.j.t.JMeterThread: Interrupting: MainUserLoad 1-951 sampler: 04: HTTP  GET Request: Owners
2026-03-25 09:08:29,362 INFO o.a.j.t.JMeterThread: Thread finished: MainUserLoad 1-700
2026-03-25 09:08:29,362 INFO o.a.j.t.JMeterThread: Thread finished: MainUserLoad 1-521
2026-03-25 09:08:29,362 INFO o.a.j.t.JMeterThread: Stopping: MainUserLoad 1-465
2026-03-25 09:08:29,362 WARN o.a.j.t.JMeterThread: Interrupting: MainUserLoad 1-465 sampler: 04: HTTP  GET Request: Owners
2026-03-25 09:08:29,362 INFO o.a.j.t.JMeterThread: Stopping: MainUserLoad 1-666
2026-03-25 09:08:29,362 WARN o.a.j.t.JMeterThread: Interrupting: MainUserLoad 1-666 sampler: 01 - HTTP GET Request: Veterinarians Page
2026-03-25 09:08:29,362 INFO o.a.j.t.JMeterThread: Stopping: MainUserLoad 1-39
2026-03-25 09:08:29,362 WARN o.a.j.t.JMeterThread: Interrupting: MainUserLoad 1-39 sampler: 01 - HTTP GET Request: Veterinarians Page
2026-03-25 09:08:29,362 INFO o.a.j.t.JMeterThread: Thread finished: MainUserLoad 1-760
2026-03-25 09:08:29,362 INFO o.a.j.t.JMeterThread: Stopping: MainUserLoad 1-110
2026-03-25 09:08:29,362 WARN o.a.j.t.JMeterThread: Interrupting: MainUserLoad 1-110 sampler: 03 - HTTP POST Request: Visits
2026-03-25 09:08:29,362 INFO o.a.j.t.JMeterThread: Stopping: MainUserLoad 1-314
2026-03-25 09:08:29,362 WARN o.a.j.t.JMeterThread: Interrupting: MainUserLoad 1-314 sampler: 01 - HTTP GET Request: Veterinarians Page
2026-03-25 09:08:29,363 INFO o.a.j.t.JMeterThread: Thread finished: MainUserLoad 1-630
2026-03-25 09:08:29,363 INFO o.a.j.t.JMeterThread: Stopping: MainUserLoad 1-657
2026-03-25 09:08:29,363 INFO o.a.j.t.JMeterThread: Thread finished: MainUserLoad 1-196
2026-03-25 09:08:29,363 WARN o.a.j.t.JMeterThread: Interrupting: MainUserLoad 1-657 sampler: 04: HTTP  GET Request: Owners
2026-03-25 09:08:29,364 INFO o.a.j.t.JMeterThread: Thread finished: MainUserLoad 1-343
2026-03-25 09:08:29,364 INFO o.a.j.t.JMeterThread: Stopping: MainUserLoad 1-357
2026-03-25 09:08:29,364 WARN o.a.j.t.JMeterThread: Interrupting: MainUserLoad 1-357 sampler: 02 - HTTP GET Request: Search Single Owner
2026-03-25 09:08:29,364 INFO o.a.j.t.JMeterThread: Stopping: MainUserLoad 1-109
2026-03-25 09:08:29,364 WARN o.a.j.t.JMeterThread: Interrupting: MainUserLoad 1-109 sampler: 01 - HTTP GET Request: Veterinarians Page
2026-03-25 09:08:29,364 INFO o.a.j.t.JMeterThread: Thread finished: MainUserLoad 1-565
2026-03-25 09:08:29,365 INFO o.a.j.t.JMeterThread: Thread finished: MainUserLoad 1-238
2026-03-25 09:08:29,365 INFO o.a.j.t.JMeterThread: Stopping: MainUserLoad 1-56
2026-03-25 09:08:29,365 WARN o.a.j.t.JMeterThread: Interrupting: MainUserLoad 1-56 sampler: 01 - HTTP GET Request: Veterinarians Page
2026-03-25 09:08:29,365 INFO o.a.j.t.JMeterThread: Stopping: MainUserLoad 1-547
2026-03-25 09:08:29,365 WARN o.a.j.t.JMeterThread: Interrupting: MainUserLoad 1-547 sampler: 03 - HTTP POST Request: Visits
2026-03-25 09:08:29,365 INFO o.a.j.t.JMeterThread: Stopping: MainUserLoad 1-680
2026-03-25 09:08:29,365 WARN o.a.j.t.JMeterThread: Interrupting: MainUserLoad 1-680 sampler: 01 - HTTP GET Request: Veterinarians Page
2026-03-25 09:08:29,366 INFO o.a.j.t.JMeterThread: Stopping: MainUserLoad 1-981
2026-03-25 09:08:29,366 WARN o.a.j.t.JMeterThread: Interrupting: MainUserLoad 1-981 sampler: 02 - HTTP GET Request: Search Single Owner
2026-03-25 09:08:29,366 INFO o.a.j.t.JMeterThread: Stopping: MainUserLoad 1-506
2026-03-25 09:08:29,366 WARN o.a.j.t.JMeterThread: Interrupting: MainUserLoad 1-506 sampler: 01 - HTTP GET Request: Veterinarians Page
2026-03-25 09:08:29,366 INFO o.a.j.t.JMeterThread: Thread finished: MainUserLoad 1-140
2026-03-25 09:08:29,366 INFO o.a.j.t.JMeterThread: Stopping: MainUserLoad 1-28
2026-03-25 09:08:29,366 WARN o.a.j.t.JMeterThread: Interrupting: MainUserLoad 1-28 sampler: 01 - HTTP GET Request: Veterinarians Page
2026-03-25 09:08:29,366 INFO o.a.j.t.JMeterThread: Thread finished: MainUserLoad 1-969
2026-03-25 09:08:29,366 INFO o.a.j.t.JMeterThread: Stopping: MainUserLoad 1-386
2026-03-25 09:08:29,367 INFO o.a.j.t.JMeterThread: Thread finished: MainUserLoad 1-951
2026-03-25 09:08:29,367 WARN o.a.j.t.JMeterThread: Interrupting: MainUserLoad 1-386 sampler: 03 - HTTP POST Request: Visits
2026-03-25 09:08:29,367 INFO o.a.j.t.JMeterThread: Thread finished: MainUserLoad 1-666
2026-03-25 09:08:29,367 INFO o.a.j.t.JMeterThread: Thread finished: MainUserLoad 1-465
2026-03-25 09:08:29,367 INFO o.a.j.t.JMeterThread: Stopping: MainUserLoad 1-575
2026-03-25 09:08:29,368 WARN o.a.j.t.JMeterThread: Interrupting: MainUserLoad 1-575 sampler: 01 - HTTP GET Request: Veterinarians Page
2026-03-25 09:08:29,368 INFO o.a.j.t.JMeterThread: Thread finished: MainUserLoad 1-39
2026-03-25 09:08:29,368 INFO o.a.j.t.JMeterThread: Stopping: MainUserLoad 1-571
2026-03-25 09:08:29,368 WARN o.a.j.t.JMeterThread: Interrupting: MainUserLoad 1-571 sampler: 03 - HTTP POST Request: Visits
2026-03-25 09:08:29,369 INFO o.a.j.t.JMeterThread: Stopping: MainUserLoad 1-252
2026-03-25 09:08:29,369 INFO o.a.j.t.JMeterThread: Thread finished: MainUserLoad 1-110
2026-03-25 09:08:29,369 INFO o.a.j.t.JMeterThread: Thread finished: MainUserLoad 1-314
2026-03-25 09:08:29,369 WARN o.a.j.t.JMeterThread: Interrupting: MainUserLoad 1-252 sampler: 02 - HTTP GET Request: Search Single Owner
2026-03-25 09:08:29,369 INFO o.a.j.t.JMeterThread: Stopping: MainUserLoad 1-235
2026-03-25 09:08:29,369 WARN o.a.j.t.JMeterThread: Interrupting: MainUserLoad 1-235 sampler: 03 - HTTP POST Request: Visits
2026-03-25 09:08:29,370 INFO o.a.j.t.JMeterThread: Stopping: MainUserLoad 1-237
2026-03-25 09:08:29,370 WARN o.a.j.t.JMeterThread: Interrupting: MainUserLoad 1-237 sampler: 01 - HTTP GET Request: Veterinarians Page
2026-03-25 09:08:29,370 INFO o.a.j.t.JMeterThread: Thread finished: MainUserLoad 1-657
2026-03-25 09:08:29,370 INFO o.a.j.t.JMeterThread: Thread finished: MainUserLoad 1-357
2026-03-25 09:08:29,370 INFO o.a.j.t.JMeterThread: Stopping: MainUserLoad 1-948
2026-03-25 09:08:29,370 INFO o.a.j.t.JMeterThread: Thread finished: MainUserLoad 1-109
2026-03-25 09:08:29,370 WARN o.a.j.t.JMeterThread: Interrupting: MainUserLoad 1-948 sampler: 04: HTTP  GET Request: Owners
2026-03-25 09:08:29,370 INFO o.a.j.t.JMeterThread: Stopping: MainUserLoad 1-321
2026-03-25 09:08:29,370 WARN o.a.j.t.JMeterThread: Interrupting: MainUserLoad 1-321 sampler: 03 - HTTP POST Request: Visits
2026-03-25 09:08:29,371 INFO o.a.j.t.JMeterThread: Stopping: MainUserLoad 1-416
2026-03-25 09:08:29,371 WARN o.a.j.t.JMeterThread: Interrupting: MainUserLoad 1-416 sampler: 01 - HTTP GET Request: Veterinarians Page
2026-03-25 09:08:29,371 INFO o.a.j.t.JMeterThread: Stopping: MainUserLoad 1-817
2026-03-25 09:08:29,371 WARN o.a.j.t.JMeterThread: Interrupting: MainUserLoad 1-817 sampler: 03 - HTTP POST Request: Visits
2026-03-25 09:08:29,371 INFO o.a.j.t.JMeterThread: Thread finished: MainUserLoad 1-56
2026-03-25 09:08:29,371 INFO o.a.j.t.JMeterThread: Thread finished: MainUserLoad 1-547
2026-03-25 09:08:29,371 INFO o.a.j.t.JMeterThread: Stopping: MainUserLoad 1-767
2026-03-25 09:08:29,371 INFO o.a.j.t.JMeterThread: Thread finished: MainUserLoad 1-680
2026-03-25 09:08:29,371 INFO o.a.j.t.JMeterThread: Thread finished: MainUserLoad 1-506
2026-03-25 09:08:29,371 INFO o.a.j.t.JMeterThread: Thread finished: MainUserLoad 1-981
2026-03-25 09:08:29,371 WARN o.a.j.t.JMeterThread: Interrupting: MainUserLoad 1-767 sampler: 03 - HTTP POST Request: Visits
2026-03-25 09:08:29,371 INFO o.a.j.t.JMeterThread: Thread finished: MainUserLoad 1-28
2026-03-25 09:08:29,371 INFO o.a.j.t.JMeterThread: Stopping: MainUserLoad 1-379
2026-03-25 09:08:29,372 WARN o.a.j.t.JMeterThread: Interrupting: MainUserLoad 1-379 sampler: 02 - HTTP GET Request: Search Single Owner
2026-03-25 09:08:29,372 INFO o.a.j.t.JMeterThread: Stopping: MainUserLoad 1-986
2026-03-25 09:08:29,372 WARN o.a.j.t.JMeterThread: Interrupting: MainUserLoad 1-986 sampler: 03 - HTTP POST Request: Visits
2026-03-25 09:08:29,372 INFO o.a.j.t.JMeterThread: Thread finished: MainUserLoad 1-386
2026-03-25 09:08:29,372 INFO o.a.j.t.JMeterThread: Stopping: MainUserLoad 1-893
2026-03-25 09:08:29,372 WARN o.a.j.t.JMeterThread: Interrupting: MainUserLoad 1-893 sampler: 01 - HTTP GET Request: Veterinarians Page
2026-03-25 09:08:29,372 INFO o.a.j.t.JMeterThread: Thread finished: MainUserLoad 1-575
2026-03-25 09:08:29,373 INFO o.a.j.t.JMeterThread: Stopping: MainUserLoad 1-782
2026-03-25 09:08:29,373 WARN o.a.j.t.JMeterThread: Interrupting: MainUserLoad 1-782 sampler: 03 - HTTP POST Request: Visits
2026-03-25 09:08:29,374 INFO o.a.j.t.JMeterThread: Thread finished: MainUserLoad 1-571
2026-03-25 09:08:29,374 INFO o.a.j.t.JMeterThread: Stopping: MainUserLoad 1-65
2026-03-25 09:08:29,374 WARN o.a.j.t.JMeterThread: Interrupting: MainUserLoad 1-65 sampler: 04: HTTP  GET Request: Owners
2026-03-25 09:08:29,374 INFO o.a.j.t.JMeterThread: Thread finished: MainUserLoad 1-252
2026-03-25 09:08:29,374 INFO o.a.j.t.JMeterThread: Stopping: MainUserLoad 1-930
2026-03-25 09:08:29,374 WARN o.a.j.t.JMeterThread: Interrupting: MainUserLoad 1-930 sampler: 01 - HTTP GET Request: Veterinarians Page
2026-03-25 09:08:29,375 INFO o.a.j.t.JMeterThread: Stopping: MainUserLoad 1-289
2026-03-25 09:08:29,375 INFO o.a.j.t.JMeterThread: Thread finished: MainUserLoad 1-235
2026-03-25 09:08:29,375 WARN o.a.j.t.JMeterThread: Interrupting: MainUserLoad 1-289 sampler: 01 - HTTP GET Request: Veterinarians Page
2026-03-25 09:08:29,375 INFO o.a.j.t.JMeterThread: Thread finished: MainUserLoad 1-237
2026-03-25 09:08:29,375 INFO o.a.j.t.JMeterThread: Stopping: MainUserLoad 1-352
2026-03-25 09:08:29,375 WARN o.a.j.t.JMeterThread: Interrupting: MainUserLoad 1-352 sampler: 01 - HTTP GET Request: Veterinarians Page
2026-03-25 09:08:29,376 INFO o.a.j.t.JMeterThread: Thread finished: MainUserLoad 1-948
2026-03-25 09:08:29,376 INFO o.a.j.t.JMeterThread: Stopping: MainUserLoad 1-82
2026-03-25 09:08:29,376 INFO o.a.j.t.JMeterThread: Thread finished: MainUserLoad 1-321
2026-03-25 09:08:29,377 INFO o.a.j.t.JMeterThread: Thread finished: MainUserLoad 1-416
2026-03-25 09:08:29,377 INFO o.a.j.t.JMeterThread: Thread finished: MainUserLoad 1-817
2026-03-25 09:08:29,377 WARN o.a.j.t.JMeterThread: Interrupting: MainUserLoad 1-82 sampler: 03 - HTTP POST Request: Visits
2026-03-25 09:08:29,377 INFO o.a.j.t.JMeterThread: Stopping: MainUserLoad 1-244
2026-03-25 09:08:29,377 INFO o.a.j.t.JMeterThread: Thread finished: MainUserLoad 1-767
2026-03-25 09:08:29,377 WARN o.a.j.t.JMeterThread: Interrupting: MainUserLoad 1-244 sampler: 03 - HTTP POST Request: Visits
2026-03-25 09:08:29,378 INFO o.a.j.t.JMeterThread: Thread finished: MainUserLoad 1-379
2026-03-25 09:08:29,378 INFO o.a.j.t.JMeterThread: Stopping: MainUserLoad 1-398
2026-03-25 09:08:29,378 INFO o.a.j.t.JMeterThread: Thread finished: MainUserLoad 1-986
2026-03-25 09:08:29,378 WARN o.a.j.t.JMeterThread: Interrupting: MainUserLoad 1-398 sampler: 03 - HTTP POST Request: Visits
2026-03-25 09:08:29,378 INFO o.a.j.t.JMeterThread: Thread finished: MainUserLoad 1-893
2026-03-25 09:08:29,378 INFO o.a.j.t.JMeterThread: Stopping: MainUserLoad 1-454
2026-03-25 09:08:29,378 INFO o.a.j.t.JMeterThread: Thread finished: MainUserLoad 1-782
2026-03-25 09:08:29,378 WARN o.a.j.t.JMeterThread: Interrupting: MainUserLoad 1-454 sampler: 04: HTTP  GET Request: Owners
2026-03-25 09:08:29,378 INFO o.a.j.t.JMeterThread: Stopping: MainUserLoad 1-363
2026-03-25 09:08:29,378 WARN o.a.j.t.JMeterThread: Interrupting: MainUserLoad 1-363 sampler: 01 - HTTP GET Request: Veterinarians Page
2026-03-25 09:08:29,378 INFO o.a.j.t.JMeterThread: Thread finished: MainUserLoad 1-65
2026-03-25 09:08:29,379 INFO o.a.j.t.JMeterThread: Stopping: MainUserLoad 1-756
2026-03-25 09:08:29,379 WARN o.a.j.t.JMeterThread: Interrupting: MainUserLoad 1-756 sampler: 03 - HTTP POST Request: Visits
2026-03-25 09:08:29,380 INFO o.a.j.t.JMeterThread: Stopping: MainUserLoad 1-794
2026-03-25 09:08:29,380 WARN o.a.j.t.JMeterThread: Interrupting: MainUserLoad 1-794 sampler: 04: HTTP  GET Request: Owners
2026-03-25 09:08:29,380 INFO o.a.j.t.JMeterThread: Thread finished: MainUserLoad 1-930
2026-03-25 09:08:29,380 INFO o.a.j.t.JMeterThread: Stopping: MainUserLoad 1-958
2026-03-25 09:08:29,380 WARN o.a.j.t.JMeterThread: Interrupting: MainUserLoad 1-958 sampler: 01 - HTTP GET Request: Veterinarians Page
2026-03-25 09:08:29,380 INFO o.a.j.t.JMeterThread: Thread finished: MainUserLoad 1-289
2026-03-25 09:08:29,380 INFO o.a.j.t.JMeterThread: Stopping: MainUserLoad 1-839
2026-03-25 09:08:29,380 WARN o.a.j.t.JMeterThread: Interrupting: MainUserLoad 1-839 sampler: 01 - HTTP GET Request: Veterinarians Page
2026-03-25 09:08:29,380 INFO o.a.j.t.JMeterThread: Thread finished: MainUserLoad 1-352
2026-03-25 09:08:29,381 INFO o.a.j.t.JMeterThread: Stopping: MainUserLoad 1-705
2026-03-25 09:08:29,381 WARN o.a.j.t.JMeterThread: Interrupting: MainUserLoad 1-705 sampler: 02 - HTTP GET Request: Search Single Owner
2026-03-25 09:08:29,381 INFO o.a.j.t.JMeterThread: Stopping: MainUserLoad 1-390
2026-03-25 09:08:29,381 INFO o.a.j.t.JMeterThread: Thread finished: MainUserLoad 1-244
2026-03-25 09:08:29,381 WARN o.a.j.t.JMeterThread: Interrupting: MainUserLoad 1-390 sampler: 04: HTTP  GET Request: Owners
2026-03-25 09:08:29,381 INFO o.a.j.t.JMeterThread: Thread finished: MainUserLoad 1-82
2026-03-25 09:08:29,382 INFO o.a.j.t.JMeterThread: Stopping: MainUserLoad 1-147
2026-03-25 09:08:29,382 WARN o.a.j.t.JMeterThread: Interrupting: MainUserLoad 1-147 sampler: 01 - HTTP GET Request: Veterinarians Page
2026-03-25 09:08:29,382 INFO o.a.j.t.JMeterThread: Thread finished: MainUserLoad 1-398
2026-03-25 09:08:29,382 INFO o.a.j.t.JMeterThread: Stopping: MainUserLoad 1-761
2026-03-25 09:08:29,382 WARN o.a.j.t.JMeterThread: Interrupting: MainUserLoad 1-761 sampler: 03 - HTTP POST Request: Visits
2026-03-25 09:08:29,383 INFO o.a.j.t.JMeterThread: Stopping: MainUserLoad 1-346
2026-03-25 09:08:29,383 WARN o.a.j.t.JMeterThread: Interrupting: MainUserLoad 1-346 sampler: 01 - HTTP GET Request: Veterinarians Page
2026-03-25 09:08:29,383 INFO o.a.j.t.JMeterThread: Thread finished: MainUserLoad 1-363
2026-03-25 09:08:29,383 INFO o.a.j.t.JMeterThread: Thread finished: MainUserLoad 1-756
2026-03-25 09:08:29,383 INFO o.a.j.t.JMeterThread: Thread finished: MainUserLoad 1-454
2026-03-25 09:08:29,383 INFO o.a.j.t.JMeterThread: Stopping: MainUserLoad 1-669
2026-03-25 09:08:29,383 INFO o.a.j.t.JMeterThread: Thread finished: MainUserLoad 1-794
2026-03-25 09:08:29,383 WARN o.a.j.t.JMeterThread: Interrupting: MainUserLoad 1-669 sampler: 02 - HTTP GET Request: Search Single Owner
2026-03-25 09:08:29,384 INFO o.a.j.t.JMeterThread: Stopping: MainUserLoad 1-617
2026-03-25 09:08:29,384 INFO o.a.j.t.JMeterThread: Thread finished: MainUserLoad 1-958
2026-03-25 09:08:29,384 WARN o.a.j.t.JMeterThread: Interrupting: MainUserLoad 1-617 sampler: 03 - HTTP POST Request: Visits
2026-03-25 09:08:29,384 INFO o.a.j.t.JMeterThread: Thread finished: MainUserLoad 1-839
2026-03-25 09:08:29,385 INFO o.a.j.t.JMeterThread: Stopping: MainUserLoad 1-635
2026-03-25 09:08:29,385 WARN o.a.j.t.JMeterThread: Interrupting: MainUserLoad 1-635 sampler: 04: HTTP  GET Request: Owners
2026-03-25 09:08:29,385 INFO o.a.j.t.JMeterThread: Thread finished: MainUserLoad 1-705
2026-03-25 09:08:29,385 INFO o.a.j.t.JMeterThread: Stopping: MainUserLoad 1-150
2026-03-25 09:08:29,385 WARN o.a.j.t.JMeterThread: Interrupting: MainUserLoad 1-150 sampler: 01 - HTTP GET Request: Veterinarians Page
2026-03-25 09:08:29,385 INFO o.a.j.t.JMeterThread: Thread finished: MainUserLoad 1-390
2026-03-25 09:08:29,386 INFO o.a.j.t.JMeterThread: Stopping: MainUserLoad 1-165
2026-03-25 09:08:29,386 WARN o.a.j.t.JMeterThread: Interrupting: MainUserLoad 1-165 sampler: 01 - HTTP GET Request: Veterinarians Page
2026-03-25 09:08:29,386 INFO o.a.j.t.JMeterThread: Thread finished: MainUserLoad 1-147
2026-03-25 09:08:29,386 INFO o.a.j.t.JMeterThread: Stopping: MainUserLoad 1-436
2026-03-25 09:08:29,386 WARN o.a.j.t.JMeterThread: Interrupting: MainUserLoad 1-436 sampler: 01 - HTTP GET Request: Veterinarians Page
2026-03-25 09:08:29,386 INFO o.a.j.t.JMeterThread: Thread finished: MainUserLoad 1-761
2026-03-25 09:08:29,386 INFO o.a.j.t.JMeterThread: Stopping: MainUserLoad 1-265
2026-03-25 09:08:29,386 WARN o.a.j.t.JMeterThread: Interrupting: MainUserLoad 1-265 sampler: 04: HTTP  GET Request: Owners
2026-03-25 09:08:29,387 INFO o.a.j.t.JMeterThread: Stopping: MainUserLoad 1-645
2026-03-25 09:08:29,387 WARN o.a.j.t.JMeterThread: Interrupting: MainUserLoad 1-645 sampler: 02 - HTTP GET Request: Search Single Owner
2026-03-25 09:08:29,387 INFO o.a.j.t.JMeterThread: Thread finished: MainUserLoad 1-346
2026-03-25 09:08:29,387 INFO o.a.j.t.JMeterThread: Stopping: MainUserLoad 1-55
2026-03-25 09:08:29,387 WARN o.a.j.t.JMeterThread: Interrupting: MainUserLoad 1-55 sampler: 03 - HTTP POST Request: Visits
2026-03-25 09:08:29,387 INFO o.a.j.t.JMeterThread: Stopping: MainUserLoad 1-887
2026-03-25 09:08:29,387 WARN o.a.j.t.JMeterThread: Interrupting: MainUserLoad 1-887 sampler: 01 - HTTP GET Request: Veterinarians Page
2026-03-25 09:08:29,387 INFO o.a.j.t.JMeterThread: Thread finished: MainUserLoad 1-669
2026-03-25 09:08:29,388 INFO o.a.j.t.JMeterThread: Stopping: MainUserLoad 1-867
2026-03-25 09:08:29,388 INFO o.a.j.t.JMeterThread: Thread finished: MainUserLoad 1-617
2026-03-25 09:08:29,388 WARN o.a.j.t.JMeterThread: Interrupting: MainUserLoad 1-867 sampler: 03 - HTTP POST Request: Visits
2026-03-25 09:08:29,388 INFO o.a.j.t.JMeterThread: Thread finished: MainUserLoad 1-635
2026-03-25 09:08:29,389 INFO o.a.j.t.JMeterThread: Stopping: MainUserLoad 1-602
2026-03-25 09:08:29,389 INFO o.a.j.t.JMeterThread: Thread finished: MainUserLoad 1-150
2026-03-25 09:08:29,389 WARN o.a.j.t.JMeterThread: Interrupting: MainUserLoad 1-602 sampler: 03 - HTTP POST Request: Visits
2026-03-25 09:08:29,389 INFO o.a.j.t.JMeterThread: Thread finished: MainUserLoad 1-165
2026-03-25 09:08:29,389 INFO o.a.j.t.JMeterThread: Thread finished: MainUserLoad 1-436
2026-03-25 09:08:29,389 INFO o.a.j.t.JMeterThread: Stopping: MainUserLoad 1-683
2026-03-25 09:08:29,390 INFO o.a.j.t.JMeterThread: Thread finished: MainUserLoad 1-265
2026-03-25 09:08:29,390 WARN o.a.j.t.JMeterThread: Interrupting: MainUserLoad 1-683 sampler: 03 - HTTP POST Request: Visits
2026-03-25 09:08:29,393 INFO o.a.j.t.JMeterThread: Thread finished: MainUserLoad 1-645
2026-03-25 09:08:29,393 INFO o.a.j.t.JMeterThread: Thread finished: MainUserLoad 1-55
2026-03-25 09:08:29,393 INFO o.a.j.t.JMeterThread: Stopping: MainUserLoad 1-231
2026-03-25 09:08:29,393 WARN o.a.j.t.JMeterThread: Interrupting: MainUserLoad 1-231 sampler: 03 - HTTP POST Request: Visits
2026-03-25 09:08:29,394 INFO o.a.j.t.JMeterThread: Stopping: MainUserLoad 1-156
2026-03-25 09:08:29,394 WARN o.a.j.t.JMeterThread: Interrupting: MainUserLoad 1-156 sampler: 01 - HTTP GET Request: Veterinarians Page
2026-03-25 09:08:29,394 INFO o.a.j.t.JMeterThread: Thread finished: MainUserLoad 1-887
2026-03-25 09:08:29,394 INFO o.a.j.t.JMeterThread: Stopping: MainUserLoad 1-267
2026-03-25 09:08:29,395 WARN o.a.j.t.JMeterThread: Interrupting: MainUserLoad 1-267 sampler: 01 - HTTP GET Request: Veterinarians Page
2026-03-25 09:08:29,396 INFO o.a.j.t.JMeterThread: Thread finished: MainUserLoad 1-867
2026-03-25 09:08:29,396 INFO o.a.j.t.JMeterThread: Stopping: MainUserLoad 1-797
2026-03-25 09:08:29,397 WARN o.a.j.t.JMeterThread: Interrupting: MainUserLoad 1-797 sampler: 01 - HTTP GET Request: Veterinarians Page
2026-03-25 09:08:29,397 INFO o.a.j.t.JMeterThread: Thread finished: MainUserLoad 1-602
2026-03-25 09:08:29,398 INFO o.a.j.t.JMeterThread: Thread finished: MainUserLoad 1-683
2026-03-25 09:08:29,398 INFO o.a.j.t.JMeterThread: Stopping: MainUserLoad 1-385
2026-03-25 09:08:29,398 WARN o.a.j.t.JMeterThread: Interrupting: MainUserLoad 1-385 sampler: 01 - HTTP GET Request: Veterinarians Page
2026-03-25 09:08:29,398 INFO o.a.j.t.JMeterThread: Thread finished: MainUserLoad 1-231
2026-03-25 09:08:29,399 INFO o.a.j.t.JMeterThread: Thread finished: MainUserLoad 1-156
2026-03-25 09:08:29,399 INFO o.a.j.t.JMeterThread: Thread finished: MainUserLoad 1-267
2026-03-25 09:08:29,399 INFO o.a.j.t.JMeterThread: Stopping: MainUserLoad 1-746
2026-03-25 09:08:29,399 WARN o.a.j.t.JMeterThread: Interrupting: MainUserLoad 1-746 sampler: 03 - HTTP POST Request: Visits
2026-03-25 09:08:29,401 INFO o.a.j.t.JMeterThread: Stopping: MainUserLoad 1-25
2026-03-25 09:08:29,401 WARN o.a.j.t.JMeterThread: Interrupting: MainUserLoad 1-25 sampler: 01 - HTTP GET Request: Veterinarians Page
2026-03-25 09:08:29,401 INFO o.a.j.t.JMeterThread: Stopping: MainUserLoad 1-161
2026-03-25 09:08:29,401 WARN o.a.j.t.JMeterThread: Interrupting: MainUserLoad 1-161 sampler: 01 - HTTP GET Request: Veterinarians Page
2026-03-25 09:08:29,402 INFO o.a.j.t.JMeterThread: Stopping: MainUserLoad 1-438
2026-03-25 09:08:29,402 WARN o.a.j.t.JMeterThread: Interrupting: MainUserLoad 1-438 sampler: 01 - HTTP GET Request: Veterinarians Page
2026-03-25 09:08:29,402 INFO o.a.j.t.JMeterThread: Stopping: MainUserLoad 1-689
2026-03-25 09:08:29,402 WARN o.a.j.t.JMeterThread: Interrupting: MainUserLoad 1-689 sampler: 01 - HTTP GET Request: Veterinarians Page
2026-03-25 09:08:29,402 INFO o.a.j.t.JMeterThread: Thread finished: MainUserLoad 1-797
2026-03-25 09:08:29,403 INFO o.a.j.t.JMeterThread: Thread finished: MainUserLoad 1-385
2026-03-25 09:08:29,403 INFO o.a.j.t.JMeterThread: Stopping: MainUserLoad 1-369
2026-03-25 09:08:29,403 WARN o.a.j.t.JMeterThread: Interrupting: MainUserLoad 1-369 sampler: 03 - HTTP POST Request: Visits
2026-03-25 09:08:29,403 INFO o.a.j.t.JMeterThread: Thread finished: MainUserLoad 1-746
2026-03-25 09:08:29,403 INFO o.a.j.t.JMeterThread: Stopping: MainUserLoad 1-442
2026-03-25 09:08:29,404 WARN o.a.j.t.JMeterThread: Interrupting: MainUserLoad 1-442 sampler: 02 - HTTP GET Request: Search Single Owner
2026-03-25 09:08:29,404 INFO o.a.j.t.JMeterThread: Thread finished: MainUserLoad 1-25
2026-03-25 09:08:29,404 INFO o.a.j.t.JMeterThread: Thread finished: MainUserLoad 1-161
2026-03-25 09:08:29,404 INFO o.a.j.t.JMeterThread: Thread finished: MainUserLoad 1-438
2026-03-25 09:08:29,405 INFO o.a.j.t.JMeterThread: Thread finished: MainUserLoad 1-689
2026-03-25 09:08:29,411 INFO o.a.j.t.JMeterThread: Thread finished: MainUserLoad 1-369
2026-03-25 09:08:29,417 INFO o.a.j.t.JMeterThread: Stopping: MainUserLoad 1-766
2026-03-25 09:08:29,417 WARN o.a.j.t.JMeterThread: Interrupting: MainUserLoad 1-766 sampler: 01 - HTTP GET Request: Veterinarians Page
2026-03-25 09:08:29,418 INFO o.a.j.t.JMeterThread: Stopping: MainUserLoad 1-493
2026-03-25 09:08:29,418 WARN o.a.j.t.JMeterThread: Interrupting: MainUserLoad 1-493 sampler: 01 - HTTP GET Request: Veterinarians Page
2026-03-25 09:08:29,418 INFO o.a.j.t.JMeterThread: Thread finished: MainUserLoad 1-442
2026-03-25 09:08:29,418 INFO o.a.j.t.JMeterThread: Thread finished: MainUserLoad 1-493
2026-03-25 09:08:29,418 INFO o.a.j.t.JMeterThread: Thread finished: MainUserLoad 1-766
2026-03-25 09:08:29,418 INFO o.a.j.t.JMeterThread: Stopping: MainUserLoad 1-72
2026-03-25 09:08:29,418 WARN o.a.j.t.JMeterThread: Interrupting: MainUserLoad 1-72 sampler: 01 - HTTP GET Request: Veterinarians Page
2026-03-25 09:08:29,418 INFO o.a.j.t.JMeterThread: Stopping: MainUserLoad 1-261
2026-03-25 09:08:29,420 WARN o.a.j.t.JMeterThread: Interrupting: MainUserLoad 1-261 sampler: 01 - HTTP GET Request: Veterinarians Page
2026-03-25 09:08:29,420 INFO o.a.j.t.JMeterThread: Stopping: MainUserLoad 1-334
2026-03-25 09:08:29,420 WARN o.a.j.t.JMeterThread: Interrupting: MainUserLoad 1-334 sampler: 02 - HTTP GET Request: Search Single Owner
2026-03-25 09:08:29,420 INFO o.a.j.t.JMeterThread: Stopping: MainUserLoad 1-599
2026-03-25 09:08:29,420 WARN o.a.j.t.JMeterThread: Interrupting: MainUserLoad 1-599 sampler: 03 - HTTP POST Request: Visits
2026-03-25 09:08:29,420 INFO o.a.j.t.JMeterThread: Stopping: MainUserLoad 1-674
2026-03-25 09:08:29,420 WARN o.a.j.t.JMeterThread: Interrupting: MainUserLoad 1-674 sampler: 03 - HTTP POST Request: Visits
2026-03-25 09:08:29,420 INFO o.a.j.t.JMeterThread: Thread finished: MainUserLoad 1-72
2026-03-25 09:08:29,420 INFO o.a.j.t.JMeterThread: Stopping: MainUserLoad 1-308
2026-03-25 09:08:29,420 WARN o.a.j.t.JMeterThread: Interrupting: MainUserLoad 1-308 sampler: 02 - HTTP GET Request: Search Single Owner
2026-03-25 09:08:29,420 INFO o.a.j.t.JMeterThread: Stopping: MainUserLoad 1-631
2026-03-25 09:08:29,420 WARN o.a.j.t.JMeterThread: Interrupting: MainUserLoad 1-631 sampler: 03 - HTTP POST Request: Visits
2026-03-25 09:08:29,420 INFO o.a.j.t.JMeterThread: Stopping: MainUserLoad 1-561
2026-03-25 09:08:29,420 WARN o.a.j.t.JMeterThread: Interrupting: MainUserLoad 1-561 sampler: 03 - HTTP POST Request: Visits
2026-03-25 09:08:29,420 INFO o.a.j.t.JMeterThread: Stopping: MainUserLoad 1-432
2026-03-25 09:08:29,420 WARN o.a.j.t.JMeterThread: Interrupting: MainUserLoad 1-432 sampler: 03 - HTTP POST Request: Visits
2026-03-25 09:08:29,420 INFO o.a.j.t.JMeterThread: Stopping: MainUserLoad 1-914
2026-03-25 09:08:29,420 WARN o.a.j.t.JMeterThread: Interrupting: MainUserLoad 1-914 sampler: 03 - HTTP POST Request: Visits
2026-03-25 09:08:29,421 INFO o.a.j.t.JMeterThread: Stopping: MainUserLoad 1-219
2026-03-25 09:08:29,421 WARN o.a.j.t.JMeterThread: Interrupting: MainUserLoad 1-219 sampler: 01 - HTTP GET Request: Veterinarians Page
2026-03-25 09:08:29,421 INFO o.a.j.t.JMeterThread: Stopping: MainUserLoad 1-88
2026-03-25 09:08:29,421 WARN o.a.j.t.JMeterThread: Interrupting: MainUserLoad 1-88 sampler: 02 - HTTP GET Request: Search Single Owner
2026-03-25 09:08:29,421 INFO o.a.j.t.JMeterThread: Stopping: MainUserLoad 1-853
2026-03-25 09:08:29,421 WARN o.a.j.t.JMeterThread: Interrupting: MainUserLoad 1-853 sampler: 02 - HTTP GET Request: Search Single Owner
2026-03-25 09:08:29,421 INFO o.a.j.t.JMeterThread: Stopping: MainUserLoad 1-142
2026-03-25 09:08:29,421 WARN o.a.j.t.JMeterThread: Interrupting: MainUserLoad 1-142 sampler: 04: HTTP  GET Request: Owners
2026-03-25 09:08:29,422 INFO o.a.j.t.JMeterThread: Stopping: MainUserLoad 1-350
2026-03-25 09:08:29,422 WARN o.a.j.t.JMeterThread: Interrupting: MainUserLoad 1-350 sampler: 03 - HTTP POST Request: Visits
2026-03-25 09:08:29,422 INFO o.a.j.t.JMeterThread: Stopping: MainUserLoad 1-563
2026-03-25 09:08:29,422 WARN o.a.j.t.JMeterThread: Interrupting: MainUserLoad 1-563 sampler: 01 - HTTP GET Request: Veterinarians Page
2026-03-25 09:08:29,422 INFO o.a.j.t.JMeterThread: Stopping: MainUserLoad 1-736
2026-03-25 09:08:29,422 WARN o.a.j.t.JMeterThread: Interrupting: MainUserLoad 1-736 sampler: 01 - HTTP GET Request: Veterinarians Page
2026-03-25 09:08:29,422 INFO o.a.j.t.JMeterThread: Thread finished: MainUserLoad 1-599
2026-03-25 09:08:29,422 INFO o.a.j.t.JMeterThread: Stopping: MainUserLoad 1-594
2026-03-25 09:08:29,422 WARN o.a.j.t.JMeterThread: Interrupting: MainUserLoad 1-594 sampler: 01 - HTTP GET Request: Veterinarians Page
2026-03-25 09:08:29,423 INFO o.a.j.t.JMeterThread: Stopping: MainUserLoad 1-830
2026-03-25 09:08:29,423 WARN o.a.j.t.JMeterThread: Interrupting: MainUserLoad 1-830 sampler: 03 - HTTP POST Request: Visits
2026-03-25 09:08:29,423 INFO o.a.j.t.JMeterThread: Stopping: MainUserLoad 1-744
2026-03-25 09:08:29,423 WARN o.a.j.t.JMeterThread: Interrupting: MainUserLoad 1-744 sampler: 03 - HTTP POST Request: Visits
2026-03-25 09:08:29,423 INFO o.a.j.t.JMeterThread: Thread finished: MainUserLoad 1-674
2026-03-25 09:08:29,423 INFO o.a.j.t.JMeterThread: Stopping: MainUserLoad 1-789
2026-03-25 09:08:29,423 WARN o.a.j.t.JMeterThread: Interrupting: MainUserLoad 1-789 sampler: 02 - HTTP GET Request: Search Single Owner
2026-03-25 09:08:29,423 INFO o.a.j.t.JMeterThread: Stopping: MainUserLoad 1-623
2026-03-25 09:08:29,424 WARN o.a.j.t.JMeterThread: Interrupting: MainUserLoad 1-623 sampler: 03 - HTTP POST Request: Visits
2026-03-25 09:08:29,424 INFO o.a.j.t.JMeterThread: Stopping: MainUserLoad 1-632
2026-03-25 09:08:29,424 WARN o.a.j.t.JMeterThread: Interrupting: MainUserLoad 1-632 sampler: 03 - HTTP POST Request: Visits
2026-03-25 09:08:29,425 INFO o.a.j.t.JMeterThread: Stopping: MainUserLoad 1-482
2026-03-25 09:08:29,425 WARN o.a.j.t.JMeterThread: Interrupting: MainUserLoad 1-482 sampler: 03 - HTTP POST Request: Visits
2026-03-25 09:08:29,425 INFO o.a.j.t.JMeterThread: Stopping: MainUserLoad 1-714
2026-03-25 09:08:29,425 WARN o.a.j.t.JMeterThread: Interrupting: MainUserLoad 1-714 sampler: 03 - HTTP POST Request: Visits
2026-03-25 09:08:29,425 INFO o.a.j.t.JMeterThread: Stopping: MainUserLoad 1-451
2026-03-25 09:08:29,425 WARN o.a.j.t.JMeterThread: Interrupting: MainUserLoad 1-451 sampler: 03 - HTTP POST Request: Visits
2026-03-25 09:08:29,426 INFO o.a.j.t.JMeterThread: Thread finished: MainUserLoad 1-261
2026-03-25 09:08:29,427 INFO o.a.j.t.JMeterThread: Thread finished: MainUserLoad 1-334
2026-03-25 09:08:29,427 INFO o.a.j.t.JMeterThread: Thread finished: MainUserLoad 1-631
2026-03-25 09:08:29,427 INFO o.a.j.t.JMeterThread: Thread finished: MainUserLoad 1-432
2026-03-25 09:08:29,428 INFO o.a.j.t.JMeterThread: Thread finished: MainUserLoad 1-308
2026-03-25 09:08:29,428 INFO o.a.j.t.JMeterThread: Thread finished: MainUserLoad 1-561
2026-03-25 09:08:29,429 INFO o.a.j.t.JMeterThread: Thread finished: MainUserLoad 1-914
2026-03-25 09:08:29,429 INFO o.a.j.t.JMeterThread: Thread finished: MainUserLoad 1-219
2026-03-25 09:08:29,429 INFO o.a.j.t.JMeterThread: Thread finished: MainUserLoad 1-88
2026-03-25 09:08:29,429 INFO o.a.j.t.JMeterThread: Thread finished: MainUserLoad 1-853
2026-03-25 09:08:29,430 INFO o.a.j.t.JMeterThread: Thread finished: MainUserLoad 1-350
2026-03-25 09:08:29,430 INFO o.a.j.t.JMeterThread: Thread finished: MainUserLoad 1-142
2026-03-25 09:08:29,430 INFO o.a.j.t.JMeterThread: Thread finished: MainUserLoad 1-563
2026-03-25 09:08:29,431 INFO o.a.j.t.JMeterThread: Thread finished: MainUserLoad 1-736
2026-03-25 09:08:29,431 INFO o.a.j.t.JMeterThread: Thread finished: MainUserLoad 1-594
2026-03-25 09:08:29,431 INFO o.a.j.t.JMeterThread: Thread finished: MainUserLoad 1-830
2026-03-25 09:08:29,431 INFO o.a.j.t.JMeterThread: Thread finished: MainUserLoad 1-744
2026-03-25 09:08:29,432 INFO o.a.j.t.JMeterThread: Thread finished: MainUserLoad 1-623
2026-03-25 09:08:29,432 INFO o.a.j.t.JMeterThread: Thread finished: MainUserLoad 1-482
2026-03-25 09:08:29,432 INFO o.a.j.t.JMeterThread: Thread finished: MainUserLoad 1-714
2026-03-25 09:08:29,432 INFO o.a.j.t.JMeterThread: Thread finished: MainUserLoad 1-789
2026-03-25 09:08:29,432 INFO o.a.j.t.JMeterThread: Thread finished: MainUserLoad 1-451
2026-03-25 09:08:29,432 INFO o.a.j.t.JMeterThread: Thread finished: MainUserLoad 1-632
2026-03-25 09:08:29,437 INFO o.a.j.e.StandardJMeterEngine: Notifying test listeners of end of test
2026-03-25 09:08:29,440 INFO o.a.j.g.u.JMeterMenuBar: setRunning(false, *local*)
